event_id,pais,liga,tourney_id,tourney_name,tourney_season,tourney_date,round,round_number,home_team_id,home_team_name,away_team_id,away_team_name,home_goals,away_goals,home_ht_goals,away_ht_goals,home_et_goals,away_et_goals,home_pen_goals,away_pen_goals,result,scrape_date,ALL_ball_possession_home,ALL_ball_possession_away,ALL_expected_goals_home,ALL_expected_goals_away,ALL_big_chances_home,ALL_big_chances_away,ALL_total_shots_home,ALL_total_shots_away,ALL_goalkeeper_saves_home,ALL_goalkeeper_saves_away,ALL_corner_kicks_home,ALL_corner_kicks_away,ALL_fouls_home,ALL_fouls_away,ALL_passes_home,ALL_passes_away,ALL_yellow_cards_home,ALL_yellow_cards_away,ALL_shots_on_target_home,ALL_shots_on_target_away,ALL_offsides_home,ALL_offsides_away,ALL_accurate_passes_home,ALL_accurate_passes_away,ALL_red_cards_home,ALL_red_cards_away
16138826,Algeria,Ligue 1,841,Ligue 1,,2026-05-25,Unknown,,42207,CR Belouizdad,133444,ES Ben Aknoun,3,1,0,0,,,,,H,2026-06-24,100%,0%,,,,,,,,,,,,,,,,,,,,,,,,
16208839,Algeria,Ligue 1,841,Ligue 1,,2026-05-25,Unknown,,238384,USM Khenchela,42206,USM Alger,2,1,0,0,,,,,H,2026-06-24,0%,0%,,,,,,,,,3,5,16,9,,,2,1,3,3,,,,,1,0
14023959,England,Premier League,17,Premier League,,2026-05-25,Unknown,,30,Brighton & Hove Albion,35,Manchester United,0,3,0,0,,,,,A,2026-06-24,51%,49%,0.57,0.47,0,2,9,8,4,2,0,2,3,6,208,211,0,0,2,5,1,0,175,169,,
14023960,England,Premier League,17,Premier League,,2026-05-25,Unknown,,6,Burnley,3,Wolverhampton,1,1,0,0,,,,,D,2026-06-24,68%,32%,0.66,0.64,2,2,11,8,1,5,4,1,4,3,291,129,1,1,6,1,0,3,252,94,,
14023963,England,Premier League,17,Premier League,,2026-05-25,Unknown,,7,Crystal Palace,42,Arsenal,1,2,0,0,,,,,A,2026-06-24,42%,58%,0.93,1.36,2,4,7,8,2,1,2,4,5,7,142,203,0,1,2,3,1,0,109,178,,
14023965,England,Premier League,17,Premier League,,2026-05-25,Unknown,,43,Fulham,39,Newcastle United,2,0,0,0,,,,,H,2026-06-24,41%,59%,0.69,0.18,1,0,12,5,0,2,3,4,10,1,185,260,2,2,3,0,1,0,154,234,,
14023962,England,Premier League,17,Premier League,,2026-05-25,Unknown,,44,Liverpool FC,50,Brentford,1,1,0,0,,,,,D,2026-06-24,59%,41%,2.21,0.88,3,2,11,9,0,4,6,1,6,7,233,156,2,3,5,1,1,0,205,126,,
14023961,England,Premier League,17,Premier League,,2026-05-25,Unknown,,17,Manchester City,40,Aston Villa,1,2,0,0,,,,,A,2026-06-24,47%,53%,0.15,1.77,1,4,4,12,3,0,2,4,7,0,205,225,1,0,1,5,1,1,180,204,,
14023964,England,Premier League,17,Premier League,,2026-05-25,Unknown,,14,Nottingham Forest,60,Bournemouth,1,1,0,0,,,,,D,2026-06-24,39%,61%,0.69,0.57,3,1,5,8,3,0,3,2,7,3,159,259,1,0,1,4,2,0,117,221,,
14023966,England,Premier League,17,Premier League,,2026-05-25,Unknown,,41,Sunderland,38,Chelsea,2,1,0,0,,,,,H,2026-06-24,40%,60%,1.39,0.11,2,0,11,4,1,3,2,2,5,9,146,223,4,5,3,2,2,1,109,182,0,1
14023967,England,Premier League,17,Premier League,,2026-05-25,Unknown,,33,Tottenham Hotspur,48,Everton,1,0,0,0,,,,,H,2026-06-24,36%,64%,0.18,0.25,1,0,6,5,1,1,3,5,8,9,152,262,3,1,1,1,,,121,224,,
14023968,England,Premier League,17,Premier League,,2026-05-25,Unknown,,37,West Ham United,34,Leeds United,3,0,0,0,,,,,H,2026-06-24,34%,66%,1.50,0.53,3,0,9,7,2,2,4,3,7,4,119,248,0,1,5,2,0,0,81,199,,
16199215,England,"League One, Playoffs",24,"League One, Playoffs",,2026-05-25,Unknown,,5,Bolton Wanderers,10,Stockport County,4,1,0,0,,,,,H,2026-06-24,58%,42%,1.89,0.38,3,1,12,3,1,4,3,1,5,6,178,127,0,2,6,1,0,2,150,84,0,1
16189253,England,"League Two, Playoffs",25,"League Two, Playoffs",,2026-05-25,Unknown,,56,Notts County,37998,Salford City,3,0,0,0,,,,,H,2026-06-24,55%,45%,1.03,0.62,1,2,4,5,2,2,2,1,3,11,177,141,1,1,3,2,0,0,136,107,,
16198893,Argentina,"Liga Profesional de Fútbol, Apertura Playoffs",155,"Liga Profesional de Fútbol, Apertura Playoffs",,2026-05-25,Unknown,,3211,River Plate,3203,Club Atlético Belgrano,2,3,0,0,,,,,A,2026-06-24,52%,48%,0.33,1.36,1,2,4,8,1,1,3,3,5,4,146,134,1,3,2,3,1,2,103,103,,
15275633,Argentina,Primera B Nacional,703,Primera B Nacional,,2026-05-25,Unknown,,93109,Deportivo Morón,93107,Estudiantes de Buenos Aires,2,0,0,0,,,,,H,2026-06-24,59%,41%,2.01,0.33,,,15,6,1,1,5,1,13,12,340,222,2,5,3,1,4,3,265,155,0,2
15275647,Argentina,Primera B Nacional,703,Primera B Nacional,,2026-05-25,Unknown,,3214,Club Atlético Chacarita Juniors,4938,Almagro,1,0,0,0,,,,,H,2026-06-24,61%,39%,1.30,0.39,,,12,5,2,3,5,5,14,20,347,208,1,1,4,2,5,2,278,136,0,0
15275644,Argentina,Primera B Nacional,703,Primera B Nacional,,2026-05-25,Unknown,,265787,Agropecuario Argentino,4936,Quilmes Atlético Club,0,0,0,0,,,,,D,2026-06-24,55%,45%,0.80,1.61,,,17,14,5,3,6,6,12,10,404,297,4,3,3,5,1,3,287,210,0,0
15275638,Argentina,Primera B Nacional,703,Primera B Nacional,,2026-05-25,Unknown,,252726,Chaco For Ever,222120,Deportivo Madryn,1,2,0,0,,,,,A,2026-06-24,63%,37%,0.80,0.36,,,13,5,0,4,4,0,15,13,379,194,4,0,3,1,7,0,299,127,1,0
15275632,Argentina,Primera B Nacional,703,Primera B Nacional,,2026-05-25,Unknown,,6074,Godoy Cruz,36834,All Boys,4,0,0,0,,,,,H,2026-06-24,60%,40%,1.82,0.25,,,15,13,2,5,2,5,12,14,402,282,1,2,9,1,2,2,328,199,0,0
15275634,Argentina,Primera B Nacional,703,Primera B Nacional,,2026-05-25,Unknown,,3207,Club Atletico Colón,255425,CA Mitre,1,1,0,0,,,,,D,2026-06-24,57%,43%,1.81,0.63,,,16,8,4,5,7,4,6,10,407,334,1,3,6,5,1,0,315,247,0,0
15275641,Argentina,Primera B Nacional,703,Primera B Nacional,,2026-05-25,Unknown,,222126,Gimnasia y Tiro de Salta,5292,Gimnasia Jujuy,1,1,0,0,,,,,D,2026-06-24,47%,53%,1.10,0.55,,,9,12,3,4,0,8,17,12,271,294,3,1,5,4,1,0,203,220,0,0
15275646,Argentina,Primera B Nacional,703,Primera B Nacional,,2026-05-25,Unknown,,224646,Güemes,43741,Patronato,1,0,0,0,,,,,H,2026-06-24,48%,52%,1.26,0.69,,,10,8,1,3,4,2,13,10,409,361,2,1,4,1,2,1,307,274,0,0
15275642,Argentina,Primera B Nacional,703,Primera B Nacional,,2026-05-25,Unknown,,23950,San Martín de Tucumán,53799,Atlanta,0,1,0,0,,,,,A,2026-06-24,51%,49%,0.93,0.38,,,11,2,1,3,8,3,19,18,289,276,4,2,3,2,2,3,206,198,1,0
14083735,Spain,LaLiga,8,LaLiga,,2026-05-25,Unknown,,2819,Villarreal,2836,Atlético Madrid,5,1,0,0,,,,,H,2026-06-24,51%,49%,0.55,0.24,2,1,3,3,1,1,1,4,2,6,251,228,0,0,2,1,0,1,212,199,,
14081770,Spain,LaLiga 2,54,LaLiga 2,,2026-05-25,Unknown,,2848,Albacete Balompié,24360,Real Sociedad B U21,3,1,0,0,,,,,H,2026-06-24,40%,60%,2.23,0.95,2,1,13,4,0,0,3,2,6,5,153,241,1,0,1,1,0,1,120,204,,
14081780,Spain,LaLiga 2,54,LaLiga 2,,2026-05-25,Unknown,,324871,FC Andorra,2869,AD Ceuta,0,2,0,0,,,,,A,2026-06-24,47%,53%,0.89,0.24,0,0,6,2,0,0,2,0,10,13,156,176,5,2,0,1,3,1,129,144,0,0
14081781,Spain,LaLiga 2,54,LaLiga 2,,2026-05-25,Unknown,,2868,Cultural Leonesa,2854,Burgos Club de Fútbol,0,2,0,0,,,,,A,2026-06-24,78%,22%,1.17,2.21,1,1,12,4,1,2,6,0,5,10,244,64,4,3,2,1,0,2,221,42,,
14081774,Spain,LaLiga 2,54,LaLiga 2,,2026-05-25,Unknown,,4488,Cádiz,2845,Leganés,3,0,0,0,,,,,H,2026-06-24,31%,69%,1.65,1.33,2,0,8,7,3,0,1,6,9,7,103,222,4,3,2,3,0,2,70,189,,
14081782,Spain,LaLiga 2,54,LaLiga 2,,2026-05-25,Unknown,,2839,Eibar,2850,Córdoba,2,0,0,0,,,,,H,2026-06-24,35%,65%,0.83,1.57,0,2,5,13,4,0,1,7,7,7,138,248,2,2,0,4,1,0,104,220,,
14081772,Spain,LaLiga 2,54,LaLiga 2,,2026-05-25,Unknown,,24265,Huesca,5067,CD Castellón,0,1,0,0,,,,,A,2026-06-24,43%,57%,0.99,3.06,0,1,4,11,4,2,1,3,7,5,151,209,4,0,2,6,0,1,104,166,,
14081773,Spain,LaLiga 2,54,LaLiga 2,,2026-05-25,Unknown,,6577,Las Palmas,2815,Real Zaragoza,1,1,0,0,,,,,D,2026-06-24,59%,41%,1.90,0.69,3,3,6,7,0,3,3,4,4,7,258,173,0,3,3,1,2,0,209,129,,
14081779,Spain,LaLiga 2,54,LaLiga 2,,2026-05-25,Unknown,,35092,Mirandés,33779,Granada,3,1,0,0,,,,,H,2026-06-24,27%,73%,2.57,1.40,0,2,6,7,3,1,1,4,7,5,101,260,1,3,2,3,,,73,236,,
14081775,Spain,LaLiga 2,54,LaLiga 2,,2026-05-25,Unknown,,2830,Málaga CF,2835,Real Racing Club,1,1,0,0,,,,,D,2026-06-24,39%,61%,1.87,1.68,1,1,10,12,2,1,2,5,5,9,159,250,1,3,2,5,3,0,132,219,,
14081778,Spain,LaLiga 2,54,LaLiga 2,,2026-05-25,Unknown,,2831,Real Valladolid,2832,Deportivo de La Coruña,0,2,0,0,,,,,A,2026-06-24,57%,43%,1.63,0.59,1,0,6,4,0,1,4,3,9,2,222,171,3,1,1,0,0,0,195,136,1,0
14081783,Spain,LaLiga 2,54,LaLiga 2,,2026-05-25,Unknown,,2852,Sporting Gijón,2858,Almería,3,1,0,0,,,,,H,2026-06-24,27%,73%,2.89,1.82,2,3,4,14,5,2,3,5,10,9,97,262,4,3,2,6,0,1,56,225,,
14102787,Spain,"Primera Federacion, Group 2",17073,"Primera Federacion, Group 2",,2026-05-25,Unknown,,4487,Real Murcia,47321,CD Eldense,3,0,0,0,,,,,H,2026-06-24,51%,49%,2.99,0.84,,,17,8,2,7,4,2,13,8,431,464,1,2,10,2,0,1,377,411,0,0
16206946,Austria,"Austrian Bundesliga, Europa League Playoffs",45,"Austrian Bundesliga, Europa League Playoffs",,2026-05-25,Unknown,,2055,SK Rapid Wien,2049,SV Ried,3,0,0,0,,,,,H,2026-06-24,50%,50%,1.18,0.41,1,1,10,2,0,3,3,1,3,4,160,161,1,0,6,0,1,1,133,127,,
16199179,Bahrain,"Premier League, Rel/Prom Playoffs",846,"Premier League, Rel/Prom Playoffs",,2026-05-25,Unknown,,190807,Budaiya,45475,Al Najma,0,3,0,0,,,,,A,2026-06-24,,,,,,,,,,,,,,,,,,,,,,,,,,
16199175,Bahrain,"Premier League, Rel/Prom Playoffs",846,"Premier League, Rel/Prom Playoffs",,2026-05-25,Unknown,,45478,Manama,213231,Al Ettihad,3,0,0,0,,,,,H,2026-06-24,,,,,,,,,,,,,,,,,,,,,,,,,,
15858582,Belgium,"Pro League, Championship Round",38,"Pro League, Championship Round",,2026-05-25,Unknown,,2888,Club Brugge KV,2903,KAA Gent,5,0,0,0,,,,,H,2026-06-24,60%,40%,1.28,0.48,1,0,12,7,1,2,4,6,3,6,251,166,0,1,4,1,,,236,145,,
15858574,Belgium,"Pro League, Championship Round",38,"Pro League, Championship Round",,2026-05-25,Unknown,,4860,Royale Union Saint-Gilloise,2900,RSC Anderlecht,5,1,0,0,,,,,H,2026-06-24,73%,27%,0.71,0.72,2,1,8,4,0,2,2,0,7,5,301,114,2,1,3,1,1,0,278,78,0,1
15858569,Belgium,"Pro League, Championship Round",38,"Pro League, Championship Round",,2026-05-25,Unknown,,2895,Sint-Truidense VV,5044,KV Mechelen,3,0,0,0,,,,,H,2026-06-24,44%,56%,0.73,0.20,1,0,4,3,0,0,2,1,2,2,145,180,2,1,1,0,3,0,115,136,,
15942028,Bolivia,División Profesional,16736,División Profesional,,2026-05-25,Unknown,,47700,Nacional Potosí,423186,CDT Real Oruro,0,0,0,0,,,,,D,2026-06-24,,,,,,,,,,,,,,,,,,,,,,,,,,
15942030,Bolivia,División Profesional,16736,División Profesional,,2026-05-25,Unknown,,7059,Bolívar,47701,Guabirá,0,0,0,0,,,,,D,2026-06-24,,,,,,,,,,,,,,,,,,,,,,,,,,
15942031,Bolivia,División Profesional,16736,División Profesional,,2026-05-25,Unknown,,33714,Club Aurora,33820,Oriente Petrolero,0,0,0,0,,,,,D,2026-06-24,,,,,,,,,,,,,,,,,,,,,,,,,,
14115578,Bosnia & Herzegovina,WWIN Liga BiH,222,WWIN Liga BiH,,2026-05-25,Unknown,,5239,NK Široki Brijeg,6149,FK Radnik Bijeljina,4,0,0,0,,,,,H,2026-06-24,44%,56%,1.47,0.54,,,15,9,1,1,3,1,17,8,356,388,3,2,5,1,3,3,308,338,0,0
14115574,Bosnia & Herzegovina,WWIN Liga BiH,222,WWIN Liga BiH,,2026-05-25,Unknown,,5237,FK Sarajevo,5240,FK Željezničar,1,0,0,0,,,,,H,2026-06-24,61%,39%,0.62,0.24,,,6,4,1,1,4,3,16,11,485,295,1,3,2,1,3,4,410,227,0,0
15235574,Brazil,Brasileirão Betano,325,Brasileirão Betano,,2026-05-25,Unknown,,1954,Cruzeiro,21845,Chapecoense,2,1,0,0,,,,,H,2026-06-24,62%,38%,1.60,0.57,1,2,9,8,3,1,5,2,5,10,197,118,1,2,2,4,0,2,175,97,,
15235582,Brazil,Brasileirão Betano,325,Brasileirão Betano,,2026-05-25,Unknown,,2012,Remo,1967,Athletico,1,2,0,0,,,,,A,2026-06-24,44%,56%,0.03,0.97,0,3,1,11,7,1,1,3,7,7,175,232,0,3,1,8,0,1,141,196,0,0
15235571,Brazil,Brasileirão Betano,325,Brasileirão Betano,,2026-05-25,Unknown,,1957,Corinthians,1977,Atlético Mineiro,1,0,0,0,,,,,H,2026-06-24,59%,41%,0.11,0.92,0,1,4,6,1,2,1,0,8,10,276,191,1,1,3,1,2,0,258,163,,
15235569,Brazil,Brasileirão Betano,325,Brasileirão Betano,,2026-05-25,Unknown,,1974,Vasco da Gama,1999,Red Bull Bragantino,0,3,0,0,,,,,A,2026-06-24,65%,35%,0.90,3.21,2,5,11,9,3,4,4,3,5,8,206,115,1,3,4,4,0,0,177,76,,
15235578,Brazil,Brasileirão Betano,325,Brasileirão Betano,,2026-05-25,Unknown,,1982,Coritiba,1955,Bahia,3,2,0,0,,,,,H,2026-06-24,39%,61%,0.61,0.53,2,0,6,7,0,2,2,4,6,9,150,231,0,2,5,1,1,0,120,188,,
15526102,Brazil,Brasileirão Série B,390,Brasileirão Série B,,2026-05-25,Unknown,,7314,Atlético Goianiense,47504,São Bernardo,0,1,0,0,,,,,A,2026-06-24,51%,49%,0.44,1.74,1,2,7,9,4,0,3,3,8,9,219,210,0,2,0,5,0,1,184,181,,
15526105,Brazil,Brasileirão Série B,390,Brasileirão Série B,,2026-05-25,Unknown,,22032,Clube De Regatas Brasil,1969,Ponte Preta,4,2,0,0,,,,,H,2026-06-24,54%,46%,1.61,0.27,1,0,19,6,2,5,7,4,9,2,190,161,12,0,8,2,0,2,160,133,,
15526099,Brazil,Brasileirão Série B,390,Brasileirão Série B,,2026-05-25,Unknown,,1973,América Mineiro,2021,Vila Nova FC,1,2,0,0,,,,,A,2026-06-24,50%,50%,0.62,0.50,1,1,6,6,1,1,1,2,8,12,222,224,2,3,1,3,1,0,182,184,,
15526103,Brazil,Brasileirão Série B,390,Brasileirão Série B,,2026-05-25,Unknown,,7315,Avaí,1960,Goiás,0,2,0,0,,,,,A,2026-06-24,29%,71%,0.44,2.07,1,4,5,9,6,1,1,3,3,9,141,344,1,2,1,8,0,2,112,314,0,0
15526100,Brazil,Brasileirão Série B,390,Brasileirão Série B,,2026-05-25,Unknown,,39634,Operário-PR,1984,Criciúma,1,1,0,0,,,,,D,2026-06-24,49%,51%,0.76,0.59,1,1,12,7,2,3,6,3,8,12,168,175,0,1,5,3,0,0,125,136,,
15526097,Brazil,Brasileirão Série B,390,Brasileirão Série B,,2026-05-25,Unknown,,1979,Botafogo-SP,342775,Athletic Club,1,2,0,0,,,,,A,2026-06-24,73%,27%,1.27,0.12,4,0,9,2,0,3,4,1,6,9,235,88,1,2,4,1,1,1,190,53,,
15617639,Brazil,Brasileirão Série C,1281,Brasileirão Série C,,2026-05-25,Unknown,,336664,Amazonas FC,35285,Ferroviária,1,2,0,0,,,,,A,2026-06-24,37%,63%,0.94,0.62,,,10,12,5,4,1,3,17,16,249,468,3,4,5,6,3,2,190,395,0,0
15617636,Brazil,Brasileirão Série C,1281,Brasileirão Série C,,2026-05-25,Unknown,,21884,Brusque,21872,Anápolis,1,0,0,0,,,,,H,2026-06-24,56%,44%,1.09,1.13,,,16,14,5,3,6,5,15,13,419,296,3,2,3,4,4,1,336,235,0,0
15617626,Brazil,Brasileirão Série C,1281,Brasileirão Série C,,2026-05-25,Unknown,,135526,Inter de Limeira,21853,AO Itabaiana,0,0,0,0,,,,,D,2026-06-24,61%,39%,1.07,0.26,,,17,9,2,3,8,3,23,16,413,252,1,3,3,2,2,2,341,187,0,0
15617633,Brazil,Brasileirão Série C,1281,Brasileirão Série C,,2026-05-25,Unknown,,2017,Confiança,1985,Figueirense,0,0,0,0,,,,,D,2026-06-24,54%,46%,1.26,0.30,,,14,10,2,6,9,2,15,10,407,335,0,2,5,2,1,3,328,266,0,0
15617637,Brazil,Brasileirão Série C,1281,Brasileirão Série C,,2026-05-25,Unknown,,6982,Volta Redonda,32766,Ypiranga FC,2,1,0,0,,,,,H,2026-06-24,45%,55%,1.20,1.58,,,13,21,8,3,4,7,15,17,375,453,4,1,5,9,2,2,315,384,0,0
15617641,Brazil,Brasileirão Série C,1281,Brasileirão Série C,,2026-05-25,Unknown,,2025,Ituano,49196,Botafogo-PB,1,0,0,0,,,,,H,2026-06-24,41%,59%,0.85,0.76,,,14,14,7,5,4,7,21,18,314,507,2,3,6,7,1,2,242,423,0,0
16029606,Bulgaria,"First Professional League, Championship Round",247,"First Professional League, Championship Round",,2026-05-25,Unknown,,252080,FC CSKA 1948 Sofia,3273,Levski Sofia,0,0,0,0,,,,,D,2026-06-24,37%,63%,0.56,0.68,,,7,12,5,1,3,5,7,12,265,552,3,2,1,5,0,0,201,478,0,0
16029609,Bulgaria,"First Professional League, Championship Round",247,"First Professional League, Championship Round",,2026-05-25,Unknown,,43840,Ludogorets,3275,CSKA Sofia,1,0,0,0,,,,,H,2026-06-24,50%,50%,0.67,1.42,,,10,19,8,1,8,5,5,12,361,423,2,1,2,8,0,4,284,348,0,0
16033942,Bulgaria,"First Professional League, Qualifying Round",247,"First Professional League, Qualifying Round",,2026-05-25,Unknown,,3280,Cherno More Varna,274971,Arda Kardzhali,2,3,0,0,,,,,A,2026-06-24,59%,41%,1.67,0.59,,,15,7,0,0,3,3,14,14,411,270,1,1,2,3,0,2,318,186,0,0
16033921,Bulgaria,"First Professional League, Qualifying Round",247,"First Professional League, Qualifying Round",,2026-05-25,Unknown,,3272,Lokomotiv Plovdiv,5241,Botev Plovdiv,2,1,0,0,,,,,H,2026-06-24,33%,67%,2.80,2.39,,,9,21,4,3,3,6,20,6,192,434,3,1,5,5,1,1,136,361,0,0
15502815,Canada,Canadian Premier League,13470,Canadian Premier League,,2026-05-25,Unknown,,342076,Atlético Ottawa,313716,Forge FC,2,1,0,0,,,,,H,2026-06-24,56%,44%,1.76,1.29,2,2,7,8,1,2,2,1,7,9,210,161,1,2,4,2,0,0,163,117,,
15502816,Canada,Canadian Premier League,13470,Canadian Premier League,,2026-05-25,Unknown,,309889,Cavalry FC,309888,Pacific FC,3,0,0,0,,,,,H,2026-06-24,43%,57%,2.18,0.64,3,0,13,3,0,1,4,3,8,3,168,226,2,0,4,0,,,137,196,,
16222858,Colombia,"Torneo DIMAYOR, Apertura, Final",1238,"Torneo DIMAYOR, Apertura, Final",,2026-05-25,Unknown,,6119,Real Cartagena,6114,Envigado FC,2,3,0,0,,,,,A,2026-06-24,65%,35%,0.91,2.75,,,13,14,1,1,6,2,8,15,487,321,1,3,3,4,2,0,414,256,0,0
16073315,Czech Republic,"Czech First League, Championship",172,"Czech First League, Championship",,2026-05-25,Unknown,,2218,AC Sparta Praha,2217,FC Hradec Králové,2,1,0,0,,,,,H,2026-06-24,67%,33%,0.53,0.23,1,0,7,3,0,2,4,1,5,10,200,100,0,3,3,0,2,0,181,78,,
16073312,Czech Republic,"Czech First League, Championship",172,"Czech First League, Championship",,2026-05-25,Unknown,,2205,FK Jablonec,2219,FC Slovan Liberec,2,1,0,0,,,,,H,2026-06-24,63%,37%,2.14,0.28,3,0,9,4,1,4,3,2,8,4,249,140,2,0,5,1,2,0,219,109,0,0
16073313,Czech Republic,"Czech First League, Championship",172,"Czech First League, Championship",,2026-05-25,Unknown,,2216,SK Slavia Praha,4502,FC Viktoria Plzeň,3,0,0,0,,,,,H,2026-06-24,38%,62%,0.11,0.22,0,0,2,6,2,0,2,5,6,5,140,225,0,0,0,2,0,1,98,189,,
15885990,Denmark,"Betinia Liga, Promotion Group",47,"Betinia Liga, Promotion Group",,2026-05-25,Unknown,,22162,Kolding IF,1371,Hillerød Fodbold,3,0,0,0,,,,,H,2026-06-24,47%,53%,1.47,1.09,3,0,4,7,2,1,1,6,7,5,197,216,1,1,3,2,1,2,154,180,,
15885984,Denmark,"Betinia Liga, Promotion Group",47,"Betinia Liga, Promotion Group",,2026-05-25,Unknown,,1305,Hvidovre,1287,Esbjerg FB,1,4,0,0,,,,,A,2026-06-24,59%,41%,1.89,2.88,1,4,6,11,4,0,1,4,5,5,210,145,3,1,1,7,1,0,166,108,,
15885987,Denmark,"Betinia Liga, Promotion Group",47,"Betinia Liga, Promotion Group",,2026-05-25,Unknown,,1756,Lyngby,1297,AC Horsens,0,2,0,0,,,,,A,2026-06-24,67%,33%,1.56,2.07,1,1,8,3,0,2,2,2,6,6,323,163,1,1,2,1,0,2,274,108,,
15886356,Denmark,"Betinia Liga, Relegation Round",47,"Betinia Liga, Relegation Round",,2026-05-25,Unknown,,36095,HB Køge,1392,Hobro,0,1,0,0,,,,,A,2026-06-24,78%,22%,0.75,0.89,0,1,5,3,0,2,4,0,6,7,311,98,1,1,2,0,1,0,272,59,,
15502570,Ecuador,"LigaPro Serie A, Primera Etapa",240,"LigaPro Serie A, Primera Etapa",,2026-05-25,Unknown,,21941,Técnico Universitario,388234,Leones del Norte,2,1,0,0,,,,,H,2026-06-24,35%,65%,3.34,0.65,5,1,13,6,1,6,3,1,5,4,128,241,0,0,6,2,1,1,99,198,,
15502567,Ecuador,"LigaPro Serie A, Primera Etapa",240,"LigaPro Serie A, Primera Etapa",,2026-05-25,Unknown,,5255,Emelec,6001,Macará,2,0,0,0,,,,,H,2026-06-24,36%,64%,1.05,0.61,0,0,2,10,2,0,2,2,6,3,134,224,1,1,0,2,2,0,90,170,,
15502563,Ecuador,"LigaPro Serie A, Primera Etapa",240,"LigaPro Serie A, Primera Etapa",,2026-05-25,Unknown,,213638,Delfín,5250,Barcelona SC Guayaquil,1,2,0,0,,,,,A,2026-06-24,40%,60%,1.10,1.76,1,1,5,11,3,2,0,5,8,3,122,171,2,1,2,5,0,7,71,123,,
15502568,Ecuador,"LigaPro Serie A, Primera Etapa",240,"LigaPro Serie A, Primera Etapa",,2026-05-25,Unknown,,5249,Aucas,33561,Manta FC,3,1,0,0,,,,,H,2026-06-24,62%,38%,1.82,0.49,1,0,6,1,0,3,5,1,7,4,319,202,0,2,4,0,1,1,285,168,,
16185595,Estonia,Premium Liiga,178,Premium Liiga,,2026-05-25,Unknown,,247090,Pärnu JK Vaprus,3342,FCI Levadia Tallinn,1,6,0,0,,,,,A,2026-06-24,47%,53%,1.66,2.18,,,10,24,4,2,1,14,7,7,386,448,1,1,3,8,2,1,318,378,0,0
15514268,Estonia,Esiliiga,678,Esiliiga,,2026-05-25,Unknown,,37534,FC Elva,7105,Tallinna Kalev,3,1,0,0,,,,,H,2026-06-24,41%,59%,2.83,0.63,,,17,7,1,4,4,4,11,9,256,393,2,0,7,2,2,1,163,295,0,0
15514269,Estonia,Esiliiga,678,Esiliiga,,2026-05-25,Unknown,,37528,Maardu Linnameeskond,42740,Tartu JK Welco,0,1,0,0,,,,,A,2026-06-24,42%,58%,0.69,1.14,,,9,14,4,1,3,5,16,12,320,382,3,1,1,4,1,0,237,311,0,0
15514270,Estonia,Esiliiga,678,Esiliiga,,2026-05-25,Unknown,,37570,Nõmme Kalju U21,36074,Flora Tallinn U21,0,0,0,0,,,,,D,2026-06-24,,,,,,,,,,,,,,,,,,,,,,,,,,
15514319,Estonia,Esiliiga,678,Esiliiga,,2026-05-25,Unknown,,36075,FCI Levadia Tallinn U21,383797,FC Nõmme United U21,4,2,0,0,,,,,H,2026-06-24,63%,37%,2.46,0.53,,,21,5,2,7,7,2,12,17,466,285,2,2,11,4,3,2,375,207,0,0
15481655,Finland,Ykkonen,22020,Ykkonen,,2026-05-25,Unknown,,283350,Inter Turku/2,22393,PK Keski-Uusimaa,2,1,0,0,,,,,H,2026-06-24,56%,44%,,,,,,,,,5,6,,,,,1,2,6,3,,,,,2,0
15481656,Finland,Ykkonen,22020,Ykkonen,,2026-05-25,Unknown,,41819,KuPS Akatemia,2250,RoPS,0,1,0,0,,,,,A,2026-06-24,59%,41%,,,,,,,,,1,8,,,,,1,0,3,6,,,,,0,0
16189996,France,"Ligue 2, Relegation/Promotion Playoffs",182,"Ligue 2, Relegation/Promotion Playoffs",,2026-05-25,Unknown,,1673,Stade Lavallois,4493,FC Rouen,1,0,0,0,,,,,H,2026-06-24,43%,57%,,,2,1,8,5,2,2,2,4,10,7,136,169,2,1,2,2,0,1,100,135,0,0
15388657,Georgia,Erovnuli Liga,704,Erovnuli Liga,,2026-05-25,Unknown,,5171,Dinamo Tbilisi,5419,FC Torpedo Kutaisi,0,1,0,0,,,,,A,2026-06-24,58%,42%,0.57,0.67,,,9,5,2,1,9,1,11,10,503,374,0,0,1,3,4,1,445,320,0,0
15388652,Georgia,Erovnuli Liga,704,Erovnuli Liga,,2026-05-25,Unknown,,36865,FC Gagra,33819,FC Dila Gori,2,0,0,0,,,,,H,2026-06-24,38%,62%,1.85,0.18,,,13,5,0,4,1,3,11,9,422,573,1,2,6,0,2,0,353,503,0,1
15388650,Georgia,Erovnuli Liga,704,Erovnuli Liga,,2026-05-25,Unknown,,44217,FC Samgurali Tskhaltubo,116312,FC Iberia 1999,3,2,0,0,,,,,H,2026-06-24,44%,56%,2.22,2.75,,,14,18,2,2,3,5,21,11,324,408,5,4,5,4,1,0,275,361,0,0
15388654,Georgia,Erovnuli Liga,704,Erovnuli Liga,,2026-05-25,Unknown,,37297,Dinamo Batumi,7703,FC Rustavi,1,0,0,0,,,,,H,2026-06-24,49%,51%,0.74,1.10,,,7,11,2,1,11,4,6,8,401,438,3,2,2,2,2,1,332,384,0,0
15388658,Georgia,Erovnuli Liga,704,Erovnuli Liga,,2026-05-25,Unknown,,307794,FC Spaeri,37305,Meshakhte Tkibuli,2,1,0,0,,,,,H,2026-06-24,56%,44%,1.30,1.52,,,8,10,3,4,7,3,13,16,509,346,2,4,5,4,0,0,456,298,0,0
16163444,Germany,"Bundesliga, Relegation/Promotion Playoffs",35,"Bundesliga, Relegation/Promotion Playoffs",,2026-05-25,Unknown,,2561,SC Paderborn 07,2524,VfL Wolfsburg,2,1,0,0,,,,,H,2026-06-24,41%,59%,,,0,0,3,6,2,0,1,1,3,2,47,66,1,1,0,2,0,0,26,45,0,0
15238098,Ireland,Premier Division,192,Premier Division,,2026-05-25,Unknown,,3170,Derry City,3174,Shelbourne,0,0,0,0,,,,,D,2026-06-24,77%,23%,0.63,0.00,2,0,6,1,0,0,3,4,5,2,288,91,1,1,0,1,1,2,230,39,,
15238097,Ireland,Premier Division,192,Premier Division,,2026-05-25,Unknown,,3173,Bohemian FC,3177,Shamrock Rovers,1,2,0,0,,,,,A,2026-06-24,45%,55%,0.83,1.33,1,1,11,8,3,1,1,2,5,7,177,218,2,3,1,5,0,2,142,172,,
13980074,Italy,Serie A,23,Serie A,,2026-05-25,Unknown,,2690,Parma,2793,Sassuolo,1,0,0,0,,,,,H,2026-06-24,53%,47%,0.46,0.21,1,1,7,3,0,1,1,1,5,6,211,187,0,0,2,0,1,1,175,149,,
13980061,Italy,Serie A,23,Serie A,,2026-05-25,Unknown,,2714,SSC Napoli,2695,Udinese,1,0,0,0,,,,,H,2026-06-24,67%,33%,0.58,0.15,1,0,7,5,0,2,0,2,1,6,344,165,0,3,2,1,3,0,317,127,0,1
13980071,Italy,Serie A,23,Serie A,,2026-05-25,Unknown,,2692,AC Milan,2719,Cagliari,1,2,0,0,,,,,A,2026-06-24,57%,43%,0.71,1.90,1,3,10,15,6,0,3,3,3,7,232,178,2,1,0,6,3,0,197,152,,
13980070,Italy,Serie A,23,Serie A,,2026-05-25,Unknown,,2761,Cremonese,2704,Como,1,4,0,0,,,,,A,2026-06-24,30%,70%,1.06,1.41,1,2,6,6,1,0,2,2,8,3,84,205,3,1,1,4,0,2,63,187,3,0
13980064,Italy,Serie A,23,Serie A,,2026-05-25,Unknown,,2701,Hellas Verona,2702,AS Roma,0,2,0,0,,,,,A,2026-06-24,42%,58%,0.09,2.96,0,5,3,11,4,0,3,2,4,5,159,227,2,1,0,6,0,1,117,195,1,0
13980066,Italy,Serie A,23,Serie A,,2026-05-25,Unknown,,2689,Lecce,2713,Genoa,1,0,0,0,,,,,H,2026-06-24,28%,72%,0.64,0.43,2,1,3,5,1,0,0,4,5,3,107,270,1,0,0,1,2,0,75,236,,
13980077,Italy,Serie A,23,Serie A,,2026-05-25,Unknown,,2696,Torino,2687,Juventus,2,2,0,0,,,,,D,2026-06-24,53%,47%,0.52,0.62,2,2,6,7,2,3,4,3,7,7,200,172,1,2,5,3,,,158,136,,
16211461,Italy,"Serie B, Promotion Playoffs",53,"Serie B, Promotion Playoffs",,2026-05-25,Unknown,,2796,Catanzaro,2729,Monza,0,2,0,0,,,,,A,2026-06-24,59%,41%,0.77,0.61,1,1,8,3,0,1,4,5,9,8,229,152,2,2,1,2,2,0,208,122,,
16215539,Jamaica,"Premier League, Playoffs",1892,"Premier League, Playoffs",,2026-05-25,Unknown,,173724,Montego Bay United FC,298573,Mount Pleasant FA,2,3,0,0,,,,,A,2026-06-24,,,,,,,,,,,,,,,,,,,,,,,,,,
16222740,Jamaica,"Premier League, Playoffs",1892,"Premier League, Playoffs",,2026-05-25,Unknown,,173720,Cavalier FC,124528,Portmore United FC,5,7,0,0,,,,,A,2026-06-24,,,,,,,,,,,,,,,,,,,,,,,,,,
15472489,Latvia,Virsliga,197,Virsliga,,2026-05-25,Unknown,,162368,Riga FC,282126,SK Super Nova,3,0,0,0,,,,,H,2026-06-24,63%,37%,1.55,1.03,,,14,10,2,1,1,8,12,8,497,271,4,1,4,2,1,2,441,212,0,0
15472490,Latvia,Virsliga,197,Virsliga,,2026-05-25,Unknown,,477400,Ogre United,52220,FK Grobiņa,1,1,0,0,,,,,D,2026-06-24,41%,59%,0.68,1.32,,,5,16,5,1,3,9,18,20,242,403,5,3,2,6,0,0,156,313,1,0
15472491,Latvia,Virsliga,197,Virsliga,,2026-05-25,Unknown,,68718,RFS,36080,FK Tukums 2000,3,1,0,0,,,,,H,2026-06-24,63%,37%,2.25,1.60,,,13,7,3,2,12,0,11,6,546,319,3,1,5,4,2,5,482,246,0,0
15546907,Lithuania,TOPLYGA,198,TOPLYGA,,2026-05-25,Unknown,,192763,FK Panevėžys,35388,FK Banga Gargždai,1,0,0,0,,,,,H,2026-06-24,44%,56%,0.51,2.06,,,7,17,4,2,4,9,13,10,356,449,3,1,3,4,0,0,274,363,0,0
15546913,Lithuania,TOPLYGA,198,TOPLYGA,,2026-05-25,Unknown,,312564,Šiauliai FA,310557,FK Riteriai,2,0,0,0,,,,,H,2026-06-24,45%,55%,1.26,1.17,,,9,14,6,3,2,8,16,12,400,447,1,3,5,6,3,1,309,359,0,0
15260809,Norway,Eliteserien,20,Eliteserien,,2026-05-25,Unknown,,656,Bodø/Glimt,1159,SK Brann,3,1,0,0,,,,,H,2026-06-24,61%,39%,1.55,0.03,2,0,5,1,0,3,4,1,3,5,300,189,0,1,4,0,1,0,266,149,,
15260807,Norway,Eliteserien,20,Eliteserien,,2026-05-25,Unknown,,957,Kristiansund BK,1164,Viking FK,1,2,0,0,,,,,A,2026-06-24,68%,32%,0.37,0.13,1,1,10,1,0,1,2,1,2,9,368,174,2,4,1,1,0,0,323,123,,
15260813,Norway,Eliteserien,20,Eliteserien,,2026-05-25,Unknown,,667,IK Start,1165,Vålerenga IF,2,0,0,0,,,,,H,2026-06-24,29%,71%,0.51,0.63,1,0,5,11,0,0,3,7,3,5,113,253,1,0,0,0,0,0,64,212,,
15260823,Norway,Eliteserien,20,Eliteserien,,2026-05-25,Unknown,,666,HamKam,664,Lillestrøm SK,2,0,0,0,,,,,H,2026-06-24,38%,62%,1.01,0.92,1,2,10,8,2,6,3,6,6,4,156,253,2,0,7,2,0,0,121,218,,
15260831,Norway,Eliteserien,20,Eliteserien,,2026-05-25,Unknown,,786,KFUM Oslo,1161,Rosenborg BK,2,0,0,0,,,,,H,2026-06-24,31%,69%,0.60,0.74,2,0,3,11,1,1,1,2,8,1,154,344,2,0,2,1,1,0,107,296,,
15260808,Norway,Eliteserien,20,Eliteserien,,2026-05-25,Unknown,,822,Sarpsborg 08,661,Molde FK,2,1,0,0,,,,,H,2026-06-24,23%,77%,0.11,0.56,0,1,2,10,4,0,0,3,9,2,102,350,1,0,1,4,1,0,67,319,,
15260814,Norway,Eliteserien,20,Eliteserien,,2026-05-25,Unknown,,660,Tromsø IL,677,Aalesunds FK,1,1,0,0,,,,,D,2026-06-24,65%,35%,0.41,0.75,0,0,6,9,1,2,3,6,4,6,311,163,1,1,3,2,2,0,265,128,,
15260811,Norway,Eliteserien,20,Eliteserien,,2026-05-25,Unknown,,676,Sandefjord Fotball,687,Fredrikstad FK,1,1,0,0,,,,,D,2026-06-24,39%,61%,0.39,0.86,0,1,4,8,4,1,1,1,8,11,155,240,2,3,2,5,1,1,105,201,,
15265787,Norway,1st Division,22,1st Division,,2026-05-25,Unknown,,673,Haugesund,662,Moss FK,3,1,0,0,,,,,H,2026-06-24,58%,42%,2.11,0.71,,,20,11,3,2,9,11,10,9,508,368,1,1,5,4,5,4,423,270,0,0
15265788,Norway,1st Division,22,1st Division,,2026-05-25,Unknown,,680,Hødd IL,920,Egersund,3,1,0,0,,,,,H,2026-06-24,47%,53%,3.59,1.22,,,14,10,1,3,4,6,10,12,461,600,2,1,6,2,2,2,389,492,0,0
15265789,Norway,1st Division,22,1st Division,,2026-05-25,Unknown,,657,Lyn FK,885,Strømmen IF,1,0,0,0,,,,,H,2026-06-24,55%,45%,0.25,2.12,,,3,18,3,0,2,4,8,10,572,390,1,0,0,3,0,3,485,300,0,0
15265790,Norway,1st Division,22,1st Division,,2026-05-25,Unknown,,659,Odds BK,708,Ranheim IL,3,1,0,0,,,,,H,2026-06-24,49%,51%,3.13,1.13,,,17,9,3,3,10,6,16,9,413,431,2,0,6,4,4,1,333,355,0,0
15265791,Norway,1st Division,22,1st Division,,2026-05-25,Unknown,,929,Sandnes Ulf,665,Sogndal IL,2,0,0,0,,,,,H,2026-06-24,42%,58%,2.86,1.56,,,22,15,4,9,6,11,12,11,359,477,3,1,10,4,2,0,278,369,0,0
15265792,Norway,1st Division,22,1st Division,,2026-05-25,Unknown,,1162,Stabæk Fotball,672,Kongsvinger,2,0,0,0,,,,,H,2026-06-24,37%,63%,2.00,1.18,,,17,16,5,4,7,6,16,13,352,593,2,1,6,5,3,1,273,518,0,0
15265793,Norway,1st Division,22,1st Division,,2026-05-25,Unknown,,1163,Strømsgodset,663,Bryne FK,1,0,0,0,,,,,H,2026-06-24,51%,49%,0.83,1.26,,,18,12,4,4,3,7,12,5,478,414,2,1,5,4,0,1,405,333,0,0
15265794,Norway,1st Division,22,1st Division,,2026-05-25,Unknown,,682,Åsane,668,Raufoss,3,0,0,0,,,,,H,2026-06-24,64%,36%,2.62,1.31,,,21,11,2,5,5,5,9,9,610,291,0,1,8,2,0,2,528,214,0,0
16069443,Africa,"CAF Champions League, Knockout stage",1054,"CAF Champions League, Knockout stage",,2026-05-25,Unknown,,24394,AS FAR Rabat,7665,Mamelodi Sundowns,1,1,0,0,,,,,D,2026-06-24,56%,44%,1.59,0.17,2,1,7,2,0,3,6,0,9,6,195,168,1,2,3,0,2,1,158,130,0,0
16223314,World,Club Friendly Games,853,Club Friendly Games,,2026-05-25,Unknown,,447090,CD Sant Jordi,263566,CD Serverense,5,0,0,0,,,,,H,2026-06-24,,,,,,,,,,,,,,,,,,,,,,,,,,
16227202,World,Club Friendly Games,853,Club Friendly Games,,2026-05-25,Unknown,,44477,NK Slavija Pleternica,5178,HŠK Zrinjski Mostar,1,2,0,0,,,,,A,2026-06-24,,,,,,,,,,,,,,,,,,,,,,,,,,
16230280,World,Club Friendly Games,853,Club Friendly Games,,2026-05-25,Unknown,,1230244,Vengchung,1230245,Thenzawl West,1,1,0,0,,,,,D,2026-06-24,,,,,,,,,,,,,,,,,,,,,,,,,,
16230206,World,Club Friendly Games,853,Club Friendly Games,,2026-05-25,Unknown,,1109504,Lula FC,1114190,Belen Arco Zaragoza,4,0,0,0,,,,,H,2026-06-24,,,,,,,,,,,,,,,,,,,,,,,,,,
16230207,World,Club Friendly Games,853,Club Friendly Games,,2026-05-25,Unknown,,1095964,Medellín City FC,1095961,CD Politécnico,2,0,0,0,,,,,H,2026-06-24,,,,,,,,,,,,,,,,,,,,,,,,,,
16236435,World,Club Friendly Games,853,Club Friendly Games,,2026-05-25,Unknown,,825130,Vaughan Azzurri B,1230747,North Mississauga II,3,1,0,0,,,,,H,2026-06-24,,,,,,,,,,,,,,,,,,,,,,,,,,
16236584,World,Club Friendly Games,853,Club Friendly Games,,2026-05-25,Unknown,,1230750,Bungtlang,1230751,Keitum,1,1,0,0,,,,,D,2026-06-24,,,,,,,,,,,,,,,,,,,,,,,,,,
16358731,World,Club Friendly Games,853,Club Friendly Games,,2026-05-25,Unknown,,2210,FC Zbrojovka Brno,76775,1. SK Prostějov,4,1,0,0,,,,,H,2026-06-24,,,,,,,,,,,,,,,,,,,,,,,,,,
16378490,World,Club Friendly Games,853,Club Friendly Games,,2026-05-25,Unknown,,5407,FK Sileks Kratovo,5217,Dinamo City,1,2,0,0,,,,,A,2026-06-24,,,,,,,,,,,,,,,,,,,,,,,,,,
16365001,World,Club Friendly Games,853,Club Friendly Games,,2026-05-25,Unknown,,3273,Levski Sofia,36941,FK Etar Veliko Tarnovo,6,0,0,0,,,,,H,2026-06-24,,,,,,,,,,,,,,,,,,,,,,,,,,
16147473,Peru,"Liga 1, Apertura",406,"Liga 1, Apertura",,2026-05-25,Unknown,,2302,Club Sporting Cristal,335557,Asociación Deportiva Tarma,2,1,0,0,,,,,H,2026-06-24,65%,35%,4.53,0.26,3,0,16,1,0,3,7,0,3,8,246,143,0,5,5,0,3,0,215,115,0,1
16147470,Peru,"Liga 1, Apertura",406,"Liga 1, Apertura",,2026-05-25,Unknown,,33895,Sport Huancayo,2301,Cienciano,2,2,0,0,,,,,D,2026-06-24,44%,56%,1.22,1.47,2,2,12,7,2,2,1,2,9,3,177,220,2,0,4,3,0,1,124,155,,
16147490,Peru,"Liga 1, Apertura",406,"Liga 1, Apertura",,2026-05-25,Unknown,,2307,Alianza Atlético de Sullana,1082002,FC Cajamarca,1,1,0,0,,,,,D,2026-06-24,60%,40%,2.18,1.19,2,1,15,5,1,5,2,0,6,7,199,139,1,1,5,1,1,0,167,101,,
16147472,Peru,"Liga 1, Apertura",406,"Liga 1, Apertura",,2026-05-25,Unknown,,213609,Comerciantes Unidos,458584,Deportivo Garcilaso,0,0,0,0,,,,,D,2026-06-24,65%,35%,2.02,0.51,4,0,15,5,0,5,5,0,8,7,196,115,1,2,6,0,0,1,152,67,,
15698595,Romania,"SuperLiga, Championship round",152,"SuperLiga, Championship round",,2026-05-25,Unknown,,295403,FC Rapid București,116223,Universitatea Craiova,0,0,0,0,,,,,D,2026-06-24,48%,52%,0.76,1.72,0,1,7,6,1,1,2,3,3,8,221,241,0,0,1,1,0,1,197,213,,
16205132,Romania,"SuperLiga, Relegation/Promotion Playoffs",152,"SuperLiga, Relegation/Promotion Playoffs",,2026-05-25,Unknown,,260356,FC Hermannstadt,44255,FC Voluntari,3,2,0,0,,,,,H,2026-06-24,,,1.69,0.66,,,10,8,2,2,4,7,12,6,,,4,4,5,4,1,2,,,0,0
16203912,Romania,"Super Liga, Europe Playoffs",152,"Super Liga, Europe Playoffs",,2026-05-25,Unknown,,3301,FCSB,24798,FC Botoșani,4,3,0,0,,,,,H,2026-06-24,63%,37%,3.98,1.79,0,0,4,1,0,1,1,0,2,3,85,45,0,0,2,0,0,0,64,28,,
16189849,Scotland,"Scottish Premiership, Relegation/Promotion",36,"Scottish Premiership, Relegation/Promotion",,2026-05-25,Unknown,,2359,St. Mirren,2358,Partick Thistle,1,0,0,0,,,,,H,2026-06-24,,,,,,,,,,,,,,,,,2,3,,,,,,,0,0
15403882,South Korea,K-League 2,777,K-League 2,,2026-05-25,Unknown,,314294,Paju Frontier FC,195172,Gimpo FC,0,1,0,0,,,,,A,2026-06-24,42%,58%,1.21,1.11,,,9,9,0,4,4,4,14,16,273,450,0,1,4,1,2,1,208,364,0,0
15403879,South Korea,K-League 2,777,K-League 2,,2026-05-25,Unknown,,7652,Suwon Samsung Bluewings,41263,Cheonan City FC,3,2,0,0,,,,,H,2026-06-24,57%,43%,2.36,0.55,,,17,6,2,3,8,2,9,11,446,367,0,3,6,4,0,0,393,302,0,0
15272427,Sweden,Allsvenskan,40,Allsvenskan,,2026-05-25,Unknown,,1758,Hammarby IF,1764,AIK,1,2,0,0,,,,,A,2026-06-24,48%,52%,2.03,1.42,1,2,8,8,1,0,2,2,5,10,217,239,1,4,1,3,1,0,190,198,,
15272440,Sweden,Allsvenskan,40,Allsvenskan,,2026-05-25,Unknown,,1793,IK Sirius,1786,GAIS,2,1,0,0,,,,,H,2026-06-24,35%,65%,1.83,1.79,1,2,4,3,1,2,2,2,6,9,165,304,0,1,2,1,1,2,125,256,1,0
15272432,Sweden,Allsvenskan,40,Allsvenskan,,2026-05-25,Unknown,,1892,Malmö FF,1775,Västerås SK,2,3,0,0,,,,,A,2026-06-24,66%,34%,1.34,0.90,1,3,5,6,0,1,1,3,10,9,291,156,3,1,1,1,3,1,236,107,,
16190070,Sweden,Allsvenskan,40,Allsvenskan,,2026-05-25,Unknown,,1762,IF Elfsborg,1760,BK Häcken,1,1,0,0,,,,,D,2026-06-24,35%,65%,1.26,2.28,1,2,7,10,1,4,1,2,8,3,160,290,1,2,5,1,0,1,119,257,,
15272426,Sweden,Allsvenskan,40,Allsvenskan,,2026-05-25,Unknown,,1761,IFK Göteborg,1783,Mjällby AIF,1,1,0,0,,,,,D,2026-06-24,49%,51%,2.61,2.23,5,5,11,8,3,5,0,1,9,4,194,210,5,3,6,3,0,2,157,173,,
15272292,Sweden,Superettan,46,Superettan,,2026-05-25,Unknown,,7101,Varbergs BoIS,1763,GIF Sundsvall,1,0,0,0,,,,,H,2026-06-24,44%,56%,1.76,0.78,,,14,12,3,4,6,7,10,8,290,405,2,2,5,3,1,2,222,325,0,0
15272283,Sweden,Superettan,46,Superettan,,2026-05-25,Unknown,,1844,Sandvikens IF,1772,Landskrona BoIS,0,1,0,0,,,,,A,2026-06-24,70%,30%,3.81,0.80,,,26,7,3,8,8,1,10,12,641,218,0,3,7,4,0,0,554,162,0,1
15272285,Sweden,Superettan,46,Superettan,,2026-05-25,Unknown,,1769,IFK Norrköping,1781,Östers IF,2,0,0,0,,,,,H,2026-06-24,56%,44%,3.28,1.17,,,26,11,5,9,5,5,10,12,482,391,4,2,11,5,2,1,409,318,0,0
15254033,Sweden,Damallsvenskan,214,Damallsvenskan,,2026-05-25,Unknown,,1889,BK Häcken FF,102033,Norrköping DFK,2,0,0,0,,,,,H,2026-06-24,65%,35%,2.14,1.09,,,19,8,0,5,6,6,11,15,437,252,0,1,7,0,1,0,366,169,0,0
15254038,Sweden,Damallsvenskan,214,Damallsvenskan,,2026-05-25,Unknown,,206340,Växjö DFF,61572,Vittsjö GIK,0,2,0,0,,,,,A,2026-06-24,64%,36%,1.71,0.72,,,16,8,2,5,7,4,10,12,464,256,0,2,5,4,1,4,368,160,0,0
16173132,Uruguay,"Liga AUF Uruguaya, Intermedio, Serie A",278,"Liga AUF Uruguaya, Intermedio, Serie A",,2026-05-25,Unknown,,22011,CA Cerro,3232,Central Español,1,0,0,0,,,,,H,2026-06-24,48%,52%,1.93,0.30,,,14,6,3,5,5,3,17,11,376,388,4,0,6,1,0,1,301,308,0,0
16173128,Uruguay,"Liga AUF Uruguaya, Intermedio, Serie A",278,"Liga AUF Uruguaya, Intermedio, Serie A",,2026-05-25,Unknown,,3229,Defensor Sporting,3227,Peñarol,0,2,0,0,,,,,A,2026-06-24,56%,44%,1.18,1.60,,,15,11,3,4,2,3,11,11,444,376,2,4,4,5,1,3,364,290,0,0
16173131,Uruguay,"Liga AUF Uruguaya, Intermedio, Serie B",278,"Liga AUF Uruguaya, Intermedio, Serie B",,2026-05-25,Unknown,,3240,Montevideo Wanderers,3234,Deportivo Maldonado,1,1,0,0,,,,,D,2026-06-24,50%,50%,1.19,0.83,,,13,18,6,3,5,6,14,13,350,376,2,3,4,7,3,2,271,289,0,0
15171588,USA,MLS,242,MLS,,2026-05-25,Unknown,,2504,Columbus Crew,243211,Atlanta United,2,0,0,0,,,,,H,2026-06-24,47%,53%,0.10,1.08,0,0,3,14,1,0,0,2,5,6,261,289,2,3,0,1,1,1,233,258,,
15171584,USA,MLS,242,MLS,,2026-05-25,Unknown,,337602,Inter Miami CF,39833,Philadelphia Union,6,4,0,0,,,,,H,2026-06-24,62%,38%,2.44,0.21,3,0,10,7,2,2,1,0,9,9,285,172,3,1,4,2,2,1,243,123,,
15171582,USA,MLS,242,MLS,,2026-05-25,Unknown,,274650,Los Angeles FC,22009,Seattle Sounders FC,1,0,0,0,,,,,H,2026-06-24,39%,61%,1.19,0.84,3,2,5,7,3,1,3,4,6,6,215,341,,,2,3,0,1,185,307,,
15285433,USA,"USL, League One",13362,"USL, League One",,2026-05-25,Unknown,,502354,Spokane Velocity FC,465623,Sarasota Paradise,1,0,0,0,,,,,H,2026-06-24,49%,51%,0.68,0.56,0,0,3,5,2,0,1,2,7,5,223,228,2,1,1,2,2,3,175,177,,
15388487,USA,NWSL,1690,NWSL,,2026-05-25,Unknown,,377826,Kansas City Current,151008,Portland Thorns FC,3,1,0,0,,,,,H,2026-06-24,44%,56%,2.87,1.38,3,0,8,9,3,4,1,5,4,2,165,206,,,6,3,0,1,118,153,,
15388489,USA,NWSL,1690,NWSL,,2026-05-25,Unknown,,505655,Bay FC,34714,Chicago Stars FC,0,1,0,0,,,,,A,2026-06-24,40%,60%,1.32,1.25,1,1,9,10,3,3,2,1,5,4,151,226,1,2,3,4,3,0,122,192,1,0
15388491,USA,NWSL,1690,NWSL,,2026-05-25,Unknown,,408170,San Diego Wave FC,215083,Orlando Pride,0,1,0,0,,,,,A,2026-06-24,57%,43%,2.28,1.28,0,1,9,6,0,2,2,1,9,9,241,186,0,2,2,0,0,1,202,145,,
16090438,Venezuela,"Primera Division, Apertura, Main Round, Group B",231,"Primera Division, Apertura, Main Round, Group B",,2026-05-25,Unknown,,6229,Carabobo FC,6231,Deportivo Táchira,1,1,0,0,,,,,D,2026-06-24,46%,54%,0.91,1.59,0,1,6,7,,,3,3,9,6,130,158,3,2,1,1,0,0,93,127,,
16090433,Venezuela,"Primera Division, Apertura, Main Round, Group B",231,"Primera Division, Apertura, Main Round, Group B",,2026-05-25,Unknown,,7745,Estudiantes de Mérida,162480,Metropolitanos,0,1,0,0,,,,,A,2026-06-24,71%,29%,1.40,0.78,1,1,7,4,1,1,4,1,10,6,200,84,4,0,1,1,0,0,160,47,2,0
15617643,Brazil,Brasileirão Série C,1281,Brasileirão Série C,,2026-05-26,Unknown,,1997,Paysandu SC,274286,Floresta,2,1,0,0,,,,,H,2026-06-24,58%,42%,1.45,1.02,,,17,11,2,4,5,5,18,19,320,234,4,5,6,3,3,2,235,143,0,0
16163443,Germany,"2. Bundesliga, Relegation/Promotion Playoffs",44,"2. Bundesliga, Relegation/Promotion Playoffs",,2026-05-26,Unknown,,2551,SpVgg Greuther Fürth,2562,Rot-Weiss Essen,2,0,0,0,,,,,H,2026-06-24,44%,56%,,,1,3,7,8,2,3,6,4,4,8,120,155,0,2,5,2,0,1,82,124,,
15186858,World,"FIFA World Cup, Group K",16,"FIFA World Cup, Group K",,2026-05-26,Unknown,,4704,Portugal,4723,Uzbekistan,5,0,0,0,,,,,H,2026-06-24,66%,34%,1.06,0.09,2,0,8,4,1,4,2,2,6,8,329,165,1,0,5,1,2,2,300,138,,
16357537,World,Club Friendly Games,853,Club Friendly Games,,2026-05-26,Unknown,,5241,Botev Plovdiv,45657,OFK Spartak Pleven,4,0,0,0,,,,,H,2026-06-24,,,,,,,,,,,,,,,,,,,,,,,,,,
16376588,World,Club Friendly Games,853,Club Friendly Games,,2026-05-26,Unknown,,5235,FK Borac Banja Luka,6224,FK Sutjeska Nikšić,1,0,0,0,,,,,H,2026-06-24,,,,,,,,,,,,,,,,,,,,,,,,,,
16378617,World,Club Friendly Games,853,Club Friendly Games,,2026-05-26,Unknown,,2424,NK Aluminij Kidričevo,5214,Pyunik Yerevan,2,2,0,0,,,,,D,2026-06-24,,,,,,,,,,,,,,,,,,,,,,,,,,
16376587,World,Club Friendly Games,853,Club Friendly Games,,2026-05-26,Unknown,,2416,NK Olimpija Ljubljana,5418,KF Vllaznia,4,0,0,0,,,,,H,2026-06-24,,,,,,,,,,,,,,,,,,,,,,,,,,
16378498,World,Club Friendly Games,853,Club Friendly Games,,2026-05-26,Unknown,,3349,Gomel,7639,Enisey Krasnoyarsk,0,0,0,0,,,,,D,2026-06-24,,,,,,,,,,,,,,,,,,,,,,,,,,
16233432,South Africa,"Premier League, Relegation/Promotion Playoffs",358,"Premier League, Relegation/Promotion Playoffs",,2026-05-27,Unknown,,229679,Cape Town City FC,215399,Milford FC,0,1,0,0,,,,,A,2026-06-24,,,,,,,,,,,,,,,,,,,,,,,,,,
15943831,Argentina,Primera B,1347,Primera B,,2026-05-27,Unknown,,112505,CSD Flandria,3221,Arsenal de Sarandí,0,0,0,0,,,,,D,2026-06-24,,,,,,,,,,,,,,,,,,,,,,,,,,
15943837,Argentina,Primera B,1347,Primera B,,2026-05-27,Unknown,,270405,CS Dock Sud,266250,Real Pilar,2,0,0,0,,,,,H,2026-06-24,,,,,,,,,,,,,,,,,,,,,,,,,,
15943834,Argentina,Primera B,1347,Primera B,,2026-05-27,Unknown,,253807,Camioneros,107199,Villa San Carlos,3,0,0,0,,,,,H,2026-06-24,,,,,,,,,,,,,,,,,,,,,,,,,,
15943836,Argentina,Primera B,1347,Primera B,,2026-05-27,Unknown,,107201,Brown de Adrogué,201162,Talleres Remedios de Escalada,1,2,0,0,,,,,A,2026-06-24,,,,,,,,,,,,,,,,,,,,,,,,,,
15943840,Argentina,Primera B,1347,Primera B,,2026-05-27,Unknown,,112501,Club Comunicaciones,112507,UAI Urquiza,3,0,0,0,,,,,H,2026-06-24,,,,,,,,,,,,,,,,,,,,,,,,,,
15943832,Argentina,Primera B,1347,Primera B,,2026-05-27,Unknown,,36840,Deportivo Merlo,192841,CSYD Liniers,0,0,0,0,,,,,D,2026-06-24,,,,,,,,,,,,,,,,,,,,,,,,,,
15943838,Argentina,Primera B,1347,Primera B,,2026-05-27,Unknown,,265447,Ituzaingó,228062,Deportivo Laferrere,0,2,0,0,,,,,A,2026-06-24,,,,,,,,,,,,,,,,,,,,,,,,,,
14115577,Bosnia & Herzegovina,WWIN Liga BiH,222,WWIN Liga BiH,,2026-05-27,Unknown,,5235,FK Borac Banja Luka,6147,HŠK Posušje,2,0,0,0,,,,,H,2026-06-24,75%,25%,1.63,0.98,,,11,5,2,2,5,1,12,24,586,143,1,2,4,2,1,2,529,96,0,0
14115576,Bosnia & Herzegovina,WWIN Liga BiH,222,WWIN Liga BiH,,2026-05-27,Unknown,,37064,FK Sloga Doboj,36537,FK Rudar Prijedor,1,0,0,0,,,,,H,2026-06-24,40%,60%,1.21,0.34,,,9,7,1,2,3,1,20,13,204,311,2,4,3,1,0,1,152,261,0,0
14115575,Bosnia & Herzegovina,WWIN Liga BiH,222,WWIN Liga BiH,,2026-05-27,Unknown,,5178,HŠK Zrinjski Mostar,6151,FK Velež Mostar,3,0,0,0,,,,,H,2026-06-24,61%,39%,1.41,1.06,,,13,7,3,3,2,1,11,16,387,258,1,3,6,3,1,1,332,206,0,0
16225797,Czech Republic,"Czech First League, Relegation/Promotion",172,"Czech First League, Relegation/Promotion",,2026-05-27,Unknown,,2204,Baník Ostrava,24782,FC Silon Táborsko,3,0,0,0,,,,,H,2026-06-24,,,,,,,,,,,,,,,,,1,3,,,,,,,0,0
16198895,France,"Ligue 1, Relegation/Promotion Playoffs",34,"Ligue 1, Relegation/Promotion Playoffs",,2026-05-27,Unknown,,1678,Saint-Étienne,1661,Nice,0,0,0,0,,,,,D,2026-06-24,46%,54%,,,0,0,5,0,,,5,4,5,5,181,216,1,0,0,0,1,1,151,175,,
15472492,Latvia,Virsliga,197,Virsliga,,2026-05-27,Unknown,,36081,FS Jelgava,146336,FK Liepaja,1,1,0,0,,,,,D,2026-06-24,36%,64%,2.38,0.95,,,17,17,2,5,4,11,11,11,246,523,2,3,5,3,1,1,181,440,0,0
15472494,Latvia,Virsliga,197,Virsliga,,2026-05-27,Unknown,,41498,BFC Daugavpils,5346,FK Auda,0,1,0,0,,,,,A,2026-06-24,36%,64%,0.81,0.77,,,10,12,3,2,5,1,16,15,274,484,2,2,2,4,6,0,189,416,0,0
15832767,South America,"CONMEBOL Libertadores, Group A",384,"CONMEBOL Libertadores, Group A",,2026-05-27,Unknown,,3206,Estudiantes de La Plata,6115,Independiente Medellín,1,0,0,0,,,,,H,2026-06-24,73%,27%,0.95,0.02,1,0,8,1,0,3,4,2,6,7,245,90,1,1,4,0,,,207,52,,
15832766,South America,"CONMEBOL Libertadores, Group A",384,"CONMEBOL Libertadores, Group A",,2026-05-27,Unknown,,5981,Flamengo,63760,Cusco FC,3,0,0,0,,,,,H,2026-06-24,64%,36%,4.27,0.10,6,0,18,1,0,7,3,0,6,6,266,157,0,3,11,0,1,1,238,118,,
15832787,South America,"CONMEBOL Libertadores, Group B",384,"CONMEBOL Libertadores, Group B",,2026-05-27,Unknown,,3230,Nacional,3165,Coquimbo Unido,1,0,0,0,,,,,H,2026-06-24,22%,78%,0.14,0.30,0,0,6,4,1,1,2,4,5,10,78,276,0,3,1,1,0,0,53,232,0,0
15832788,South America,"CONMEBOL Libertadores, Group B",384,"CONMEBOL Libertadores, Group B",,2026-05-27,Unknown,,2305,Universitario de Deportes,6111,Deportes Tolima,0,0,0,0,,,,,D,2026-06-24,54%,46%,0.17,0.11,0,1,6,4,2,1,3,2,4,11,258,226,0,2,1,2,1,1,190,177,,
15832851,South America,"CONMEBOL Libertadores, Group G",384,"CONMEBOL Libertadores, Group G",,2026-05-27,Unknown,,3218,CA Lanús,21982,Mirassol,1,0,0,0,,,,,H,2026-06-24,47%,53%,0.81,0.04,1,0,6,2,0,3,6,0,8,6,208,245,0,1,3,0,1,0,175,203,,
15832850,South America,"CONMEBOL Libertadores, Group G",384,"CONMEBOL Libertadores, Group G",,2026-05-27,Unknown,,5257,LDU,268083,Club Always Ready,3,2,0,0,,,,,H,2026-06-24,60%,40%,1.98,1.01,5,1,13,13,5,2,1,7,2,5,161,102,2,1,4,5,4,1,131,70,,
15832115,South America,"CONMEBOL Sudamericana, Group C",480,"CONMEBOL Sudamericana, Group C",,2026-05-27,Unknown,,6117,Millonarios,3163,O'Higgins,1,2,0,0,,,,,A,2026-06-24,78%,22%,0.61,0.03,1,0,12,1,0,3,5,1,5,8,249,73,2,3,4,0,1,1,212,38,,
15832114,South America,"CONMEBOL Sudamericana, Group C",480,"CONMEBOL Sudamericana, Group C",,2026-05-27,Unknown,,1981,São Paulo,174970,Boston River,2,0,0,0,,,,,H,2026-06-24,59%,41%,0.53,0.57,1,0,7,11,0,2,2,3,2,10,217,143,1,2,2,0,2,0,189,112,,
15832142,South America,"CONMEBOL Sudamericana, Group D",480,"CONMEBOL Sudamericana, Group D",,2026-05-27,Unknown,,3201,San Lorenzo,292595,Recoleta FC,0,1,0,0,,,,,A,2026-06-24,78%,22%,1.35,0.85,4,1,17,3,1,6,6,1,6,2,300,90,2,0,6,1,2,0,254,45,,
15832141,South America,"CONMEBOL Sudamericana, Group D",480,"CONMEBOL Sudamericana, Group D",,2026-05-27,Unknown,,1968,Santos,5251,Deportivo Cuenca,3,0,0,0,,,,,H,2026-06-24,47%,53%,1.41,0.90,4,1,6,6,2,2,2,3,6,6,220,251,1,2,3,2,1,1,190,226,,
15832147,South America,"CONMEBOL Sudamericana, Group F",480,"CONMEBOL Sudamericana, Group F",,2026-05-27,Unknown,,5926,Grêmio,174972,Montevideo City Torque,2,2,0,0,,,,,D,2026-06-24,66%,34%,1.61,0.32,2,1,15,6,4,4,5,1,10,5,221,119,2,1,6,5,1,0,187,78,1,0
15832148,South America,"CONMEBOL Sudamericana, Group F",480,"CONMEBOL Sudamericana, Group F",,2026-05-27,Unknown,,3157,Palestino,189723,Deportivo Riestra,1,1,0,0,,,,,D,2026-06-24,67%,33%,0.44,0.27,1,0,6,4,0,4,1,2,8,7,242,114,1,1,4,0,0,3,199,71,1,0
16241240,World,Club Friendly Games,853,Club Friendly Games,,2026-05-27,Unknown,,1229502,North Vanlaiphai,1231067,Thenzawl South,3,3,0,0,,,,,D,2026-06-24,,,,,,,,,,,,,,,,,,,,,,,,,,
15272284,Sweden,Superettan,46,Superettan,,2026-05-27,Unknown,,1768,Örebro SK,1890,Helsingborgs IF,1,2,0,0,,,,,A,2026-06-24,50%,50%,2.71,2.88,,,16,17,7,4,6,5,12,15,489,554,1,3,5,9,0,1,427,503,1,0
15943833,Argentina,Primera B,1347,Primera B,,2026-05-27,Unknown,,93105,Deportivo Armenio,199311,Argentino de Merlo,2,0,0,0,,,,,H,2026-06-24,,,,,,,,,,,,,,,,,,,,,,,,,,
16365000,World,Club Friendly Games,853,Club Friendly Games,,2026-05-27,Unknown,,6059,Paksi FC,25395,Szentlőrinc SE,3,3,0,0,,,,,D,2026-06-24,,,,,,,,,,,,,,,,,,,,,,,,,,
16386596,World,Club Friendly Games,853,Club Friendly Games,,2026-05-27,Unknown,,391296,Tirol/CEFAT U20,1233722,Calouros Do Ar U20,5,2,0,0,,,,,H,2026-06-24,,,,,,,,,,,,,,,,,,,,,,,,,,
16386601,World,Club Friendly Games,853,Club Friendly Games,,2026-05-27,Unknown,,34310,Pakhtakor Tashkent,40265,PFK Qizilqum,2,0,0,0,,,,,H,2026-06-24,,,,,,,,,,,,,,,,,,,,,,,,,,
15254061,Sweden,Damallsvenskan,214,Damallsvenskan,,2026-05-27,Unknown,,1886,Rosengård,1878,Djurgårdens IF DFF,2,0,0,0,,,,,H,2026-06-24,,,,,,,,,,,,,,,,,,,,,,,,,,
15254062,Sweden,Damallsvenskan,214,Damallsvenskan,,2026-05-27,Unknown,,102033,Norrköping DFK,61572,Vittsjö GIK,0,0,0,0,,,,,D,2026-06-24,,,,,,,,,,,,,,,,,,,,,,,,,,
15254066,Sweden,Damallsvenskan,214,Damallsvenskan,,2026-05-27,Unknown,,206340,Växjö DFF,112697,IF Brommapojkarna,0,0,0,0,,,,,D,2026-06-24,,,,,,,,,,,,,,,,,,,,,,,,,,
16225829,Czech Republic,"Czech First League, Relegation/Promotion",172,"Czech First League, Relegation/Promotion",,2026-05-28,Unknown,,35264,SK Artis Brno,4871,1. FC Slovácko,1,4,0,0,,,,,A,2026-06-24,37%,63%,,,0,3,3,8,2,1,0,1,6,8,125,223,0,2,1,6,1,1,86,184,,
15514273,Estonia,Esiliiga,678,Esiliiga,,2026-05-28,Unknown,,7105,Tallinna Kalev,44459,Viimsi JK,0,3,0,0,,,,,A,2026-06-24,43%,57%,1.40,1.81,,,7,16,3,3,6,2,21,9,360,477,2,2,3,6,1,6,290,405,1,0
15341239,Finland,Ykkosliiga,55,Ykkosliiga,,2026-05-28,Unknown,,5918,HJK Klubi 04,50525,PK-35,0,1,0,0,,,,,A,2026-06-24,72%,28%,1.33,1.15,,,18,8,0,4,8,7,10,6,528,196,1,2,3,1,3,1,440,110,0,1
15442442,Iceland,Iceland 1. deild,675,Iceland 1. deild,,2026-05-28,Unknown,,7121,HK Kópavogur,5372,IF Völsungur,1,0,0,0,,,,,H,2026-06-24,55%,45%,2.90,0.52,,,22,9,3,11,12,3,8,10,469,410,1,2,8,3,3,0,379,318,0,0
15442443,Iceland,Iceland 1. deild,675,Iceland 1. deild,,2026-05-28,Unknown,,221305,IF Vestri,283759,UMF Njarðvík,0,3,0,0,,,,,A,2026-06-24,61%,39%,0.37,2.70,,,5,11,3,2,6,4,9,4,618,381,0,1,2,6,3,1,520,297,0,0
15442444,Iceland,Iceland 1. deild,675,Iceland 1. deild,,2026-05-28,Unknown,,70092,Aegir,1907,ÍR Reykjavík,4,1,0,0,,,,,H,2026-06-24,41%,59%,1.83,2.11,,,13,14,6,3,2,7,10,14,325,468,3,1,7,6,2,2,228,358,0,0
15442445,Iceland,Iceland 1. deild,675,Iceland 1. deild,,2026-05-28,Unknown,,1896,Fylkir Reykjavík,36057,Leiknir Reykjavík,3,0,0,0,,,,,H,2026-06-24,55%,45%,5.19,0.46,,,22,10,2,10,6,2,12,9,508,433,3,3,13,2,1,5,423,331,0,0
15442447,Iceland,Iceland 1. deild,675,Iceland 1. deild,,2026-05-28,Unknown,,1910,Thróttur Reykjavík,41099,Grótta,2,3,0,0,,,,,A,2026-06-24,57%,43%,1.48,2.11,,,13,12,2,3,10,4,10,9,513,327,0,2,5,5,1,3,427,243,0,0
15442446,Iceland,Iceland 1. deild,675,Iceland 1. deild,,2026-05-28,Unknown,,1897,UMF Grindavík ,1914,UMF Afturelding,1,3,0,0,,,,,A,2026-06-24,42%,58%,0.94,2.01,,,11,20,6,5,7,12,13,6,324,525,5,1,6,9,0,1,237,439,0,0
15632649,Europe,"UEFA Conference League, Knockout stage",17015,"UEFA Conference League, Knockout stage",,2026-05-28,Unknown,,7,Crystal Palace,2818,Rayo Vallecano,1,0,0,0,,,,,H,2026-06-24,38%,62%,1.90,0.33,3,0,7,8,1,2,2,0,10,10,135,216,2,4,3,1,1,0,103,171,,
15832819,South America,"CONMEBOL Libertadores, Group C",384,"CONMEBOL Libertadores, Group C",,2026-05-28,Unknown,,7059,Bolívar,36842,Independiente Rivadavia,1,3,0,0,,,,,A,2026-06-24,68%,32%,0.61,1.28,1,4,12,5,1,6,3,2,3,5,257,123,1,1,6,3,1,1,219,83,,
15832818,South America,"CONMEBOL Libertadores, Group C",384,"CONMEBOL Libertadores, Group C",,2026-05-28,Unknown,,1961,Fluminense,36437,Deportivo La Guaira,3,1,0,0,,,,,H,2026-06-24,58%,42%,0.38,0.18,1,0,4,5,1,0,2,0,8,6,250,185,,,1,1,3,0,216,154,,
15832844,South America,"CONMEBOL Libertadores, Group E",384,"CONMEBOL Libertadores, Group E",,2026-05-28,Unknown,,1957,Corinthians,36837,Club Atlético Platense,0,2,0,0,,,,,A,2026-06-24,82%,18%,0.42,0.12,1,1,9,4,1,3,4,2,2,7,286,68,2,1,3,2,0,0,256,30,,
15832843,South America,"CONMEBOL Libertadores, Group E",384,"CONMEBOL Libertadores, Group E",,2026-05-28,Unknown,,3227,Peñarol,6116,Independiente Santa Fe,0,1,0,0,,,,,A,2026-06-24,71%,29%,0.64,0.31,,,14,4,1,2,5,1,4,12,226,103,2,2,2,2,1,1,174,56,,
15832852,South America,"CONMEBOL Libertadores, Group H",384,"CONMEBOL Libertadores, Group H",,2026-05-28,Unknown,,39723,Independiente del Valle,3217,Rosario Central,1,0,0,0,,,,,H,2026-06-24,56%,44%,1.46,0.03,1,0,13,1,1,4,5,0,3,8,164,134,0,2,5,1,0,0,131,96,,
15832853,South America,"CONMEBOL Libertadores, Group H",384,"CONMEBOL Libertadores, Group H",,2026-05-28,Unknown,,5996,Libertad,249952,Universidad Central,0,1,0,0,,,,,A,2026-06-24,56%,44%,0.31,0.98,0,1,5,3,2,1,1,1,6,6,239,192,0,3,1,3,1,0,200,145,,
15832072,South America,"CONMEBOL Sudamericana, Group B",480,"CONMEBOL Sudamericana, Group B",,2026-05-28,Unknown,,1977,Atlético Mineiro,230725,Academia Puerto Cabello,1,0,0,0,,,,,H,2026-06-24,65%,35%,0.80,0.27,1,0,8,3,1,2,5,0,2,7,274,157,1,3,3,1,1,1,240,120,,
15832073,South America,"CONMEBOL Sudamericana, Group B",480,"CONMEBOL Sudamericana, Group B",,2026-05-28,Unknown,,2301,Cienciano,3224,Juventud de Las Piedras,1,1,0,0,,,,,D,2026-06-24,35%,65%,0.36,0.74,1,2,5,11,1,0,1,6,9,2,110,212,2,1,0,3,2,1,72,171,,
15832146,South America,"CONMEBOL Sudamericana, Group E",480,"CONMEBOL Sudamericana, Group E",,2026-05-28,Unknown,,6230,Caracas F.C.,1958,Botafogo,1,3,0,0,,,,,A,2026-06-24,40%,60%,0.39,2.78,1,5,7,11,0,2,2,3,7,5,135,207,2,1,2,3,1,0,104,177,,
15832145,South America,"CONMEBOL Sudamericana, Group E",480,"CONMEBOL Sudamericana, Group E",,2026-05-28,Unknown,,3215,Racing Club,372975,Club Independiente Petrolero,2,0,0,0,,,,,H,2026-06-24,59%,41%,0.47,0.88,1,1,5,6,2,3,4,0,12,6,264,187,0,0,4,2,0,0,228,153,,
15832154,South America,"CONMEBOL Sudamericana, Group G",480,"CONMEBOL Sudamericana, Group G",,2026-05-28,Unknown,,5997,Olimpia,3162,Audax Italiano,3,1,0,0,,,,,H,2026-06-24,48%,52%,2.01,0.18,3,0,11,5,0,4,1,1,4,6,173,196,1,2,7,0,3,4,132,165,,
15832155,South America,"CONMEBOL Sudamericana, Group G",480,"CONMEBOL Sudamericana, Group G",,2026-05-28,Unknown,,1974,Vasco da Gama,65668,Barracas Central,3,0,0,0,,,,,H,2026-06-24,76%,24%,2.52,0.62,5,1,10,2,1,4,3,0,5,2,327,105,0,1,6,1,2,0,300,71,0,0
15832157,South America,"CONMEBOL Sudamericana, Group H",480,"CONMEBOL Sudamericana, Group H",,2026-05-28,Unknown,,1999,Red Bull Bragantino,6229,Carabobo FC,2,0,0,0,,,,,H,2026-06-24,56%,44%,1.38,0.23,2,0,13,6,2,5,2,4,6,2,157,128,2,2,7,1,1,0,118,77,,
15832156,South America,"CONMEBOL Sudamericana, Group H",480,"CONMEBOL Sudamericana, Group H",,2026-05-28,Unknown,,3211,River Plate,6968,Blooming,3,0,0,0,,,,,H,2026-06-24,60%,40%,1.48,0.02,2,0,12,1,0,4,3,0,12,5,181,124,1,1,7,0,,,156,87,,
16223353,Slovenia,"PrvaLiga, Relegation/Promotion Playoffs",212,"PrvaLiga, Relegation/Promotion Playoffs",,2026-05-28,Unknown,,2414,ND Primorje,2430,NK Nafta Lendava 1903,0,0,0,0,,,,,D,2026-06-24,,,,,,,,,,,,,,,,,,,,,,,,,,
16040001,Sweden,Damallsvenskan,214,Damallsvenskan,,2026-05-28,Unknown,,7388,AIK,1889,BK Häcken FF,2,1,0,0,,,,,H,2026-06-24,43%,57%,1.21,2.53,,,8,18,4,2,7,3,13,13,314,501,1,2,4,5,0,1,224,408,0,0
16073393,Sweden,Damallsvenskan,214,Damallsvenskan,,2026-05-28,Unknown,,112689,Eskilstuna Utd DFF,1884,Hammarby IF,0,1,0,0,,,,,A,2026-06-24,28%,72%,0.72,1.94,,,5,6,4,1,5,7,7,8,253,721,0,0,1,3,0,0,147,600,0,0
15285431,USA,"USL, League One",13362,"USL, League One",,2026-05-28,Unknown,,312631,Chattanooga Red Wolves SC,23841,Richmond Kickers,5,0,0,0,,,,,H,2026-06-24,57%,43%,3.23,0.62,7,0,14,5,1,1,5,4,5,11,96,76,0,2,4,1,1,0,52,27,,
15285436,USA,"USL, League One",13362,"USL, League One",,2026-05-28,Unknown,,53903,New York Cosmos,338006,Union Omaha SC,1,2,0,0,,,,,A,2026-06-24,33%,67%,0.99,2.16,3,3,13,8,2,2,2,3,9,7,141,279,2,1,3,4,0,0,113,249,,
15285439,USA,"USL, League One",13362,"USL, League One",,2026-05-28,Unknown,,1158834,AC Boise,465623,Sarasota Paradise,0,2,0,0,,,,,A,2026-06-24,63%,37%,1.00,0.78,0,1,7,7,1,1,4,1,4,8,253,162,0,1,2,2,2,1,225,130,,
15943835,Argentina,Primera B,1347,Primera B,,2026-05-28,Unknown,,194523,Argentino de Quilmes,65672,Excursionistas,2,2,0,0,,,,,D,2026-06-24,,,,,,,,,,,,,,,,,,,,,,,,,,
15943839,Argentina,Primera B,1347,Primera B,,2026-05-28,Unknown,,93515,Defensores Unidos,112509,Villa Dálmine,2,1,0,0,,,,,H,2026-06-24,,,,,,,,,,,,,,,,,,,,,,,,,,
15943830,Argentina,Primera B,1347,Primera B,,2026-05-28,Unknown,,36843,Sportivo Italiano,269780,San Martin de Burzaco,1,2,0,0,,,,,A,2026-06-24,,,,,,,,,,,,,,,,,,,,,,,,,,
16236323,Netherlands,"Tweede Divisie, Relegation/Promotion Playoffs",11402,"Tweede Divisie, Relegation/Promotion Playoffs",,2026-05-28,Unknown,,35047,ADO '20 Heemskerk,25382,FC Lisse,2,0,0,0,,,,,H,2026-06-24,,,,,,,,,,,,,,,,,,,,,,,,,,
16236598,Netherlands,"Tweede Divisie, Relegation/Promotion Playoffs",11402,"Tweede Divisie, Relegation/Promotion Playoffs",,2026-05-28,Unknown,,231534,FC Rijnvogels,117734,DVS '33 Ermelo,1,0,0,0,,,,,H,2026-06-24,,,,,,,,,,,,,,,,,,,,,,,,,,
16236599,Netherlands,"Tweede Divisie, Relegation/Promotion Playoffs",11402,"Tweede Divisie, Relegation/Promotion Playoffs",,2026-05-28,Unknown,,35052,VVSB Noordwijkerhout,34731,Excelsior Maassluis,1,1,0,0,,,,,D,2026-06-24,,,,,,,,,,,,,,,,,,,,,,,,,,
16236601,Netherlands,"Tweede Divisie, Relegation/Promotion Playoffs",11402,"Tweede Divisie, Relegation/Promotion Playoffs",,2026-05-28,Unknown,,6492,VV Sparta Nijkerk,6482,VV IJsselmeervogels,0,3,0,0,,,,,A,2026-06-24,,,,,,,,,,,,,,,,,,,,,,,,,,
15657372,New Zealand,Northern League,594,Northern League,,2026-05-28,Unknown,,1079629,Auckland FC Reserves,381039,Auckland United FC,2,0,0,0,,,,,H,2026-06-24,,,,,,,,,,,,,,,,,,,,,,,,,,
15890649,New Zealand,Northern League,594,Northern League,,2026-05-28,Unknown,,284073,Birkenhead United,288024,East Coast Bays,3,1,0,0,,,,,H,2026-06-24,,,,,,,,,,,,,,,,,,,,,,,,,,
15657373,New Zealand,Northern League,594,Northern League,,2026-05-28,Unknown,,382394,Melville United AFC,508949,Tauranga City AFC,0,1,0,0,,,,,A,2026-06-24,,,,,,,,,,,,,,,,,,,,,,,,,,
15728275,Egypt,"Egyptian Premier League, Relegation Round",808,"Egyptian Premier League, Relegation Round",,2026-05-28,Unknown,,42366,Ismaily,241703,Pharco FC,1,2,0,0,,,,,A,2026-06-24,54%,46%,0.47,0.19,0,1,8,3,1,2,2,0,6,5,170,144,1,1,3,2,1,0,143,109,1,1
15728274,Egypt,"Egyptian Premier League, Relegation Round",808,"Egyptian Premier League, Relegation Round",,2026-05-28,Unknown,,43567,Petrojet,43565,El Gouna FC,1,2,0,0,,,,,A,2026-06-24,30%,70%,0.20,1.60,0,2,3,13,4,1,1,6,7,6,83,193,0,0,1,6,0,0,51,161,,
15728272,Egypt,"Egyptian Premier League, Relegation Round",808,"Egyptian Premier League, Relegation Round",,2026-05-28,Unknown,,43561,Tala'ea El-Gaish,43568,Wadi Degla,0,2,0,0,,,,,A,2026-06-24,66%,34%,0.57,0.18,0,0,6,3,1,2,7,2,5,5,165,91,2,1,2,2,2,0,120,42,,
15514275,Estonia,Esiliiga,678,Esiliiga,,2026-05-28,Unknown,,36075,FCI Levadia Tallinn U21,37534,FC Elva,1,3,0,0,,,,,A,2026-06-24,73%,27%,3.03,2.49,,,23,13,2,5,9,2,7,7,583,168,2,1,5,5,2,5,485,98,0,0
15514274,Estonia,Esiliiga,678,Esiliiga,,2026-05-28,Unknown,,283728,FC Tallinn,37528,Maardu Linnameeskond,0,0,0,0,,,,,D,2026-06-24,39%,61%,1.09,2.15,,,17,21,5,4,5,10,16,16,287,433,3,4,4,5,0,1,201,360,0,0
15514276,Estonia,Esiliiga,678,Esiliiga,,2026-05-28,Unknown,,42740,Tartu JK Welco,37570,Nõmme Kalju U21,4,2,0,0,,,,,H,2026-06-24,46%,54%,5.51,2.09,,,25,14,4,5,8,8,6,10,412,455,1,2,9,6,2,2,342,378,0,0
15481657,Finland,Ykkonen,22020,Ykkonen,,2026-05-28,Unknown,,35395,FC Jazz,22394,SalPa,1,2,0,0,,,,,A,2026-06-24,39%,61%,,,,,,,,,2,7,,,,,4,1,3,8,,,,,1,0
15481658,Finland,Ykkonen,22020,Ykkonen,,2026-05-28,Unknown,,7298,JJK Jyväskylä,5116,OLS Oulu,1,0,0,0,,,,,H,2026-06-24,54%,46%,,,,,,,,,5,4,,,,,2,4,6,0,,,,,0,0
15388659,Georgia,Erovnuli Liga,704,Erovnuli Liga,,2026-05-28,Unknown,,5419,FC Torpedo Kutaisi,36865,FC Gagra,1,2,0,0,,,,,A,2026-06-24,64%,36%,1.30,0.76,,,17,8,3,3,10,1,6,14,591,324,1,3,3,5,1,5,511,274,1,0
15388679,Georgia,Erovnuli Liga,704,Erovnuli Liga,,2026-05-28,Unknown,,36865,FC Gagra,44217,FC Samgurali Tskhaltubo,0,0,0,0,,,,,D,2026-06-24,,,,,,,,,,,,,,,,,,,,,,,,,,
15832845,South America,"CONMEBOL Libertadores, Group D",384,"CONMEBOL Libertadores, Group D",,2026-05-28,Unknown,,3202,Boca Juniors,3151,Universidad Católica,0,1,0,0,,,,,A,2026-06-24,70%,30%,1.28,0.00,1,0,17,0,0,3,6,0,5,9,295,140,2,1,2,0,2,0,241,82,,
15832846,South America,"CONMEBOL Libertadores, Group D",384,"CONMEBOL Libertadores, Group D",,2026-05-28,Unknown,,1954,Cruzeiro,5250,Barcelona SC Guayaquil,4,0,0,0,,,,,H,2026-06-24,58%,42%,2.73,0.21,6,0,14,5,2,2,2,1,4,3,217,163,1,1,5,2,1,1,187,135,,
15832849,South America,"CONMEBOL Libertadores, Group F",384,"CONMEBOL Libertadores, Group F",,2026-05-28,Unknown,,5991,Cerro Porteño,2302,Club Sporting Cristal,2,0,0,0,,,,,H,2026-06-24,52%,48%,1.14,0.22,2,0,7,6,1,2,5,1,4,3,195,181,3,1,4,1,3,0,161,152,,
15832848,South America,"CONMEBOL Libertadores, Group F",384,"CONMEBOL Libertadores, Group F",,2026-05-28,Unknown,,1963,Palmeiras,6105,Junior Barranquilla,4,1,0,0,,,,,H,2026-06-24,55%,45%,0.53,0.67,1,0,7,10,0,2,0,4,0,6,252,206,0,1,3,0,0,0,226,182,,
15832045,South America,"CONMEBOL Sudamericana, Group A",480,"CONMEBOL Sudamericana, Group A",,2026-05-28,Unknown,,6102,América de Cali,6001,Macará,0,0,0,0,,,,,D,2026-06-24,71%,29%,0.75,1.11,1,2,11,7,3,0,1,3,6,8,229,94,1,2,0,3,1,1,188,50,,
15832046,South America,"CONMEBOL Sudamericana, Group A",480,"CONMEBOL Sudamericana, Group A",,2026-05-28,Unknown,,7628,Tigre,2307,Alianza Atlético de Sullana,2,0,0,0,,,,,H,2026-06-24,50%,50%,1.47,0.09,2,0,10,4,1,3,2,1,8,8,169,182,2,4,5,1,0,1,135,132,,
16364803,World,Club Friendly Games,853,Club Friendly Games,,2026-05-28,Unknown,,4871,1. FC Slovácko,4863,Vysočina Jihlava,1,2,0,0,,,,,A,2026-06-24,,,,,,,,,,,,,,,,,,,,,,,,,,
16229564,Bulgaria,"Parva Liga, Relegation/Promotion Playoff",247,"Parva Liga, Relegation/Promotion Playoff",,2026-05-29,Unknown,,201203,FK Septemvri Sofia,282589,FK Yantra Gabrovo,2,1,0,0,,,,,H,2026-06-24,,,,,,,,,,,,,,,,,,,,,,,,,,
15657374,New Zealand,Northern League,594,Northern League,,2026-05-29,Unknown,,381989,Manukau United FC,1079630,Fencibles United FC,1,2,0,0,,,,,A,2026-06-24,,,,,,,,,,,,,,,,,,,,,,,,,,
15657375,New Zealand,Northern League,594,Northern League,,2026-05-29,Unknown,,381038,Western Springs AFC,290000,Bay Olympic,3,0,0,0,,,,,H,2026-06-24,,,,,,,,,,,,,,,,,,,,,,,,,,
16252265,World,Club Friendly Games,853,Club Friendly Games,,2026-05-29,Unknown,,1092498,Anjos do Céu U20,391296,Tirol/CEFAT U20,0,1,0,0,,,,,A,2026-06-24,,,,,,,,,,,,,,,,,,,,,,,,,,
16352131,Argentina,Primera B Nacional,703,Primera B Nacional,,2026-05-29,Unknown,,3200,Nueva Chicago,34976,Atlético de Rafaela,0,0,0,0,,,,,D,2026-06-24,66%,34%,1.27,0.07,,,17,4,2,6,5,2,9,14,446,231,1,3,5,2,0,1,361,151,0,0
15275659,Argentina,Primera B Nacional,703,Primera B Nacional,,2026-05-30,Unknown,,5292,Gimnasia Jujuy,3200,Nueva Chicago,0,0,0,0,,,,,D,2026-06-24,,,,,,,,,,,,,,,,,,,,,,,,,,
15275650,Argentina,Primera B Nacional,703,Primera B Nacional,,2026-05-30,Unknown,,273657,Racing de Córdoba,36841,Club Ferro Carril Oeste,0,0,0,0,,,,,D,2026-06-24,55%,45%,0.62,0.62,,,15,7,1,4,6,2,15,10,302,279,4,3,4,1,1,6,228,208,0,0
15640239,Australia,Capital NPL 1,1260,Capital NPL 1,,2026-05-30,Unknown,,520573,Canberra Juventus,91576,Tuggeranong United,5,0,0,0,,,,,H,2026-06-24,54%,46%,1.43,1.36,,,13,13,7,4,12,6,9,9,488,353,2,2,9,7,0,5,394,258,0,0
15640240,Australia,Capital NPL 1,1260,Capital NPL 1,,2026-05-30,Unknown,,408162,O'Connor Knights,1083016,Queanbeyan City FC,0,4,0,0,,,,,A,2026-06-24,46%,54%,0.55,2.37,,,6,19,7,1,3,8,8,6,292,369,1,1,1,10,3,2,200,262,0,0
15640238,Australia,Capital NPL 1,1260,Capital NPL 1,,2026-05-30,Unknown,,466742,Brindabella Blues FC,91570,Canberra Olympic,0,3,0,0,,,,,A,2026-06-24,43%,57%,0.32,3.53,,,5,26,9,2,0,8,13,7,345,464,3,0,2,12,2,1,287,391,1,0
15640241,Australia,Capital NPL 1,1260,Capital NPL 1,,2026-05-30,Unknown,,91564,Belconnen United FC,91568,Canberra Croatia FC,1,4,0,0,,,,,A,2026-06-24,41%,59%,0.87,1.54,,,8,15,5,3,2,3,9,12,408,606,2,0,4,8,3,2,331,516,0,0
15640242,Australia,Capital NPL 1,1260,Capital NPL 1,,2026-05-30,Unknown,,91574,Monaro Panthers,1085648,Canberra White Eagles FC,2,1,0,0,,,,,H,2026-06-24,63%,37%,2.50,0.87,,,20,17,6,9,9,0,4,10,529,336,0,1,10,7,2,2,406,218,0,0
15389343,Australia,Queensland NPL,1268,Queensland NPL,,2026-05-30,Unknown,,35845,Gold Coast United,91144,Peninsula Power,0,4,0,0,,,,,A,2026-06-24,40%,60%,0.51,3.82,,,6,31,11,1,3,9,11,5,318,483,2,2,1,15,4,1,214,401,1,0
15389345,Australia,Queensland NPL,1268,Queensland NPL,,2026-05-30,Unknown,,91146,Rochedale Rovers,504568,Moreton City Excelsior FC,0,0,0,0,,,,,D,2026-06-24,,,,,,,,,,,,,,,,,,,,,,,,,,
16236412,Spain,"Primera RFEF, Promotion Playoff",17073,"Primera RFEF, Promotion Playoff",,2026-05-30,Unknown,,5069,Real Madrid Castilla U21,24335,CE Sabadell,2,0,0,0,,,,,H,2026-06-24,78%,22%,1.99,0.35,,,14,6,2,5,12,3,12,18,528,155,1,2,7,2,1,1,466,99,0,0
15942033,Bolivia,División Profesional,16736,División Profesional,,2026-05-30,Unknown,,396625,CD San Antonio,47701,Guabirá,1,2,0,0,,,,,A,2026-06-24,37%,63%,3.00,0.75,0,1,9,5,2,3,4,1,1,5,124,229,2,1,4,4,2,2,80,191,1,0
15526116,Brazil,Brasileirão Série B,390,Brasileirão Série B,,2026-05-30,Unknown,,1980,Juventude,1973,América Mineiro,3,0,0,0,,,,,H,2026-06-24,42%,58%,1.86,0.27,4,0,11,7,2,1,3,2,6,10,168,242,0,1,3,2,0,2,139,215,,
16235287,Bulgaria,"First Professional League, Conf. League Playoffs",247,"First Professional League, Conf. League Playoffs",,2026-05-30,Unknown,,43840,Ludogorets,3272,Lokomotiv Plovdiv,3,1,0,0,,,,,H,2026-06-24,,,,,,,,,,,,,,,,,,,,,,,,,,
15502818,Canada,Canadian Premier League,13470,Canadian Premier League,,2026-05-30,Unknown,,1165894,FC Supra Du Quebec,309890,Inter Toronto,3,1,0,0,,,,,H,2026-06-24,46%,54%,1.31,0.72,0,1,10,3,0,2,4,2,5,8,195,221,2,0,5,1,,,158,184,1,0
16222857,Colombia,"Torneo DIMAYOR, Apertura, Final",1238,"Torneo DIMAYOR, Apertura, Final",,2026-05-30,Unknown,,6114,Envigado FC,6119,Real Cartagena,1,1,0,0,,,,,D,2026-06-24,29%,71%,0.88,2.20,,,12,27,6,2,1,9,15,4,174,554,3,1,3,7,1,0,118,455,1,0
16225798,Czech Republic,"Czech First League, Relegation/Promotion",172,"Czech First League, Relegation/Promotion",,2026-05-30,Unknown,,24782,FC Silon Táborsko,2204,Baník Ostrava,0,5,0,0,,,,,A,2026-06-24,,,,,,,,,,,,,,,,,1,2,,,,,,,0,0
15728277,Egypt,"Egyptian Premier League, Relegation Round",808,"Egyptian Premier League, Relegation Round",,2026-05-30,Unknown,,42365,Arab Contractors FC,265830,Modern Sport FC,3,1,0,0,,,,,H,2026-06-24,34%,66%,0.83,0.57,1,1,8,11,1,4,5,5,5,5,98,187,0,0,5,2,0,2,67,154,,
15728273,Egypt,"Egyptian Premier League, Relegation Round",808,"Egyptian Premier League, Relegation Round",,2026-05-30,Unknown,,373168,ZED FC,241702,Ismailia Electricity Club,1,1,0,0,,,,,D,2026-06-24,38%,62%,1.10,0.60,1,2,13,6,2,3,1,4,2,1,133,217,1,0,4,3,0,2,106,184,,
15728276,Egypt,"Egyptian Premier League, Relegation Round",808,"Egyptian Premier League, Relegation Round",,2026-05-30,Unknown,,58319,Ghazl El Mahalla FC,43566,Haras El Hodoud,4,2,0,0,,,,,H,2026-06-24,39%,61%,1.21,0.98,1,1,7,9,0,1,0,2,5,4,124,185,0,1,3,1,1,0,97,156,0,1
15728271,Egypt,"Egyptian Premier League, Relegation Round",808,"Egyptian Premier League, Relegation Round",,2026-05-30,Unknown,,266626,National Bank of Egypt,35187,Al-Ittihad Alexandria,2,2,0,0,,,,,D,2026-06-24,61%,39%,1.20,0.00,1,0,15,1,0,4,6,0,6,8,204,137,1,3,5,0,0,0,172,106,0,1
15432334,Estonia,Premium Liiga,178,Premium Liiga,,2026-05-30,Unknown,,37572,FC Nõmme United,3346,Flora Tallinn,0,4,0,0,,,,,A,2026-06-24,25%,75%,0.32,6.00,,,6,34,4,1,2,10,11,12,155,546,2,2,1,7,0,1,94,486,1,0
15432335,Estonia,Premium Liiga,178,Premium Liiga,,2026-05-30,Unknown,,197994,Harju Jalgpallikool,3343,Narva Trans,3,0,0,0,,,,,H,2026-06-24,49%,51%,2.39,1.48,,,15,17,7,4,3,3,11,9,279,337,1,3,7,7,2,2,181,241,0,0
15432337,Estonia,Premium Liiga,178,Premium Liiga,,2026-05-30,Unknown,,247090,Pärnu JK Vaprus,8091,Nõmme Kalju,3,1,0,0,,,,,H,2026-06-24,40%,60%,2.47,2.65,,,10,16,6,2,4,9,10,11,263,394,2,2,5,6,1,0,205,318,0,0
15341241,Finland,Ykkosliiga,55,Ykkosliiga,,2026-05-30,Unknown,,2240,FC Haka,2263,Jippo Joensuu,2,1,0,0,,,,,H,2026-06-24,51%,49%,0.49,1.39,,,6,10,5,0,5,2,8,15,509,444,2,2,2,6,1,3,440,370,0,0
15341242,Finland,Ykkosliiga,55,Ykkosliiga,,2026-05-30,Unknown,,2255,KTP,89908,SJK Akatemia,1,0,0,0,,,,,H,2026-06-24,47%,53%,1.83,0.80,,,21,11,0,8,10,3,12,8,392,411,2,0,9,0,2,2,323,336,0,0
15341244,Finland,Ykkosliiga,55,Ykkosliiga,,2026-05-30,Unknown,,2273,KäPa,23422,JäPS,2,1,0,0,,,,,H,2026-06-24,40%,60%,1.79,2.04,,,20,21,3,5,4,6,8,23,315,455,0,3,7,2,1,1,241,383,0,1
15481659,Finland,Ykkonen,22020,Ykkonen,,2026-05-30,Unknown,,2256,KPV,283350,Inter Turku/2,4,2,0,0,,,,,H,2026-06-24,49%,51%,,,,,,,,,7,2,,,,,2,3,0,0,,,,,0,1
15481660,Finland,Ykkonen,22020,Ykkonen,,2026-05-30,Unknown,,22393,PK Keski-Uusimaa,41819,KuPS Akatemia,3,0,0,0,,,,,H,2026-06-24,55%,45%,,,,,,,,,9,2,,,,,1,3,10,1,,,,,0,0
15481661,Finland,Ykkonen,22020,Ykkonen,,2026-05-30,Unknown,,2269,TPV,2241,Tampere United,0,3,0,0,,,,,A,2026-06-24,37%,63%,,,,,,,,,2,14,,,,,1,0,2,7,,,,,0,0
16198901,France,"Ligue 1, Relegation/Promotion Playoffs",34,"Ligue 1, Relegation/Promotion Playoffs",,2026-05-30,Unknown,,1661,Nice,1678,Saint-Étienne,4,1,0,0,,,,,H,2026-06-24,46%,54%,,,4,2,10,5,0,4,3,3,6,4,176,201,2,0,8,1,0,0,149,169,,
15388661,Georgia,Erovnuli Liga,704,Erovnuli Liga,,2026-05-30,Unknown,,33819,FC Dila Gori,44217,FC Samgurali Tskhaltubo,2,3,0,0,,,,,A,2026-06-24,66%,34%,2.96,2.97,,,16,11,5,4,6,1,12,12,508,255,1,2,6,7,1,3,426,196,0,0
15388660,Georgia,Erovnuli Liga,704,Erovnuli Liga,,2026-05-30,Unknown,,116312,FC Iberia 1999,37297,Dinamo Batumi,1,0,0,0,,,,,H,2026-06-24,40%,60%,0.46,0.29,,,10,5,2,1,5,5,10,11,339,495,1,2,2,1,1,0,300,431,0,0
15388664,Georgia,Erovnuli Liga,704,Erovnuli Liga,,2026-05-30,Unknown,,7703,FC Rustavi,307794,FC Spaeri,2,1,0,0,,,,,H,2026-06-24,37%,63%,2.53,1.26,,,17,14,3,4,6,6,9,6,321,572,3,2,6,4,2,0,225,463,0,0
15388662,Georgia,Erovnuli Liga,704,Erovnuli Liga,,2026-05-30,Unknown,,37305,Meshakhte Tkibuli,5171,Dinamo Tbilisi,1,6,0,0,,,,,A,2026-06-24,56%,44%,1.42,3.84,,,10,17,3,1,6,7,14,15,436,400,3,3,2,9,2,2,379,353,0,0
15238099,Ireland,Premier Division,192,Premier Division,,2026-05-30,Unknown,,3180,Drogheda United,3194,Waterford FC,3,3,0,0,,,,,D,2026-06-24,63%,37%,0.61,0.70,1,1,7,7,0,0,1,1,4,10,169,99,5,4,2,1,1,2,109,47,,
15238100,Ireland,Premier Division,192,Premier Division,,2026-05-30,Unknown,,3179,Dundalk FC,3170,Derry City,2,1,0,0,,,,,H,2026-06-24,32%,68%,0.67,0.61,1,0,4,9,2,1,1,4,5,7,115,238,2,2,2,3,1,0,69,190,,
15238101,Ireland,Premier Division,192,Premier Division,,2026-05-30,Unknown,,3174,Shelbourne,137382,Galway United,1,1,0,0,,,,,D,2026-06-24,69%,31%,1.96,1.34,1,1,14,4,0,3,4,3,7,7,251,113,1,2,4,1,0,3,201,69,,
15238102,Ireland,Premier Division,192,Premier Division,,2026-05-30,Unknown,,3190,Sligo Rovers,3173,Bohemian FC,1,3,0,0,,,,,A,2026-06-24,38%,62%,0.36,0.96,0,2,5,10,2,2,2,5,1,8,169,289,1,2,3,4,3,0,136,252,,
15238103,Ireland,Premier Division,192,Premier Division,,2026-05-30,Unknown,,3177,Shamrock Rovers,3169,St. Patrick's Athletic,1,0,0,0,,,,,H,2026-06-24,58%,42%,0.30,0.42,,,4,7,1,1,4,4,4,6,245,166,2,2,1,1,0,1,198,124,,
16211542,Italy,"Serie B, Promotion Playoffs",53,"Serie B, Promotion Playoffs",,2026-05-30,Unknown,,2729,Monza,2796,Catanzaro,0,2,0,0,,,,,A,2026-06-24,34%,66%,0.31,1.18,1,2,5,9,3,2,2,2,8,9,120,242,4,2,2,4,0,1,79,196,,
16231131,Japan,"J1 League, Final",196,"J1 League, Final",,2026-05-30,Unknown,,3146,Vissel Kobe,3134,Kashima Antlers,5,0,0,0,,,,,H,2026-06-24,28%,72%,1.87,1.38,4,2,10,7,1,0,1,2,3,7,85,226,0,1,4,2,0,1,50,191,,
16231162,Japan,"J1 League, Placement Matches",196,"J1 League, Placement Matches",,2026-05-30,Unknown,,3136,Nagoya Grampus,44409,Machida Zelvia,2,2,0,0,,,,,D,2026-06-24,62%,38%,1.32,2.04,1,1,5,8,3,1,0,1,4,6,288,179,0,2,2,4,1,1,250,144,,
16231157,Japan,"J1 League, Placement Matches",196,"J1 League, Placement Matches",,2026-05-30,Unknown,,3135,Sanfrecce Hiroshima,5127,Kawasaki Frontale,2,1,0,0,,,,,H,2026-06-24,44%,56%,1.50,1.27,2,1,8,6,2,3,3,1,7,3,185,236,0,0,3,2,0,0,130,184,,
16231163,Japan,"J1 League, Placement Matches",196,"J1 League, Placement Matches",,2026-05-30,Unknown,,3141,Cerezo Osaka,3147,FC Tokyo,2,2,0,0,,,,,D,2026-06-24,59%,41%,1.82,1.27,2,1,9,5,2,1,3,1,6,7,281,202,1,0,2,3,0,1,229,149,,
16231161,Japan,"J1 League, Placement Matches",196,"J1 League, Placement Matches",,2026-05-30,Unknown,,3143,Avispa Fukuoka,3144,JEF United Chiba,2,2,0,0,,,,,D,2026-06-24,47%,53%,2.73,1.32,3,3,6,6,0,3,0,3,4,1,237,264,0,0,6,2,0,3,186,214,,
16231166,Japan,"J1 League, Placement Matches",196,"J1 League, Placement Matches",,2026-05-30,Unknown,,3138,Gamba Osaka,3139,Tokyo Verdy,1,1,0,0,,,,,D,2026-06-24,56%,44%,0.80,0.58,,,1,8,2,1,4,4,2,5,231,177,,,1,3,0,1,183,129,,
16231164,Japan,"J1 League, Placement Matches",196,"J1 League, Placement Matches",,2026-05-30,Unknown,,38154,V-Varen Nagasaki,21901,Mito Hollyhock,1,0,0,0,,,,,H,2026-06-24,43%,57%,0.60,1.38,0,2,5,4,2,0,0,2,3,6,245,314,,,0,2,0,1,207,274,,
16231165,Japan,"J1 League, Placement Matches",196,"J1 League, Placement Matches",,2026-05-30,Unknown,,3149,Kyoto Sanga FC,3140,Kashiwa Reysol,2,6,0,0,,,,,A,2026-06-24,58%,42%,1.58,2.65,0,2,3,12,3,0,0,2,2,3,265,195,1,0,1,6,2,2,219,153,,
16231142,Japan,"J2/J3 League, Placement Matches",402,"J2/J3 League, Placement Matches",,2026-05-30,Unknown,,5128,Albirex Niigata,162632,Kagoshima United,0,1,0,0,,,,,A,2026-06-24,57%,43%,0.17,2.10,,,3,14,4,0,4,9,10,17,513,358,0,1,0,5,2,2,389,242,0,0
16231141,Japan,"J2/J3 League, Placement Matches",402,"J2/J3 League, Placement Matches",,2026-05-30,Unknown,,205600,FC Osaka,287054,Reilac Shiga FC,0,1,0,0,,,,,A,2026-06-24,55%,45%,1.11,1.73,,,25,18,4,5,8,10,21,15,455,407,2,1,4,5,0,4,360,321,0,0
16231150,Japan,"J2/J3 League, Placement Matches",402,"J2/J3 League, Placement Matches",,2026-05-30,Unknown,,230706,Kochi United SC,38146,Renofa Yamaguchi FC,2,3,0,0,,,,,A,2026-06-24,50%,50%,1.11,2.46,,,14,12,2,4,7,2,17,16,607,565,2,1,6,5,0,3,482,453,1,0
16231140,Japan,"J2/J3 League, Placement Matches",402,"J2/J3 League, Placement Matches",,2026-05-30,Unknown,,38148,Nara Club,5129,Oita Trinita,4,3,0,0,,,,,H,2026-06-24,67%,33%,2.04,2.00,,,18,16,2,8,7,7,12,18,807,363,1,1,11,5,4,4,711,288,0,0
16231137,Japan,"J2/J3 League, Placement Matches",402,"J2/J3 League, Placement Matches",,2026-05-30,Unknown,,189234,SC Sagamihara,118500,Fujieda MYFC,4,3,0,0,,,,,H,2026-06-24,39%,61%,2.38,1.66,,,17,20,5,5,10,8,13,10,313,493,2,1,9,7,3,1,173,355,0,0
16231155,Japan,"J2/J3 League, Placement Matches",402,"J2/J3 League, Placement Matches",,2026-05-30,Unknown,,21905,Shonan Bellmare,256899,Iwaki FC,1,2,0,0,,,,,A,2026-06-24,51%,49%,1.57,2.04,,,11,19,5,2,10,6,18,14,416,391,2,2,3,7,3,2,309,280,0,0
16231147,Japan,"J2/J3 League, Placement Matches",402,"J2/J3 League, Placement Matches",,2026-05-30,Unknown,,56419,Tochigi City FC,3132,Jubilo Iwata,6,4,0,0,,,,,H,2026-06-24,52%,48%,1.68,2.20,,,16,16,3,4,7,7,20,14,490,411,2,1,7,5,3,0,371,316,0,0
16231154,Japan,"J2/J3 League, Placement Matches",402,"J2/J3 League, Placement Matches",,2026-05-30,Unknown,,21907,Tokushima Vortis,21904,Sagan Tosu,3,1,0,0,,,,,H,2026-06-24,37%,63%,0.91,0.69,,,5,15,5,1,1,8,13,9,321,498,4,0,4,6,0,0,274,431,0,0
16231145,Japan,"J2/J3 League, Placement Matches",402,"J2/J3 League, Placement Matches",,2026-05-30,Unknown,,7061,Yokohama FC,5130,RB Omiya Ardija,2,1,0,0,,,,,H,2026-06-24,50%,50%,1.29,0.51,,,16,5,1,6,5,4,12,11,336,360,2,1,7,2,2,3,269,296,0,0
16231156,Japan,"J2/J3 League, Placement Matches",402,"J2/J3 League, Placement Matches",,2026-05-30,Unknown,,8060,Ehime FC,21903,Roasso Kumamoto,0,1,0,0,,,,,A,2026-06-24,58%,42%,2.93,0.09,,,19,4,0,5,6,3,9,10,587,341,0,1,4,1,1,4,505,256,0,0
16231143,Japan,"J2/J3 League, Playoffs",402,"J2/J3 League, Playoffs",,2026-05-30,Unknown,,3148,Vegalta Sendai,5762,Ventforet Kofu,1,0,0,0,,,,,H,2026-06-24,50%,50%,1.82,1.10,,,14,10,1,3,4,6,10,12,313,359,1,1,4,1,0,4,241,274,0,0
16231152,Japan,"J2/J3 League, Playoffs",402,"J2/J3 League, Playoffs",,2026-05-30,Unknown,,34035,Kataller Toyama,287058,Tegevajaro Miyazaki,1,0,0,0,,,,,H,2026-06-24,45%,55%,0.63,0.54,,,8,6,2,1,3,3,11,7,421,483,2,2,2,2,3,3,350,409,0,0
15472495,Latvia,Virsliga,197,Virsliga,,2026-05-30,Unknown,,162368,Riga FC,52220,FK Grobiņa,2,0,0,0,,,,,H,2026-06-24,76%,24%,2.01,1.00,,,14,8,4,4,9,1,8,12,638,173,1,1,6,4,6,1,557,107,0,0
15472496,Latvia,Virsliga,197,Virsliga,,2026-05-30,Unknown,,282126,SK Super Nova,68718,RFS,1,2,0,0,,,,,A,2026-06-24,36%,64%,0.83,3.05,,,3,18,7,3,1,15,12,11,210,461,2,1,3,8,2,5,150,387,0,0
15546899,Lithuania,TOPLYGA,198,TOPLYGA,,2026-05-30,Unknown,,411452,FK Transinvest,171484,FC Hegelmann,2,1,0,0,,,,,H,2026-06-24,55%,45%,0.93,1.18,,,9,13,7,2,5,6,5,15,472,462,0,2,4,7,2,2,415,391,0,0
15546911,Lithuania,TOPLYGA,198,TOPLYGA,,2026-05-30,Unknown,,310557,FK Riteriai,5343,FK Sūduva Marijampolė,0,3,0,0,,,,,A,2026-06-24,50%,50%,0.67,3.81,,,8,17,7,4,1,5,3,10,508,506,0,2,4,10,0,1,447,443,0,0
15546914,Lithuania,TOPLYGA,198,TOPLYGA,,2026-05-30,Unknown,,168446,Džiugas Telšiai,192763,FK Panevėžys,4,0,0,0,,,,,H,2026-06-24,54%,46%,2.07,1.18,,,9,8,2,0,3,2,14,18,324,294,3,4,4,1,0,5,254,233,0,1
16213201,New Zealand,Central League,594,Central League,,2026-05-30,Unknown,,261130,Napier City Rovers,508950,Island Bay United,3,0,0,0,,,,,H,2026-06-24,,,,,,,,,,,,,,,,,,,,,,,,,,
15657376,New Zealand,Northern League,594,Northern League,,2026-05-30,Unknown,,234864,Eastern Suburbs,6909,Auckland City,0,0,0,0,,,,,D,2026-06-24,,,,,,,,,,,,,,,,,,,,,,,,,,
15260817,Norway,Eliteserien,20,Eliteserien,,2026-05-30,Unknown,,677,Aalesunds FK,666,HamKam,2,2,0,0,,,,,D,2026-06-24,45%,55%,0.87,0.55,1,1,6,8,2,1,2,3,6,5,199,241,1,0,2,3,0,1,162,193,,
15260812,Norway,Eliteserien,20,Eliteserien,,2026-05-30,Unknown,,687,Fredrikstad FK,667,IK Start,2,1,0,0,,,,,H,2026-06-24,61%,39%,0.66,1.00,2,2,7,8,3,1,1,1,9,6,276,179,1,3,3,3,2,0,232,122,0,1
15260815,Norway,Eliteserien,20,Eliteserien,,2026-05-30,Unknown,,786,KFUM Oslo,660,Tromsø IL,0,0,0,0,,,,,D,2026-06-24,39%,61%,0.14,0.93,0,2,2,10,3,0,0,4,7,4,210,313,0,1,0,3,,,173,278,,
15260821,Norway,Eliteserien,20,Eliteserien,,2026-05-30,Unknown,,1161,Rosenborg BK,656,Bodø/Glimt,2,2,0,0,,,,,D,2026-06-24,37%,63%,0.78,1.63,1,2,3,9,1,0,0,5,12,7,157,259,2,1,1,2,0,1,116,218,,
15260810,Norway,Eliteserien,20,Eliteserien,,2026-05-30,Unknown,,1159,SK Brann,822,Sarpsborg 08,1,2,0,0,,,,,A,2026-06-24,74%,26%,0.40,0.51,0,1,6,6,1,3,3,1,4,6,298,105,2,2,2,1,0,1,248,59,,
15260820,Norway,Eliteserien,20,Eliteserien,,2026-05-30,Unknown,,1165,Vålerenga IF,957,Kristiansund BK,3,1,0,0,,,,,H,2026-06-24,55%,45%,1.16,0.38,1,1,8,7,1,1,3,5,5,4,260,211,0,1,3,2,,,219,171,,
16246257,World,Club Friendly Games,853,Club Friendly Games,,2026-05-30,Unknown,,7665,Mamelodi Sundowns,36360,RB Leipzig,3,1,0,0,,,,,H,2026-06-24,,,,,,,,,,,,,,,,,,,,,,,,,,
16364802,World,Club Friendly Games,853,Club Friendly Games,,2026-05-30,Unknown,,1783,Mjällby AIF,1767,Halmstads BK,3,3,0,0,,,,,D,2026-06-24,,,,,,,,,,,,,,,,,,,,,,,,,,
16153069,Peru,"Liga 1, Apertura",406,"Liga 1, Apertura",,2026-05-30,Unknown,,282538,Club Atlético Grau,492848,CD Moquegua,1,0,0,0,,,,,H,2026-06-24,58%,42%,2.80,1.12,3,0,10,2,0,5,3,3,7,8,140,95,1,3,6,0,2,0,113,56,0,1
16229299,Romania,"Super Liga, Europe Playoffs",152,"Super Liga, Europe Playoffs",,2026-05-30,Unknown,,3292,FC Dinamo București,3301,FCSB,1,2,0,0,,,,,A,2026-06-24,66%,34%,2.41,1.36,0,1,1,1,0,1,0,0,1,3,94,50,0,3,1,1,0,0,83,41,,
15403883,South Korea,K-League 2,777,K-League 2,,2026-05-30,Unknown,,7642,Busan I Park,314294,Paju Frontier FC,4,1,0,0,,,,,H,2026-06-24,50%,50%,2.63,1.18,,,18,17,4,5,8,6,8,4,346,323,1,1,9,5,3,0,263,250,0,0
15403884,South Korea,K-League 2,777,K-League 2,,2026-05-30,Unknown,,339827,Chungnam Asan FC,7652,Suwon Samsung Bluewings,2,1,0,0,,,,,H,2026-06-24,34%,66%,0.54,2.56,,,6,17,3,0,1,8,16,9,286,535,5,1,2,4,0,1,228,468,0,0
15403891,South Korea,K-League 2,777,K-League 2,,2026-05-30,Unknown,,41266,Yongin City FC,7644,Daegu FC,1,1,0,0,,,,,D,2026-06-24,44%,56%,1.87,0.88,,,6,11,3,1,5,5,11,14,340,445,3,1,2,4,2,0,269,393,0,0
16301430,South Korea,K-League 2,777,K-League 2,,2026-05-30,Unknown,,1236533,Yongin FC,7644,Daegu FC,1,1,0,0,,,,,D,2026-06-24,,,,,,,,,,,,,,,,,,,,,,,,,,
15403885,South Korea,K-League 2,777,K-League 2,,2026-05-30,Unknown,,41260,Gimhae City FC,195172,Gimpo FC,1,2,0,0,,,,,A,2026-06-24,48%,52%,0.98,0.92,,,13,11,2,3,5,7,12,11,327,428,2,2,4,4,1,4,256,363,0,0
15403890,South Korea,K-League 2,777,K-League 2,,2026-05-30,Unknown,,41261,Suwon FC,7651,Seongnam FC,0,0,0,0,,,,,D,2026-06-24,36%,64%,0.80,2.56,,,14,17,6,1,5,6,9,11,298,535,3,2,1,6,0,3,237,455,0,0
15272430,Sweden,Allsvenskan,40,Allsvenskan,,2026-05-30,Unknown,,1766,Örgryte IS,1762,IF Elfsborg,2,2,0,0,,,,,D,2026-06-24,56%,44%,1.29,1.55,2,1,10,7,2,0,2,2,5,7,218,180,0,2,2,3,1,0,171,134,,
15272291,Sweden,Superettan,46,Superettan,,2026-05-30,Unknown,,1772,Landskrona BoIS,1777,IK Brage,2,2,0,0,,,,,D,2026-06-24,61%,39%,1.86,1.58,,,19,16,2,6,12,5,8,9,463,290,1,2,8,4,1,1,370,215,0,0
15272305,Sweden,Superettan,46,Superettan,,2026-05-30,Unknown,,1824,Ljungskile SK,7101,Varbergs BoIS,1,3,0,0,,,,,A,2026-06-24,60%,40%,2.13,1.24,,,14,18,4,1,1,5,15,21,364,241,3,3,2,7,0,0,300,181,0,0
16236665,Uruguay,"Liga AUF Uruguaya, Intermedio, Serie A",278,"Liga AUF Uruguaya, Intermedio, Serie A",,2026-05-30,Unknown,,25009,Cerro Largo,22011,CA Cerro,2,0,0,0,,,,,H,2026-06-24,64%,36%,1.28,0.73,,,19,8,0,3,5,1,9,7,543,235,1,3,5,0,1,1,463,166,0,1
16236667,Uruguay,"Liga AUF Uruguaya, Intermedio, Serie A",278,"Liga AUF Uruguaya, Intermedio, Serie A",,2026-05-30,Unknown,,25010,Racing de Montevideo,3229,Defensor Sporting,0,0,0,0,,,,,D,2026-06-24,44%,56%,1.85,0.57,,,24,7,1,3,9,1,12,4,324,329,0,1,3,1,0,1,221,213,0,0
15285443,USA,"USL, League One",13362,"USL, League One",,2026-05-30,Unknown,,407748,One Knoxville SC,312633,Greenville Triumph SC,2,0,0,0,,,,,H,2026-06-24,49%,51%,1.20,0.19,1,0,5,6,2,1,5,4,9,7,145,154,1,3,2,2,1,1,108,112,,
15227323,USA,"USL, League One",13362,"USL, League One",,2026-05-30,Unknown,,312632,Forward Madison FC,284113,Corpus Christi FC,3,0,0,0,,,,,H,2026-06-24,63%,37%,2.31,0.52,2,0,10,3,1,3,3,3,8,6,242,135,1,2,5,1,1,3,211,108,,
15388492,USA,NWSL,1690,NWSL,,2026-05-30,Unknown,,377825,Racing Louisville,1165117,Denver Summit FC,0,1,0,0,,,,,A,2026-06-24,38%,62%,0.52,2.81,2,3,2,8,2,2,0,4,7,4,147,246,1,1,2,3,2,0,105,203,,
15388490,USA,NWSL,1690,NWSL,,2026-05-30,Unknown,,215083,Orlando Pride,505655,Bay FC,3,1,0,0,,,,,H,2026-06-24,44%,56%,1.30,1.40,2,0,4,10,2,1,1,4,1,4,190,232,,,3,2,1,0,161,197,,
16236687,Uruguay,"Liga AUF Uruguaya, Intermedio, Serie B",278,"Liga AUF Uruguaya, Intermedio, Serie B",,2026-05-30,Unknown,,3228,Danubio,3238,Progreso,1,2,0,0,,,,,A,2026-06-24,55%,45%,0.56,2.17,,,7,22,7,2,3,7,17,10,338,304,2,2,3,9,4,1,259,205,0,0
16236688,Uruguay,"Liga AUF Uruguaya, Intermedio, Serie B",278,"Liga AUF Uruguaya, Intermedio, Serie B",,2026-05-30,Unknown,,278204,Albion FC,174972,Montevideo City Torque,1,2,0,0,,,,,A,2026-06-24,43%,57%,0.59,1.43,,,7,20,3,3,4,11,8,15,288,448,3,3,4,5,1,0,212,367,2,0
15886353,Denmark,"Betinia Liga, Relegation Round",47,"Betinia Liga, Relegation Round",,2026-05-31,Unknown,,1290,AaB,36095,HB Køge,1,0,0,0,,,,,H,2026-06-24,48%,52%,0.61,0.50,0,1,5,6,2,2,0,1,7,11,239,257,3,0,2,2,3,4,202,209,,
15886357,Denmark,"Betinia Liga, Relegation Round",47,"Betinia Liga, Relegation Round",,2026-05-31,Unknown,,1298,Boldklubben af 1893,4874,Aarhus Fremad,2,2,0,0,,,,,D,2026-06-24,57%,43%,2.14,1.98,1,1,8,5,3,2,5,3,6,7,271,199,0,2,3,3,2,0,236,165,,
15886347,Denmark,"Betinia Liga, Relegation Round",47,"Betinia Liga, Relegation Round",,2026-05-31,Unknown,,1392,Hobro,22163,Middelfart,3,2,0,0,,,,,H,2026-06-24,47%,53%,2.42,2.24,0,2,2,7,2,0,1,3,6,5,256,281,,,0,5,3,0,215,247,,
15272749,Finland,Veikkausliiga,41,Veikkausliiga,,2026-05-31,Unknown,,2242,HJK,5058,IFK Mariehamn,1,0,0,0,,,,,H,2026-06-24,61%,39%,3.05,2.43,,,18,16,3,2,7,1,13,16,526,312,2,4,3,3,1,2,435,219,0,0
15472497,Latvia,Virsliga,197,Virsliga,,2026-05-31,Unknown,,146336,FK Liepaja,36080,FK Tukums 2000,3,0,0,0,,,,,H,2026-06-24,54%,46%,2.09,1.45,,,14,17,6,4,8,4,10,8,498,383,2,3,6,6,2,0,430,313,0,0
15546908,Lithuania,TOPLYGA,198,TOPLYGA,,2026-05-31,Unknown,,35388,FK Banga Gargždai,312564,Šiauliai FA,1,1,0,0,,,,,D,2026-06-24,43%,57%,3.00,1.39,,,20,15,6,3,4,7,16,12,367,469,1,2,4,7,1,0,298,380,0,0
16236610,Netherlands,"Tweede Divisie, Relegation/Promotion Playoffs",11402,"Tweede Divisie, Relegation/Promotion Playoffs",,2026-05-31,Unknown,,34731,Excelsior Maassluis,35052,VVSB Noordwijkerhout,3,0,0,0,,,,,H,2026-06-24,,,,,,,,,,,,,,,,,,,,,,,,,,
16236608,Netherlands,"Tweede Divisie, Relegation/Promotion Playoffs",11402,"Tweede Divisie, Relegation/Promotion Playoffs",,2026-05-31,Unknown,,25382,FC Lisse,35047,ADO '20 Heemskerk,0,1,0,0,,,,,A,2026-06-24,,,,,,,,,,,,,,,,,,,,,,,,,,
16236609,Netherlands,"Tweede Divisie, Relegation/Promotion Playoffs",11402,"Tweede Divisie, Relegation/Promotion Playoffs",,2026-05-31,Unknown,,117734,DVS '33 Ermelo,231534,FC Rijnvogels,2,2,0,0,,,,,D,2026-06-24,,,,,,,,,,,,,,,,,,,,,,,,,,
16236611,Netherlands,"Tweede Divisie, Relegation/Promotion Playoffs",11402,"Tweede Divisie, Relegation/Promotion Playoffs",,2026-05-31,Unknown,,6482,VV IJsselmeervogels,6492,VV Sparta Nijkerk,2,1,0,0,,,,,H,2026-06-24,,,,,,,,,,,,,,,,,,,,,,,,,,
16233430,South Africa,"Premier League, Relegation/Promotion Playoffs",358,"Premier League, Relegation/Promotion Playoffs",,2026-05-31,Unknown,,90844,Magesi FC,229679,Cape Town City FC,2,0,0,0,,,,,H,2026-06-24,,,,,,,,,,,,,,,,,2,1,,,,,,,0,1
15272429,Sweden,Allsvenskan,40,Allsvenskan,,2026-05-31,Unknown,,1764,AIK,1793,IK Sirius,0,3,0,0,,,,,A,2026-06-24,69%,31%,2.16,1.79,0,0,8,4,1,1,5,0,8,10,257,117,4,2,1,2,1,1,210,79,,
15272434,Sweden,Allsvenskan,40,Allsvenskan,,2026-05-31,Unknown,,1786,GAIS,1891,Kalmar FF,3,0,0,0,,,,,H,2026-06-24,51%,49%,1.22,1.21,1,2,8,6,0,1,5,1,5,4,245,236,1,1,2,0,0,0,199,193,,
15272435,Sweden,Allsvenskan,40,Allsvenskan,,2026-05-31,Unknown,,1892,Malmö FF,1767,Halmstads BK,5,2,0,0,,,,,H,2026-06-24,68%,32%,3.24,1.65,4,0,10,5,1,4,2,1,9,5,324,149,1,0,7,1,0,0,292,117,,
15272304,Sweden,Superettan,46,Superettan,,2026-05-31,Unknown,,1812,Falkenbergs FF,1860,IK Oddevold,2,1,0,0,,,,,H,2026-06-24,42%,58%,1.34,2.28,,,10,11,5,4,3,8,8,17,383,556,0,0,6,6,3,2,297,450,0,0
15272302,Sweden,Superettan,46,Superettan,,2026-05-31,Unknown,,1763,GIF Sundsvall,1844,Sandvikens IF,0,3,0,0,,,,,A,2026-06-24,47%,53%,0.46,1.85,,,6,9,3,1,7,3,10,4,464,561,2,0,1,6,2,3,394,507,0,0
15254039,Sweden,Damallsvenskan,214,Damallsvenskan,,2026-05-31,Unknown,,1878,Djurgårdens IF DFF,112689,Eskilstuna Utd DFF,0,0,0,0,,,,,D,2026-06-24,59%,41%,1.88,1.31,,,18,8,0,6,9,8,7,7,611,339,0,0,6,0,4,2,488,233,0,0
15254042,Sweden,Damallsvenskan,214,Damallsvenskan,,2026-05-31,Unknown,,258774,IK Uppsala,7388,AIK,2,2,0,0,,,,,D,2026-06-24,46%,54%,1.78,3.29,,,12,19,5,4,1,11,20,7,339,310,2,0,6,7,1,0,241,216,0,0
15254041,Sweden,Damallsvenskan,214,Damallsvenskan,,2026-05-31,Unknown,,102033,Norrköping DFK,32871,Piteå IF,1,2,0,0,,,,,A,2026-06-24,49%,51%,2.97,0.77,,,15,7,1,2,7,3,9,12,388,316,1,0,3,3,1,2,288,236,0,0
16208682,Algeria,Ligue 1,841,Ligue 1,,2026-05-31,Unknown,,238383,MB Rouissat,42206,USM Alger,1,0,0,0,,,,,H,2026-06-24,50%,50%,,,,,,,,,3,3,,,,,0,1,3,0,,,,,0,0
15275664,Argentina,Primera B Nacional,703,Primera B Nacional,,2026-05-31,Unknown,,112493,Colegiales,265787,Agropecuario Argentino,0,0,0,0,,,,,D,2026-06-24,63%,37%,1.14,0.63,,,17,7,2,1,4,1,11,11,494,280,1,0,1,2,3,2,392,180,0,0
15275657,Argentina,Primera B Nacional,703,Primera B Nacional,,2026-05-31,Unknown,,93107,Estudiantes de Buenos Aires,6074,Godoy Cruz,1,0,0,0,,,,,H,2026-06-24,42%,58%,2.76,1.50,,,16,8,3,6,3,5,7,20,294,470,1,4,6,3,4,2,219,370,0,0
15275658,Argentina,Primera B Nacional,703,Primera B Nacional,,2026-05-31,Unknown,,36834,All Boys,112497,Los Andes,0,0,0,0,,,,,D,2026-06-24,47%,53%,0.94,0.81,,,11,13,1,5,4,7,11,14,312,354,3,2,5,1,1,1,205,267,0,0
15275655,Argentina,Primera B Nacional,703,Primera B Nacional,,2026-05-31,Unknown,,43740,Almirante Brown,3207,Club Atletico Colón,1,1,0,0,,,,,D,2026-06-24,38%,62%,1.10,0.47,,,16,8,2,9,2,6,13,8,259,399,0,0,7,3,1,4,170,298,0,0
15275653,Argentina,Primera B Nacional,703,Primera B Nacional,,2026-05-31,Unknown,,52215,Defensores de Belgrano,213361,San Telmo,1,0,0,0,,,,,H,2026-06-24,50%,50%,2.01,0.37,,,19,5,1,8,6,2,12,16,337,255,3,5,7,1,0,4,234,191,0,0
15389346,Australia,Queensland NPL,1268,Queensland NPL,,2026-05-31,Unknown,,251786,Magic United TFA,47708,Queensland Lions FC,3,5,0,0,,,,,A,2026-06-24,48%,52%,1.49,3.84,,,14,24,10,3,6,5,9,10,450,459,2,0,6,15,1,4,340,356,0,0
15389347,Australia,Queensland NPL,1268,Queensland NPL,,2026-05-31,Unknown,,91928,Olympic FC,91920,Brisbane City,2,3,0,0,,,,,A,2026-06-24,48%,52%,1.11,1.57,,,13,16,3,0,3,5,8,10,372,463,3,0,2,6,3,3,278,369,0,0
14083412,Spain,LaLiga 2,54,LaLiga 2,,2026-05-31,Unknown,,2869,AD Ceuta,2848,Albacete Balompié,1,0,0,0,,,,,H,2026-06-24,57%,43%,1.10,1.05,1,2,5,6,2,2,4,3,6,7,219,162,2,0,2,2,1,0,194,126,,
14081786,Spain,LaLiga 2,54,LaLiga 2,,2026-05-31,Unknown,,24360,Real Sociedad B U21,2868,Cultural Leonesa,1,1,0,0,,,,,D,2026-06-24,42%,58%,1.35,0.71,2,1,8,6,0,2,2,1,6,7,164,235,1,0,3,1,2,0,136,195,,
14083399,Spain,LaLiga 2,54,LaLiga 2,,2026-05-31,Unknown,,33779,Granada,2852,Sporting Gijón,1,2,0,0,,,,,A,2026-06-24,61%,39%,1.14,0.51,0,2,4,4,0,1,0,2,1,5,262,171,0,1,1,1,2,0,232,128,,
16236411,Spain,"Primera RFEF, Promotion Playoff",17073,"Primera RFEF, Promotion Playoff",,2026-05-31,Unknown,,6195,SD Ponferradina,24326,Atlético Madrileño,0,0,0,0,,,,,D,2026-06-24,52%,48%,1.41,0.46,,,10,9,3,2,4,6,10,14,265,202,3,4,2,3,7,0,197,156,0,1
15942034,Bolivia,División Profesional,16736,División Profesional,,2026-05-31,Unknown,,423188,Academia de Balompié Boliviano,268083,Club Always Ready,1,3,0,0,,,,,A,2026-06-24,47%,53%,2.30,4.18,2,2,10,14,8,2,1,3,5,7,178,193,2,2,3,9,0,1,146,166,,
15235589,Brazil,Brasileirão Betano,325,Brasileirão Betano,,2026-05-31,Unknown,,1967,Athletico,21982,Mirassol,1,0,0,0,,,,,H,2026-06-24,52%,48%,1.06,0.12,1,0,10,5,1,1,4,2,5,5,214,195,2,2,2,1,0,0,182,168,,
15235579,Brazil,Brasileirão Betano,325,Brasileirão Betano,,2026-05-31,Unknown,,5981,Flamengo,1982,Coritiba,3,0,0,0,,,,,H,2026-06-24,63%,37%,0.85,0.73,1,1,9,5,2,1,1,3,5,0,349,204,2,0,3,2,,,328,173,0,0
15235585,Brazil,Brasileirão Betano,325,Brasileirão Betano,,2026-05-31,Unknown,,1955,Bahia,1958,Botafogo,2,1,0,0,,,,,H,2026-06-24,70%,30%,1.48,0.29,2,1,16,3,2,4,7,0,8,4,264,123,2,1,5,2,0,1,225,78,0,0
15235583,Brazil,Brasileirão Betano,325,Brasileirão Betano,,2026-05-31,Unknown,,5926,Grêmio,1957,Corinthians,1,3,0,0,,,,,A,2026-06-24,37%,63%,0.40,0.90,1,1,6,8,2,1,3,2,12,10,144,259,2,1,1,4,0,0,120,236,1,0
15235580,Brazil,Brasileirão Betano,325,Brasileirão Betano,,2026-05-31,Unknown,,1968,Santos,1962,Vitória,3,1,0,0,,,,,H,2026-06-24,26%,74%,0.47,0.74,1,3,3,14,6,0,1,4,9,3,78,211,2,2,2,7,0,1,44,174,1,0
15526112,Brazil,Brasileirão Série B,390,Brasileirão Série B,,2026-05-31,Unknown,,7314,Atlético Goianiense,1960,Goiás,1,1,0,0,,,,,D,2026-06-24,64%,36%,1.75,0.62,4,1,9,4,1,2,6,2,10,4,192,106,4,3,3,2,0,0,169,83,,
15526113,Brazil,Brasileirão Série B,390,Brasileirão Série B,,2026-05-31,Unknown,,7315,Avaí,1984,Criciúma,1,2,0,0,,,,,A,2026-06-24,60%,40%,0.22,0.81,1,2,4,10,1,0,1,5,4,12,212,128,2,2,1,2,0,0,172,90,,
15526109,Brazil,Brasileirão Série B,390,Brasileirão Série B,,2026-05-31,Unknown,,342775,Athletic Club,2020,Fortaleza,1,0,0,0,,,,,H,2026-06-24,40%,60%,0.61,0.37,1,1,5,5,1,0,5,4,7,9,154,232,0,0,1,1,0,0,123,199,,
15526114,Brazil,Brasileirão Série B,390,Brasileirão Série B,,2026-05-31,Unknown,,1959,Sport Recife,2011,Náutico,2,0,0,0,,,,,H,2026-06-24,33%,67%,1.24,0.77,2,1,4,11,4,2,1,6,8,6,120,235,3,1,3,4,0,0,80,190,,
15617645,Brazil,Brasileirão Série C,1281,Brasileirão Série C,,2026-05-31,Unknown,,21853,AO Itabaiana,6982,Volta Redonda,0,1,0,0,,,,,A,2026-06-24,67%,33%,1.14,0.88,,,18,9,1,4,7,3,15,21,380,170,1,3,4,2,2,4,288,103,0,0
15617647,Brazil,Brasileirão Série C,1281,Brasileirão Série C,,2026-05-31,Unknown,,274286,Floresta,2017,Confiança,1,0,0,0,,,,,H,2026-06-24,35%,65%,0.62,0.68,,,16,21,3,4,8,11,13,8,247,569,1,1,5,3,2,1,190,496,0,0
15617653,Brazil,Brasileirão Série C,1281,Brasileirão Série C,,2026-05-31,Unknown,,49196,Botafogo-PB,135324,Maringá FC,2,1,0,0,,,,,H,2026-06-24,43%,57%,2.40,1.78,,,15,16,4,4,3,4,32,11,251,328,3,2,5,4,1,1,180,259,0,0
15617648,Brazil,Brasileirão Série C,1281,Brasileirão Série C,,2026-05-31,Unknown,,2000,Caxias,2025,Ituano,2,1,0,0,,,,,H,2026-06-24,68%,32%,1.30,2.14,,,15,11,5,3,3,4,10,8,596,280,2,3,5,6,2,0,508,204,0,1
15502819,Canada,Canadian Premier League,13470,Canadian Premier League,,2026-05-31,Unknown,,309892,HFX Wanderers FC,463097,Vancouver FC,1,0,0,0,,,,,H,2026-06-24,49%,51%,0.47,1.53,1,1,4,9,2,1,1,2,6,6,206,214,3,1,2,2,1,0,170,173,1,0
15502820,Canada,Canadian Premier League,13470,Canadian Premier League,,2026-05-31,Unknown,,309888,Pacific FC,342076,Atlético Ottawa,2,2,0,0,,,,,D,2026-06-24,30%,70%,1.29,2.91,1,3,6,8,1,1,1,2,7,7,131,323,2,1,2,2,1,0,101,289,1,0
16231159,Japan,"J1 League, Placement Matches",196,"J1 League, Placement Matches",,2026-05-31,Unknown,,34034,Fagiano Okayama,3145,Urawa Red Diamonds,1,1,0,0,,,,,D,2026-06-24,37%,63%,2.62,0.63,1,0,9,3,0,2,2,0,6,4,142,248,,,3,1,1,1,109,210,,
16231158,Japan,"J1 League, Placement Matches",196,"J1 League, Placement Matches",,2026-05-31,Unknown,,3133,Shimizu S-Pulse,3137,Yokohama F. Marinos,1,1,0,0,,,,,D,2026-06-24,58%,42%,1.02,0.63,1,1,6,1,0,0,4,0,3,8,191,148,1,0,1,1,1,1,134,102,,
16231138,Japan,"J2/J3 League, Placement Matches",402,"J2/J3 League, Placement Matches",,2026-05-31,Unknown,,44523,Blaublitz Akita,3142,Hokkaido Consadole Sapporo,6,5,0,0,,,,,H,2026-06-24,38%,62%,1.42,2.35,,,12,22,5,2,4,10,20,14,300,637,1,1,3,6,7,0,186,526,0,0
16231149,Japan,"J2/J3 League, Placement Matches",402,"J2/J3 League, Placement Matches",,2026-05-31,Unknown,,79907,FC Imabari,44528,FC Ryukyu,1,2,0,0,,,,,A,2026-06-24,37%,63%,0.82,1.13,,,15,7,1,1,3,3,13,6,269,534,1,3,2,3,3,2,198,450,0,0
16231151,Japan,"J2/J3 League, Placement Matches",402,"J2/J3 League, Placement Matches",,2026-05-31,Unknown,,38157,Kamatamare Sanuki,40029,Giravanz Kitakyushu,3,1,0,0,,,,,H,2026-06-24,37%,63%,2.86,1.53,,,15,7,5,2,7,3,12,7,202,410,0,0,5,5,0,0,126,330,0,0
16225830,Czech Republic,"Czech First League, Relegation/Promotion",172,"Czech First League, Relegation/Promotion",,2026-05-31,Unknown,,4871,1. FC Slovácko,35264,SK Artis Brno,3,0,0,0,,,,,H,2026-06-24,74%,26%,,,0,0,4,5,1,0,3,4,8,3,345,113,1,0,0,1,1,0,316,86,,
15885992,Denmark,"Betinia Liga, Promotion Group",47,"Betinia Liga, Promotion Group",,2026-05-31,Unknown,,1297,AC Horsens,22162,Kolding IF,1,0,0,0,,,,,H,2026-06-24,45%,55%,1.17,0.33,1,0,5,3,0,1,5,0,8,5,171,210,2,1,2,0,1,1,121,167,,
15885988,Denmark,"Betinia Liga, Promotion Group",47,"Betinia Liga, Promotion Group",,2026-05-31,Unknown,,1287,Esbjerg FB,1756,Lyngby,2,1,0,0,,,,,H,2026-06-24,50%,50%,0.79,1.77,1,2,5,10,4,1,2,6,10,6,233,226,0,2,3,4,1,2,190,179,,
15885994,Denmark,"Betinia Liga, Promotion Group",47,"Betinia Liga, Promotion Group",,2026-05-31,Unknown,,1371,Hillerød Fodbold,1305,Hvidovre,2,1,0,0,,,,,H,2026-06-24,49%,51%,1.62,1.35,1,0,7,9,3,2,3,4,6,6,239,251,1,2,3,5,2,2,201,212,,
15502579,Ecuador,"LigaPro Serie A, Primera Etapa",240,"LigaPro Serie A, Primera Etapa",,2026-05-31,Unknown,,33561,Manta FC,394127,Libertad,2,1,0,0,,,,,H,2026-06-24,64%,36%,3.97,1.18,5,0,15,3,1,3,6,1,3,13,142,90,0,4,5,1,1,1,114,62,,
15502577,Ecuador,"LigaPro Serie A, Primera Etapa",240,"LigaPro Serie A, Primera Etapa",,2026-05-31,Unknown,,5257,LDU,277525,Orense SC,0,0,0,0,,,,,D,2026-06-24,,,,,,,,,,,,,,,,,,,,,,,,,,
15502576,Ecuador,"LigaPro Serie A, Primera Etapa",240,"LigaPro Serie A, Primera Etapa",,2026-05-31,Unknown,,5251,Deportivo Cuenca,213638,Delfín,1,0,0,0,,,,,H,2026-06-24,76%,24%,1.84,0.55,1,0,11,5,2,1,6,0,7,11,232,76,1,4,2,2,2,0,202,44,0,1
15432366,Estonia,Premium Liiga,178,Premium Liiga,,2026-05-31,Unknown,,138566,Tartu JK Tammeka,3342,FCI Levadia Tallinn,0,1,0,0,,,,,A,2026-06-24,44%,56%,0.96,1.91,,,6,25,9,3,2,8,10,8,354,531,6,1,3,9,1,4,291,439,1,0
15514279,Estonia,Esiliiga,678,Esiliiga,,2026-05-31,Unknown,,383797,FC Nõmme United U21,44459,Viimsi JK,0,0,0,0,,,,,D,2026-06-24,,,,,,,,,,,,,,,,,,,,,,,,,,
15272753,Finland,Veikkausliiga,41,Veikkausliiga,,2026-05-31,Unknown,,2249,FC Lahti,22386,Ilves,5,0,0,0,,,,,H,2026-06-24,55%,45%,6.29,0.87,,,17,8,4,4,1,3,7,17,505,392,0,3,9,4,2,2,435,310,0,0
15272750,Finland,Veikkausliiga,41,Veikkausliiga,,2026-05-31,Unknown,,2271,IF Gnistan,22395,SJK,3,2,0,0,,,,,H,2026-06-24,34%,66%,1.54,1.16,,,15,13,2,5,2,9,14,15,203,418,3,2,7,4,3,2,149,350,0,0
15272751,Finland,Veikkausliiga,41,Veikkausliiga,,2026-05-31,Unknown,,2244,Kuopion Palloseura,2247,Inter Turku,1,1,0,0,,,,,D,2026-06-24,45%,55%,0.52,1.34,,,7,9,3,1,4,2,15,9,426,443,2,3,2,4,0,3,366,377,0,0
15272752,Finland,Veikkausliiga,41,Veikkausliiga,,2026-05-31,Unknown,,2254,Turun Palloseura,2246,VPS,1,0,0,0,,,,,H,2026-06-24,37%,63%,0.09,1.92,,,1,22,9,1,2,9,15,15,234,462,3,1,1,9,0,2,170,380,0,0
15272754,Finland,Veikkausliiga,41,Veikkausliiga,,2026-05-31,Unknown,,5114,AC Oulu,2252,FF Jaro,2,1,0,0,,,,,H,2026-06-24,53%,47%,1.50,1.65,,,11,15,2,5,6,3,4,11,436,389,1,2,7,3,3,1,342,298,0,0
16231146,Japan,"J2/J3 League, Placement Matches",402,"J2/J3 League, Placement Matches",,2026-05-31,Unknown,,21902,Montedio Yamagata,26011,Matsumoto Yamaga FC,1,2,0,0,,,,,A,2026-06-24,50%,50%,1.84,1.21,,,19,18,3,1,7,10,11,12,500,454,2,0,2,5,2,3,394,357,0,0
16231144,Japan,"J2/J3 League, Placement Matches",402,"J2/J3 League, Placement Matches",,2026-05-31,Unknown,,21906,Thespa Gunma,21900,FC Gifu,0,1,0,0,,,,,A,2026-06-24,46%,54%,0.17,1.58,,,5,14,2,1,2,7,5,17,371,466,1,1,1,3,2,2,289,380,0,0
16231148,Japan,"J2/J3 League, Placement Matches",402,"J2/J3 League, Placement Matches",,2026-05-31,Unknown,,26009,Tochigi SC,79883,AC Nagano Parceiro,3,5,0,0,,,,,A,2026-06-24,46%,54%,0.77,0.33,,,8,8,2,4,5,3,16,11,516,615,3,2,4,2,2,1,399,514,0,0
16231139,Japan,"J2/J3 League, Placement Matches",402,"J2/J3 League, Placement Matches",,2026-05-31,Unknown,,38138,Zweigen Kanazawa,38141,Gainare Tottori,1,3,0,0,,,,,A,2026-06-24,65%,35%,1.27,2.72,,,12,9,2,2,3,4,12,9,517,303,0,2,3,5,0,1,445,231,0,0
15472499,Latvia,Virsliga,197,Virsliga,,2026-05-31,Unknown,,5346,FK Auda,477400,Ogre United,2,0,0,0,,,,,H,2026-06-24,72%,28%,2.20,0.94,,,14,8,3,4,6,3,16,18,491,203,6,5,6,3,2,1,413,141,1,0
15472500,Latvia,Virsliga,197,Virsliga,,2026-05-31,Unknown,,36081,FS Jelgava,41498,BFC Daugavpils,1,1,0,0,,,,,D,2026-06-24,41%,59%,1.52,2.93,,,11,22,4,5,10,7,10,7,297,428,1,0,4,5,2,1,237,355,0,0
15546915,Lithuania,TOPLYGA,198,TOPLYGA,,2026-05-31,Unknown,,80741,FK Kauno Žalgiris,5345,FK Žalgiris,0,1,0,0,,,,,A,2026-06-24,64%,36%,1.07,1.18,,,13,12,7,4,5,5,12,11,559,259,1,2,4,8,0,4,478,207,0,0
15260818,Norway,Eliteserien,20,Eliteserien,,2026-05-31,Unknown,,664,Lillestrøm SK,1164,Viking FK,0,0,0,0,,,,,D,2026-06-24,,,,,,,,,,,,,,,,,,,,,,,,,,
15260819,Norway,Eliteserien,20,Eliteserien,,2026-05-31,Unknown,,661,Molde FK,676,Sandefjord Fotball,2,1,0,0,,,,,H,2026-06-24,50%,50%,0.63,0.81,1,1,9,8,2,2,2,3,7,9,248,235,1,3,3,3,0,1,190,193,,
15265798,Norway,1st Division,22,1st Division,,2026-05-31,Unknown,,662,Moss FK,1162,Stabæk Fotball,2,2,0,0,,,,,D,2026-06-24,42%,58%,2.67,2.61,,,18,19,4,3,7,4,15,11,367,547,2,3,5,6,0,3,275,459,0,0
15265799,Norway,1st Division,22,1st Division,,2026-05-31,Unknown,,659,Odds BK,657,Lyn FK,3,0,0,0,,,,,H,2026-06-24,50%,50%,1.09,1.71,,,10,14,4,2,5,8,12,10,456,548,2,0,5,4,2,1,373,450,0,0
15632636,Europe,"UEFA Champions League, Knockout stage",7,"UEFA Champions League, Knockout stage",,2026-05-31,Unknown,,1644,Paris Saint-Germain,42,Arsenal,5,4,0,0,,,,,H,2026-06-24,77%,23%,0.12,0.08,0,0,2,3,0,1,1,1,2,0,128,35,1,0,1,0,0,0,119,23,,
16141337,North & Central America,CONCACAF Champions Cup,498,CONCACAF Champions Cup,,2026-05-31,Unknown,,1931,CD Toluca,1940,Tigres UANL,7,6,0,0,,,,,H,2026-06-24,37%,63%,0.55,1.99,0,1,0,2,1,0,0,0,4,2,37,62,0,0,0,2,0,0,24,52,,
16246260,World,Club Friendly Games,853,Club Friendly Games,,2026-05-31,Unknown,,411593,FC Diarra,69324,Djoliba AC,0,2,0,0,,,,,A,2026-06-24,,,,,,,,,,,,,,,,,,,,,,,,,,
16153068,Peru,"Liga 1, Apertura",406,"Liga 1, Apertura",,2026-05-31,Unknown,,335557,Asociación Deportiva Tarma,63760,Cusco FC,1,2,0,0,,,,,A,2026-06-24,68%,32%,3.48,0.97,3,0,14,4,1,7,5,0,7,6,211,108,0,3,7,1,1,1,185,81,,
16153074,Peru,"Liga 1, Apertura",406,"Liga 1, Apertura",,2026-05-31,Unknown,,458584,Deportivo Garcilaso,511206,CD Juan Pablo II,4,1,0,0,,,,,H,2026-06-24,51%,49%,2.58,1.19,4,1,8,4,1,2,0,2,12,2,169,151,1,0,5,2,0,1,149,130,0,0
16153073,Peru,"Liga 1, Apertura",406,"Liga 1, Apertura",,2026-05-31,Unknown,,2312,Sport Boys,213609,Comerciantes Unidos,1,0,0,0,,,,,H,2026-06-24,55%,45%,1.90,0.24,,,9,9,1,2,2,3,7,14,152,125,3,2,3,1,0,1,100,83,,
16153075,Peru,"Liga 1, Apertura",406,"Liga 1, Apertura",,2026-05-31,Unknown,,2305,Universitario de Deportes,33895,Sport Huancayo,2,1,0,0,,,,,H,2026-06-24,52%,48%,2.49,1.01,1,0,5,5,2,1,6,2,4,9,168,160,2,1,2,3,1,1,143,131,,
15403889,South Korea,K-League 2,777,K-League 2,,2026-05-31,Unknown,,195174,Hwaseong FC,22020,Gyeongnam FC,2,0,0,0,,,,,H,2026-06-24,45%,55%,2.54,0.32,,,17,9,5,3,5,2,16,9,406,486,2,2,5,5,3,0,343,406,0,0
15403888,South Korea,K-League 2,777,K-League 2,,2026-05-31,Unknown,,7643,Jeonnam Dragons,189422,Seoul E-Land FC,0,1,0,0,,,,,A,2026-06-24,58%,42%,0.68,2.61,,,12,11,4,3,4,1,13,12,550,434,0,0,3,5,3,2,472,359,0,0
15403893,South Korea,K-League 2,777,K-League 2,,2026-05-31,Unknown,,248375,Ansan Greeners FC,41263,Cheonan City FC,1,3,0,0,,,,,A,2026-06-24,42%,58%,3.81,2.02,,,20,19,4,7,8,6,13,12,383,517,2,1,8,7,2,2,288,432,0,0
15272433,Sweden,Allsvenskan,40,Allsvenskan,,2026-05-31,Unknown,,1760,BK Häcken,1758,Hammarby IF,3,2,0,0,,,,,H,2026-06-24,40%,60%,3.62,1.91,5,0,15,5,2,2,5,6,4,3,161,252,2,1,6,2,1,1,124,204,,
15272437,Sweden,Allsvenskan,40,Allsvenskan,,2026-05-31,Unknown,,1807,Degerfors IF,1787,IF Brommapojkarna,2,2,0,0,,,,,D,2026-06-24,47%,53%,1.03,2.17,2,5,6,11,5,1,1,2,6,4,199,226,0,0,2,6,0,1,159,193,,
15272439,Sweden,Allsvenskan,40,Allsvenskan,,2026-05-31,Unknown,,1775,Västerås SK,1761,IFK Göteborg,4,5,0,0,,,,,A,2026-06-24,68%,32%,3.34,1.47,3,0,15,2,0,2,5,1,3,8,248,115,0,2,4,1,1,2,208,80,,
15272289,Sweden,Superettan,46,Superettan,,2026-05-31,Unknown,,1781,Östers IF,1849,Norrby IF,2,1,0,0,,,,,H,2026-06-24,51%,49%,3.04,1.17,,,18,9,3,2,4,6,10,14,477,429,0,1,4,4,3,1,402,340,0,0
15272301,Sweden,Superettan,46,Superettan,,2026-05-31,Unknown,,1842,IFK Värnamo,377598,Nordic United FC,0,2,0,0,,,,,A,2026-06-24,56%,44%,0.34,2.16,,,3,20,7,1,3,5,11,12,518,367,0,2,1,9,4,1,393,258,0,0
15254040,Sweden,Damallsvenskan,214,Damallsvenskan,,2026-05-31,Unknown,,1886,Rosengård,112697,IF Brommapojkarna,1,2,0,0,,,,,A,2026-06-24,61%,39%,1.43,1.59,,,13,6,1,5,6,5,9,12,493,361,1,1,5,3,0,3,391,264,0,0
15254043,Sweden,Damallsvenskan,214,Damallsvenskan,,2026-05-31,Unknown,,8086,Kristianstads DFF,1889,BK Häcken FF,0,3,0,0,,,,,A,2026-06-24,50%,50%,0.77,2.60,,,8,18,6,2,3,0,15,7,437,415,2,1,2,9,1,2,341,318,0,0
15254045,Sweden,Damallsvenskan,214,Damallsvenskan,,2026-05-31,Unknown,,61572,Vittsjö GIK,1884,Hammarby IF,1,2,0,0,,,,,A,2026-06-24,32%,68%,1.56,1.95,,,9,15,5,4,2,6,6,7,309,684,0,0,5,7,4,1,211,568,0,0
15254044,Sweden,Damallsvenskan,214,Damallsvenskan,,2026-05-31,Unknown,,502806,Malmo FF,206340,Växjö DFF,3,0,0,0,,,,,H,2026-06-24,60%,40%,2.71,1.58,,,24,8,4,3,4,4,10,7,560,307,1,0,6,4,0,1,472,232,0,0
15285445,USA,"USL, League One",13362,"USL, League One",,2026-05-31,Unknown,,1044345,Portland Hearts of Pine,502354,Spokane Velocity FC,2,1,0,0,,,,,H,2026-06-24,51%,49%,0.99,2.05,2,1,6,9,3,1,1,2,6,2,227,216,1,0,3,4,0,1,177,160,,
15285444,USA,"USL, League One",13362,"USL, League One",,2026-05-31,Unknown,,312631,Chattanooga Red Wolves SC,197072,Charlotte Independence,2,3,0,0,,,,,A,2026-06-24,45%,55%,1.41,2.10,0,0,1,10,2,0,6,2,5,6,130,170,0,2,0,3,2,1,92,135,,
15285446,USA,"USL, League One",13362,"USL, League One",,2026-05-31,Unknown,,23841,Richmond Kickers,1158834,AC Boise,2,2,0,0,,,,,D,2026-06-24,26%,74%,1.40,2.75,1,2,8,13,4,1,0,4,6,4,109,311,4,1,2,6,0,0,68,272,,
15285447,USA,"USL, League One",13362,"USL, League One",,2026-05-31,Unknown,,1044342,Westchester SC,253417,South Georgia Tormenta FC,0,0,0,0,,,,,D,2026-06-24,,,,,,,,,,,,,,,,,,,,,,,,,,
15285449,USA,"USL, League One",13362,"USL, League One",,2026-05-31,Unknown,,341749,Fort Wayne FC,1044343,AV Alta FC,0,0,0,0,,,,,D,2026-06-24,68%,32%,2.06,0.30,3,0,17,4,0,3,5,1,7,6,240,120,2,3,3,0,1,0,213,87,0,1
15285450,USA,"USL, League One",13362,"USL, League One",,2026-05-31,Unknown,,465623,Sarasota Paradise,53903,New York Cosmos,2,1,0,0,,,,,H,2026-06-24,52%,48%,1.93,0.55,1,0,5,4,1,2,1,2,6,4,227,202,2,2,4,2,3,1,201,178,,
15285448,USA,"USL, League One",13362,"USL, League One",,2026-05-31,Unknown,,338006,Union Omaha SC,1044341,FC Naples,2,1,0,0,,,,,H,2026-06-24,55%,45%,1.90,1.14,0,0,7,9,2,3,4,1,9,6,213,178,1,3,4,2,,,177,141,,
15388493,USA,NWSL,1690,NWSL,,2026-05-31,Unknown,,377826,Kansas City Current,1165118,Boston Legacy FC,1,0,0,0,,,,,H,2026-06-24,43%,57%,2.93,0.82,2,0,7,4,1,1,1,1,3,7,161,219,0,2,3,1,1,1,122,165,,
15388494,USA,NWSL,1690,NWSL,,2026-05-31,Unknown,,151008,Portland Thorns FC,278067,Utah Royals FC,2,2,0,0,,,,,D,2026-06-24,57%,43%,2.83,3.51,2,2,10,11,2,3,4,2,7,5,201,151,1,4,5,3,1,2,160,99,,
15388495,USA,NWSL,1690,NWSL,,2026-05-31,Unknown,,151012,Washington Spirit,151010,Seattle Reign FC,2,1,0,0,,,,,H,2026-06-24,44%,56%,2.05,0.62,2,0,6,2,0,1,4,4,4,7,176,220,1,2,2,0,,,137,185,,
16090421,Venezuela,"Primera Division, Apertura, Main Round, Group A",231,"Primera Division, Apertura, Main Round, Group A",,2026-05-31,Unknown,,249952,Universidad Central,6234,Portuguesa FC,2,3,0,0,,,,,A,2026-06-24,59%,41%,3.35,2.37,3,3,12,14,4,3,2,3,7,11,177,126,4,5,5,5,0,2,142,98,,
16090430,Venezuela,"Primera Division, Apertura, Main Round, Group A",231,"Primera Division, Apertura, Main Round, Group A",,2026-05-31,Unknown,,36437,Deportivo La Guaira,230725,Academia Puerto Cabello,0,2,0,0,,,,,A,2026-06-24,70%,30%,1.11,1.37,0,1,7,3,0,0,5,2,8,7,251,105,4,3,0,1,0,1,219,66,,
15276229,Argentina,Primera B,1347,Primera B,,2026-05-31,Unknown,,270405,CS Dock Sud,107201,Brown de Adrogué,0,1,0,0,,,,,A,2026-06-24,,,,,,,,,,,,,,,,,,,,,,,,,,
15276228,Argentina,Primera B,1347,Primera B,,2026-05-31,Unknown,,112501,Club Comunicaciones,93105,Deportivo Armenio,0,1,0,0,,,,,A,2026-06-24,,,,,,,,,,,,,,,,,,,,,,,,,,
15276237,Argentina,Primera B,1347,Primera B,,2026-05-31,Unknown,,266250,Real Pilar,112507,UAI Urquiza,2,1,0,0,,,,,H,2026-06-24,,,,,,,,,,,,,,,,,,,,,,,,,,
16199181,Bahrain,"Premier League, Rel/Prom Playoffs",846,"Premier League, Rel/Prom Playoffs",,2026-05-31,Unknown,,213231,Al Ettihad,190807,Budaiya,0,1,0,0,,,,,A,2026-06-24,,,,,,,,,,,,,,,,,,,,,,,,,,
16199178,Bahrain,"Premier League, Rel/Prom Playoffs",846,"Premier League, Rel/Prom Playoffs",,2026-05-31,Unknown,,45475,Al Najma,45478,Manama,3,2,0,0,,,,,H,2026-06-24,,,,,,,,,,,,,,,,,,,,,,,,,,
15942036,Bolivia,División Profesional,16736,División Profesional,,2026-05-31,Unknown,,423186,CDT Real Oruro,505268,GV San José,0,0,0,0,,,,,D,2026-06-24,,,,,,,,,,,,,,,,,,,,,,,,,,
15942038,Bolivia,División Profesional,16736,División Profesional,,2026-05-31,Unknown,,335685,CD Real Tomayapo,372975,Club Independiente Petrolero,0,0,0,0,,,,,D,2026-06-24,,,,,,,,,,,,,,,,,,,,,,,,,,
15275667,Argentina,Primera B Nacional,703,Primera B Nacional,,2026-05-31,Unknown,,53799,Atlanta,222126,Gimnasia y Tiro de Salta,1,1,0,0,,,,,D,2026-06-24,66%,34%,1.29,0.74,,,12,7,3,5,6,1,14,18,433,174,5,4,6,4,1,2,339,109,0,0
15275652,Argentina,Primera B Nacional,703,Primera B Nacional,,2026-05-31,Unknown,,222120,Deportivo Madryn,112491,Acassuso,0,0,0,0,,,,,D,2026-06-24,66%,34%,1.52,0.23,,,18,7,1,2,5,4,10,20,419,264,1,5,2,1,2,3,327,184,0,0
15275662,Argentina,Primera B Nacional,703,Primera B Nacional,,2026-05-31,Unknown,,4938,Almagro,224646,Güemes,2,0,0,0,,,,,H,2026-06-24,41%,59%,1.59,0.19,,,16,6,3,4,12,1,17,8,286,407,4,3,6,1,2,2,213,324,0,0
15275656,Argentina,Primera B Nacional,703,Primera B Nacional,,2026-05-31,Unknown,,255425,CA Mitre,93109,Deportivo Morón,1,3,0,0,,,,,A,2026-06-24,63%,37%,1.76,2.06,,,12,9,3,2,4,2,8,13,548,242,1,1,3,6,3,0,452,188,0,0
15275654,Argentina,Primera B Nacional,703,Primera B Nacional,,2026-05-31,Unknown,,340432,Ciudad de Bolivar,264945,San Miguel,1,1,0,0,,,,,D,2026-06-24,50%,50%,0.79,0.75,,,6,10,4,3,4,6,17,13,295,268,3,1,4,3,2,0,218,180,0,0
15275666,Argentina,Primera B Nacional,703,Primera B Nacional,,2026-05-31,Unknown,,270344,Ferrocarril Midland,23950,San Martín de Tucumán,2,0,0,0,,,,,H,2026-06-24,50%,50%,1.36,0.56,,,10,12,3,5,4,2,14,13,345,325,2,4,7,3,2,4,223,219,0,0
15275663,Argentina,Primera B Nacional,703,Primera B Nacional,,2026-05-31,Unknown,,43741,Patronato,93513,Tristán Suárez,1,1,0,0,,,,,D,2026-06-24,66%,34%,1.16,0.29,,,9,2,0,0,6,1,6,12,428,225,0,2,1,1,7,3,342,142,0,0
15275660,Argentina,Primera B Nacional,703,Primera B Nacional,,2026-05-31,Unknown,,112499,Temperley,7772,San Martín de San Juan,2,1,0,0,,,,,H,2026-06-24,39%,61%,0.66,0.52,,,11,7,2,3,3,3,10,8,299,451,1,2,5,3,2,0,204,375,0,0
15275651,Argentina,Primera B Nacional,703,Primera B Nacional,,2026-05-31,Unknown,,255426,Central Norte de Salta,252726,Chaco For Ever,1,1,0,0,,,,,D,2026-06-24,30%,70%,0.08,0.41,,,3,10,2,0,0,4,10,13,178,495,2,4,1,3,1,6,112,411,1,0
15275661,Argentina,Primera B Nacional,703,Primera B Nacional,,2026-05-31,Unknown,,213042,Deportivo Maipú,3214,Club Atlético Chacarita Juniors,3,2,0,0,,,,,H,2026-06-24,52%,48%,3.02,1.94,,,13,12,2,5,10,8,9,10,336,295,3,3,8,4,0,2,240,212,0,0
15275665,Argentina,Primera B Nacional,703,Primera B Nacional,,2026-05-31,Unknown,,4936,Quilmes Atlético Club,34976,Atlético de Rafaela,2,0,0,0,,,,,H,2026-06-24,44%,56%,2.40,0.91,,,17,14,3,6,8,2,16,13,258,301,0,2,8,3,3,0,175,205,0,0
14083406,Spain,LaLiga 2,54,LaLiga 2,,2026-05-31,Unknown,,2858,Almería,2831,Real Valladolid,1,0,0,0,,,,,H,2026-06-24,44%,56%,3.29,1.22,4,0,12,2,0,4,1,1,10,8,152,195,1,2,5,0,0,0,130,161,,
14081785,Spain,LaLiga 2,54,LaLiga 2,,2026-05-31,Unknown,,2854,Burgos Club de Fútbol,324871,FC Andorra,1,0,0,0,,,,,H,2026-06-24,38%,62%,1.26,1.10,1,0,6,6,1,2,0,2,3,5,153,245,1,1,2,1,,,114,205,,
14081784,Spain,LaLiga 2,54,LaLiga 2,,2026-05-31,Unknown,,5067,CD Castellón,2839,Eibar,2,1,0,0,,,,,H,2026-06-24,41%,59%,2.22,0.85,2,2,9,10,1,3,3,5,9,5,151,216,0,1,4,2,0,1,116,186,,
14083395,Spain,LaLiga 2,54,LaLiga 2,,2026-05-31,Unknown,,2832,Deportivo de La Coruña,6577,Las Palmas,1,2,0,0,,,,,A,2026-06-24,37%,63%,0.36,0.31,0,1,2,3,0,2,0,2,5,4,237,415,0,0,2,0,0,2,212,385,,
14083415,Spain,LaLiga 2,54,LaLiga 2,,2026-05-31,Unknown,,2835,Real Racing Club,4488,Cádiz,4,1,0,0,,,,,H,2026-06-24,50%,50%,3.26,1.12,4,1,11,9,2,0,1,1,4,4,211,212,,,1,3,2,2,186,179,,
14081788,Spain,LaLiga 2,54,LaLiga 2,,2026-05-31,Unknown,,2815,Real Zaragoza,2830,Málaga CF,0,2,0,0,,,,,A,2026-06-24,44%,56%,0.40,3.38,1,2,4,7,2,2,1,3,8,9,175,230,1,1,2,3,0,0,143,203,,
14081787,Spain,LaLiga 2,54,LaLiga 2,,2026-05-31,Unknown,,2850,Córdoba,24265,Huesca,1,1,0,0,,,,,D,2026-06-24,63%,37%,2.66,1.39,3,3,12,7,3,3,4,3,4,5,235,134,0,2,4,4,1,2,203,102,,
14083403,Spain,LaLiga 2,54,LaLiga 2,,2026-05-31,Unknown,,2845,Leganés,35092,Mirandés,1,0,0,0,,,,,H,2026-06-24,27%,73%,0.31,1.36,1,1,3,7,3,1,3,1,11,7,85,223,2,3,2,3,0,1,49,186,,
16236413,Spain,"Primera RFEF, Promotion Playoff",17073,"Primera RFEF, Promotion Playoff",,2026-05-31,Unknown,,135672,CE Europa,24336,Celta Fortuna,1,1,0,0,,,,,D,2026-06-24,42%,58%,1.08,0.97,,,8,12,3,3,5,3,16,11,299,412,3,1,4,4,3,2,231,361,0,0
16236414,Spain,"Primera RFEF, Promotion Playoff",17073,"Primera RFEF, Promotion Playoff",,2026-05-31,Unknown,,24338,Villarreal B U23,24379,Zamora CF,2,0,0,0,,,,,H,2026-06-24,39%,61%,1.83,1.08,,,13,10,3,3,2,3,15,14,314,445,4,1,5,3,3,1,247,376,0,0
16237643,Belgium,"Pro League, Europa Playoffs",38,"Pro League, Europa Playoffs",,2026-05-31,Unknown,,2903,KAA Gent,2890,KRC Genk,6,5,0,0,,,,,H,2026-06-24,60%,40%,0.97,0.08,1,0,5,1,1,1,0,0,1,4,50,37,0,2,2,1,1,0,37,21,0,1
15942042,Bolivia,División Profesional,16736,División Profesional,,2026-05-31,Unknown,,33820,Oriente Petrolero,6968,Blooming,0,1,0,0,,,,,A,2026-06-24,49%,51%,0.49,0.71,,,4,3,2,1,2,1,10,8,162,176,2,4,1,2,0,3,108,121,,
15235584,Brazil,Brasileirão Betano,325,Brasileirão Betano,,2026-05-31,Unknown,,1999,Red Bull Bragantino,1966,Internacional,3,1,0,0,,,,,H,2026-06-24,48%,52%,1.32,0.21,2,0,9,3,1,4,4,1,9,8,154,168,1,1,4,2,2,0,117,132,,
15235581,Brazil,Brasileirão Betano,325,Brasileirão Betano,,2026-05-31,Unknown,,1963,Palmeiras,21845,Chapecoense,1,0,0,0,,,,,H,2026-06-24,40%,60%,0.28,1.08,1,1,4,11,1,1,2,2,3,7,216,320,0,1,2,1,,,176,290,0,0
15235590,Brazil,Brasileirão Betano,325,Brasileirão Betano,,2026-05-31,Unknown,,1974,Vasco da Gama,1977,Atlético Mineiro,0,1,0,0,,,,,A,2026-06-24,67%,33%,0.66,0.35,1,1,15,4,1,4,2,0,11,10,288,152,0,1,4,1,0,1,255,114,,
15235586,Brazil,Brasileirão Betano,325,Brasileirão Betano,,2026-05-31,Unknown,,1954,Cruzeiro,1961,Fluminense,1,1,0,0,,,,,D,2026-06-24,56%,44%,0.38,0.47,0,1,9,6,2,1,2,2,7,9,259,204,1,2,2,2,0,1,227,174,,
15237974,Brazil,Brasileirão Betano,325,Brasileirão Betano,,2026-05-31,Unknown,,2012,Remo,1981,São Paulo,1,0,0,0,,,,,H,2026-06-24,41%,59%,0.24,0.36,0,1,6,2,0,1,4,2,3,10,145,216,1,0,2,0,2,0,122,182,,
15526110,Brazil,Brasileirão Série B,390,Brasileirão Série B,,2026-05-31,Unknown,,2022,Londrina,2021,Vila Nova FC,0,1,0,0,,,,,A,2026-06-24,31%,69%,0.12,0.67,0,1,3,10,2,2,1,6,6,7,113,244,3,3,2,3,2,1,73,215,1,1
15526108,Brazil,Brasileirão Série B,390,Brasileirão Série B,,2026-05-31,Unknown,,47504,São Bernardo,135514,Grêmio Novorizontino,1,1,0,0,,,,,D,2026-06-24,52%,48%,1.43,0.08,2,0,8,4,1,1,4,1,7,6,185,173,2,2,1,1,1,0,141,133,,
15526111,Brazil,Brasileirão Série B,390,Brasileirão Série B,,2026-05-31,Unknown,,2001,Ceará,39634,Operário-PR,1,2,0,0,,,,,A,2026-06-24,56%,44%,0.51,0.42,0,1,11,3,0,4,6,0,10,8,187,157,4,3,4,2,0,0,160,131,2,0
15526115,Brazil,Brasileirão Série B,390,Brasileirão Série B,,2026-05-31,Unknown,,49202,Cuiabá,22032,Clube De Regatas Brasil,2,0,0,0,,,,,H,2026-06-24,33%,67%,0.15,0.46,0,0,5,9,1,3,3,3,8,3,145,294,2,0,3,1,,,107,256,,
15617642,Brazil,Brasileirão Série C,1281,Brasileirão Série C,,2026-05-31,Unknown,,1972,Guarani,336664,Amazonas FC,5,0,0,0,,,,,H,2026-06-24,52%,48%,1.38,1.24,,,10,11,4,1,3,4,15,12,439,400,3,1,5,4,4,7,372,329,0,0
15617646,Brazil,Brasileirão Série C,1281,Brasileirão Série C,,2026-05-31,Unknown,,135526,Inter de Limeira,32766,Ypiranga FC,2,1,0,0,,,,,H,2026-06-24,55%,45%,3.09,0.30,,,24,15,4,7,4,4,16,19,386,291,3,4,9,5,4,2,306,214,0,0
15617652,Brazil,Brasileirão Série C,1281,Brasileirão Série C,,2026-05-31,Unknown,,1976,Santa Cruz,35285,Ferroviária,1,1,0,0,,,,,D,2026-06-24,32%,68%,0.53,1.44,,,7,20,2,1,4,8,8,20,174,469,2,3,1,3,1,1,123,404,1,0
15617649,Brazil,Brasileirão Série C,1281,Brasileirão Série C,,2026-05-31,Unknown,,21872,Anápolis,21858,Maranhão AC,0,0,0,0,,,,,D,2026-06-24,48%,52%,1.83,0.50,,,25,8,2,8,8,3,16,14,309,281,2,2,8,2,0,2,240,219,0,0
15617640,Brazil,Brasileirão Série C,1281,Brasileirão Série C,,2026-05-31,Unknown,,1985,Figueirense,1997,Paysandu SC,2,1,0,0,,,,,H,2026-06-24,59%,41%,2.30,0.20,,,23,4,1,8,6,1,15,16,434,292,5,6,10,2,3,2,375,229,0,2
15502821,Canada,Canadian Premier League,13470,Canadian Premier League,,2026-05-31,Unknown,,313716,Forge FC,309889,Cavalry FC,1,0,0,0,,,,,H,2026-06-24,38%,62%,1.65,0.68,2,2,7,4,1,1,1,3,10,8,135,226,0,2,2,1,0,0,111,184,,
15502573,Ecuador,"LigaPro Serie A, Primera Etapa",240,"LigaPro Serie A, Primera Etapa",,2026-05-31,Unknown,,134976,Mushuc Runa SC,5249,Aucas,0,0,0,0,,,,,D,2026-06-24,55%,45%,1.66,1.85,0,0,6,3,1,1,1,0,3,7,201,168,2,1,1,1,0,0,174,134,1,1
15502574,Ecuador,"LigaPro Serie A, Primera Etapa",240,"LigaPro Serie A, Primera Etapa",,2026-05-31,Unknown,,188850,Guayaquil City,39723,Independiente del Valle,2,4,0,0,,,,,A,2026-06-24,63%,37%,0.56,3.23,2,5,5,10,4,0,0,2,9,2,287,168,1,3,2,7,1,0,249,125,,
15502572,Ecuador,"LigaPro Serie A, Primera Etapa",240,"LigaPro Serie A, Primera Etapa",,2026-05-31,Unknown,,5255,Emelec,21942,Universidad Católica del Ecuador,1,0,0,0,,,,,H,2026-06-24,26%,74%,0.96,1.07,2,0,7,7,2,1,1,4,10,5,99,284,1,1,2,2,3,0,67,240,,
15432338,Estonia,Premium Liiga,178,Premium Liiga,,2026-05-31,Unknown,,32476,Paide Linnameeskond,7106,FC Kuressaare,1,1,0,0,,,,,D,2026-06-24,63%,37%,2.12,1.34,,,16,10,2,5,3,6,10,6,637,319,2,1,6,3,2,3,544,233,0,0
15514280,Estonia,Esiliiga,678,Esiliiga,,2026-05-31,Unknown,,7105,Tallinna Kalev,36075,FCI Levadia Tallinn U21,1,2,0,0,,,,,A,2026-06-24,49%,51%,2.12,2.39,,,17,20,6,7,3,8,13,10,379,410,5,2,8,8,2,4,299,318,0,0
15341246,Finland,Ykkosliiga,55,Ykkosliiga,,2026-05-31,Unknown,,50525,PK-35,5918,HJK Klubi 04,1,1,0,0,,,,,D,2026-06-24,56%,44%,2.25,0.33,,,19,4,2,3,7,2,13,13,468,314,1,2,3,3,0,6,379,242,0,1
15341247,Finland,Ykkosliiga,55,Ykkosliiga,,2026-05-31,Unknown,,5115,MP,22372,EIF,1,0,0,0,,,,,H,2026-06-24,48%,52%,0.51,0.83,,,3,10,4,0,3,3,17,10,359,459,3,2,1,3,0,2,267,369,0,0
15442457,Iceland,Iceland 1. deild,675,Iceland 1. deild,,2026-05-31,Unknown,,5372,IF Völsungur,70092,Aegir,2,3,0,0,,,,,A,2026-06-24,60%,40%,1.78,2.16,,,18,10,4,5,12,3,8,5,562,320,2,1,5,7,1,3,475,255,0,0
15442460,Iceland,Iceland 1. deild,675,Iceland 1. deild,,2026-05-31,Unknown,,283759,UMF Njarðvík,41099,Grótta,1,2,0,0,,,,,A,2026-06-24,53%,47%,1.22,0.66,,,16,10,2,5,4,4,5,9,490,405,1,1,6,4,4,1,385,295,0,0
15442456,Iceland,Iceland 1. deild,675,Iceland 1. deild,,2026-05-31,Unknown,,1907,ÍR Reykjavík,221305,IF Vestri,0,1,0,0,,,,,A,2026-06-24,64%,36%,1.25,0.40,,,16,11,2,3,7,4,11,15,445,256,0,1,3,3,2,3,333,167,0,0
15442458,Iceland,Iceland 1. deild,675,Iceland 1. deild,,2026-05-31,Unknown,,36057,Leiknir Reykjavík,7121,HK Kópavogur,4,1,0,0,,,,,H,2026-06-24,43%,57%,2.43,3.10,,,12,13,4,2,6,8,16,10,287,360,5,4,6,5,3,1,204,274,0,0
15442459,Iceland,Iceland 1. deild,675,Iceland 1. deild,,2026-05-31,Unknown,,1914,UMF Afturelding,1896,Fylkir Reykjavík,5,1,0,0,,,,,H,2026-06-24,49%,51%,3.43,0.78,,,13,9,1,2,4,5,11,15,392,429,2,2,7,2,1,1,336,366,0,0
16231153,Japan,"J2/J3 League, Placement Matches",402,"J2/J3 League, Placement Matches",,2026-05-31,Unknown,,118478,Vanraure Hachinohe,38140,Fukushima United FC,0,1,0,0,,,,,A,2026-06-24,52%,48%,1.13,0.83,,,14,8,2,4,3,2,20,12,433,409,3,1,4,3,0,0,327,323,0,0
16236942,New Zealand,Southern League,594,Southern League,,2026-05-31,Unknown,,1176791,Northern AFC,378303,Coastal Spirit,1,2,0,0,,,,,A,2026-06-24,,,,,,,,,,,,,,,,,,,,,,,,,,
15265795,Norway,1st Division,22,1st Division,,2026-05-31,Unknown,,663,Bryne FK,680,Hødd IL,1,0,0,0,,,,,H,2026-06-24,33%,67%,2.42,0.49,,,17,5,1,4,9,4,18,13,269,493,3,2,4,1,0,0,193,423,0,0
15265796,Norway,1st Division,22,1st Division,,2026-05-31,Unknown,,920,Egersund,1163,Strømsgodset,0,5,0,0,,,,,A,2026-06-24,50%,50%,0.56,4.45,,,12,24,10,4,8,7,3,7,460,469,0,1,4,15,1,2,353,384,0,0
15265797,Norway,1st Division,22,1st Division,,2026-05-31,Unknown,,672,Kongsvinger,682,Åsane,3,1,0,0,,,,,H,2026-06-24,68%,32%,3.33,0.82,,,29,4,2,3,11,1,11,11,670,294,1,1,6,3,1,3,560,215,0,0
15265800,Norway,1st Division,22,1st Division,,2026-05-31,Unknown,,708,Ranheim IL,929,Sandnes Ulf,5,1,0,0,,,,,H,2026-06-24,67%,33%,4.12,1.54,,,23,11,3,7,8,6,8,14,687,346,0,2,12,4,2,1,619,282,0,0
15265801,Norway,1st Division,22,1st Division,,2026-05-31,Unknown,,668,Raufoss,673,Haugesund,3,4,0,0,,,,,A,2026-06-24,38%,62%,1.87,2.97,,,15,13,6,2,4,7,11,13,334,627,2,1,5,10,2,2,257,541,0,0
15265802,Norway,1st Division,22,1st Division,,2026-05-31,Unknown,,885,Strømmen IF,665,Sogndal IL,2,3,0,0,,,,,A,2026-06-24,43%,57%,2.32,1.48,,,16,9,2,3,6,1,11,14,380,537,2,4,5,5,5,0,302,450,0,0
16373098,World,Club Friendly Games,853,Club Friendly Games,,2026-05-31,Unknown,,3305,Dynamo Kyiv,2402,MŠK Žilina,2,0,0,0,,,,,H,2026-06-24,,,,,,,,,,,,,,,,,,,,,,,,,,
16386889,World,Club Friendly Games,853,Club Friendly Games,,2026-05-31,Unknown,,6224,FK Sutjeska Nikšić,36019,FK Mornar Bar,0,1,0,0,,,,,A,2026-06-24,,,,,,,,,,,,,,,,,,,,,,,,,,
16376752,World,Club Friendly Games,853,Club Friendly Games,,2026-05-31,Unknown,,282589,FK Yantra Gabrovo,3280,Cherno More Varna,0,1,0,0,,,,,A,2026-06-24,,,,,,,,,,,,,,,,,,,,,,,,,,
16363468,World,Club Friendly Games,853,Club Friendly Games,,2026-05-31,Unknown,,2052,Grazer AK 1902,2404,ŠK Slovan Bratislava,0,1,0,0,,,,,A,2026-06-24,,,,,,,,,,,,,,,,,,,,,,,,,,
16365217,World,Club Friendly Games,853,Club Friendly Games,,2026-05-31,Unknown,,2544,1. FC Schweinfurt 05,228141,BSG Chemie Leipzig,1,1,0,0,,,,,D,2026-06-24,,,,,,,,,,,,,,,,,,,,,,,,,,
16375585,World,Club Friendly Games,853,Club Friendly Games,,2026-05-31,Unknown,,1760,BK Häcken,1758,Hammarby IF,1,4,0,0,,,,,A,2026-06-24,,,,,,,,,,,,,,,,,,,,,,,,,,
16373100,World,Club Friendly Games,853,Club Friendly Games,,2026-05-31,Unknown,,3275,CSKA Sofia,258536,Polissya Zhytomyr,0,4,0,0,,,,,A,2026-06-24,,,,,,,,,,,,,,,,,,,,,,,,,,
16383912,World,Club Friendly Games,853,Club Friendly Games,,2026-05-31,Unknown,,232494,FK Hebar Pazardzhik,230417,KF Ballkani,0,1,0,0,,,,,A,2026-06-24,,,,,,,,,,,,,,,,,,,,,,,,,,
16373097,World,Club Friendly Games,853,Club Friendly Games,,2026-05-31,Unknown,,2143,SC Weiz,2054,First Vienna FC,2,6,0,0,,,,,A,2026-06-24,,,,,,,,,,,,,,,,,,,,,,,,,,
16375586,World,Club Friendly Games,853,Club Friendly Games,,2026-05-31,Unknown,,116223,Universitatea Craiova,267828,Sabah FK,1,1,0,0,,,,,D,2026-06-24,,,,,,,,,,,,,,,,,,,,,,,,,,
16376753,World,Club Friendly Games,853,Club Friendly Games,,2026-05-31,Unknown,,274937,Brinje Grosuplje,148278,FC Corvinul Hunedoara,1,0,0,0,,,,,H,2026-06-24,,,,,,,,,,,,,,,,,,,,,,,,,,
16379662,World,Club Friendly Games,853,Club Friendly Games,,2026-05-31,Unknown,,1923,ETO FC Győr,5150,FK Vojvodina,2,1,0,0,,,,,H,2026-06-24,,,,,,,,,,,,,,,,,,,,,,,,,,
16366862,World,Club Friendly Games,853,Club Friendly Games,,2026-05-31,Unknown,,44244,FC Freienbach,37390,FC Rapperswil-Jona,1,3,0,0,,,,,A,2026-06-24,36%,64%,,,,,,,,,0,0,,,,,0,0,,,0,0,,,0,0
16317783,World,Club Friendly Games,853,Club Friendly Games,,2026-05-31,Unknown,,188440,Sedda Bad Schallerbach,2058,LASK,0,4,0,0,,,,,A,2026-06-24,,,,,,,,,,,,,,,,,,,,,,,,,,
16153078,Peru,"Liga 1, Apertura",406,"Liga 1, Apertura",,2026-05-31,Unknown,,2308,Melgar,2307,Alianza Atlético de Sullana,3,1,0,0,,,,,H,2026-06-24,67%,33%,2.44,0.16,5,0,11,4,2,3,3,0,6,4,214,116,1,3,6,2,2,1,180,80,,
16153415,Peru,"Liga 1, Apertura",406,"Liga 1, Apertura",,2026-05-31,Unknown,,1082002,FC Cajamarca,2311,Alianza Lima,1,1,0,0,,,,,D,2026-06-24,45%,55%,0.40,0.40,1,0,3,4,2,0,1,1,6,5,171,215,,,0,3,2,2,135,181,,
16153076,Peru,"Liga 1, Apertura",406,"Liga 1, Apertura",,2026-05-31,Unknown,,252254,Los Chankas CYC,87854,Universidad Técnica de Cajamarca,2,2,0,0,,,,,D,2026-06-24,49%,51%,1.04,1.49,0,2,5,7,2,0,2,2,8,12,159,177,0,1,0,4,0,1,120,134,,
16153077,Peru,"Liga 1, Apertura",406,"Liga 1, Apertura",,2026-05-31,Unknown,,2301,Cienciano,2302,Club Sporting Cristal,3,2,0,0,,,,,H,2026-06-24,61%,39%,3.30,0.42,4,0,16,4,0,4,3,1,2,2,196,138,0,2,6,0,2,1,176,102,0,1
16205227,Romania,"SuperLiga, Relegation/Promotion Playoffs",152,"SuperLiga, Relegation/Promotion Playoffs",,2026-05-31,Unknown,,3294,FC Farul Constanța,56127,Chindia Târgoviște,5,3,0,0,,,,,H,2026-06-24,75%,25%,3.07,0.42,,,32,3,1,9,12,0,9,7,,,4,4,10,2,1,4,,,0,0
16223358,Slovenia,"PrvaLiga, Relegation/Promotion Playoffs",212,"PrvaLiga, Relegation/Promotion Playoffs",,2026-05-31,Unknown,,2430,NK Nafta Lendava 1903,2414,ND Primorje,1,0,0,0,,,,,H,2026-06-24,49%,51%,0.51,0.36,,,10,7,1,3,5,3,11,21,341,332,2,1,4,1,1,4,259,260,0,0
15272443,Sweden,Allsvenskan,40,Allsvenskan,,2026-05-31,Unknown,,1783,Mjällby AIF,1759,Djurgårdens IF,0,0,0,0,,,,,D,2026-06-24,,,,,,,,,,,,,,,,,,,,,,,,,,
15272296,Sweden,Superettan,46,Superettan,,2026-05-31,Unknown,,1890,Helsingborgs IF,1769,IFK Norrköping,0,2,0,0,,,,,A,2026-06-24,44%,56%,0.79,1.95,,,9,11,3,3,4,4,18,17,368,447,3,4,3,5,4,1,278,350,0,0
15272298,Sweden,Superettan,46,Superettan,,2026-05-31,Unknown,,1836,Östersunds FK,1768,Örebro SK,3,2,0,0,,,,,H,2026-06-24,60%,40%,3.63,0.28,,,20,3,0,4,7,0,16,9,597,350,3,0,7,2,3,3,513,283,0,0
15388497,USA,NWSL,1690,NWSL,,2026-05-31,Unknown,,34714,Chicago Stars FC,408170,San Diego Wave FC,0,2,0,0,,,,,A,2026-06-24,43%,57%,0.70,2.97,1,2,6,9,2,1,0,2,9,4,220,292,0,0,1,3,1,2,174,245,,
15388496,USA,NWSL,1690,NWSL,,2026-05-31,Unknown,,34718,NJ/NY Gotham FC,151006,Houston Dash,1,0,0,0,,,,,H,2026-06-24,62%,38%,1.77,0.54,,,6,3,2,2,1,0,3,4,280,170,1,0,2,2,0,1,231,122,,
15388498,USA,NWSL,1690,NWSL,,2026-05-31,Unknown,,408169,Angel City FC,49787,North Carolina Courage,1,2,0,0,,,,,A,2026-06-24,59%,41%,1.65,1.40,3,2,9,7,2,2,3,1,6,4,218,157,0,0,4,4,0,1,165,122,,
16090437,Venezuela,"Primera Division, Apertura, Main Round, Group B",231,"Primera Division, Apertura, Main Round, Group B",,2026-05-31,Unknown,,6231,Deportivo Táchira,7745,Estudiantes de Mérida,1,0,0,0,,,,,H,2026-06-24,58%,42%,4.12,1.64,1,2,25,7,3,11,9,1,6,9,168,129,1,1,13,3,1,0,138,95,1,2
16090432,Venezuela,"Primera Division, Apertura, Main Round, Group B",231,"Primera Division, Apertura, Main Round, Group B",,2026-05-31,Unknown,,162480,Metropolitanos,6229,Carabobo FC,1,5,0,0,,,,,A,2026-06-24,53%,47%,2.10,3.77,2,5,9,15,3,1,2,1,5,4,167,155,2,3,2,8,1,0,141,124,,
15276236,Argentina,Primera B,1347,Primera B,,2026-06-01,Unknown,,192841,CSYD Liniers,112509,Villa Dálmine,1,0,0,0,,,,,H,2026-06-24,,,,,,,,,,,,,,,,,,,,,,,,,,
15276231,Argentina,Primera B,1347,Primera B,,2026-06-01,Unknown,,253807,Camioneros,201162,Talleres Remedios de Escalada,1,4,0,0,,,,,A,2026-06-24,,,,,,,,,,,,,,,,,,,,,,,,,,
15276233,Argentina,Primera B,1347,Primera B,,2026-06-01,Unknown,,36843,Sportivo Italiano,199311,Argentino de Merlo,0,2,0,0,,,,,A,2026-06-24,,,,,,,,,,,,,,,,,,,,,,,,,,
15276227,Argentina,Primera B,1347,Primera B,,2026-06-01,Unknown,,93515,Defensores Unidos,112505,CSD Flandria,1,0,0,0,,,,,H,2026-06-24,,,,,,,,,,,,,,,,,,,,,,,,,,
15276235,Argentina,Primera B,1347,Primera B,,2026-06-01,Unknown,,107199,Villa San Carlos,65672,Excursionistas,0,2,0,0,,,,,A,2026-06-24,,,,,,,,,,,,,,,,,,,,,,,,,,
15276234,Argentina,Primera B,1347,Primera B,,2026-06-01,Unknown,,269780,San Martin de Burzaco,3221,Arsenal de Sarandí,2,0,0,0,,,,,H,2026-06-24,,,,,,,,,,,,,,,,,,,,,,,,,,
15942039,Bolivia,División Profesional,16736,División Profesional,,2026-06-01,Unknown,,7060,Real Potosí,47700,Nacional Potosí,0,0,0,0,,,,,D,2026-06-24,,,,,,,,,,,,,,,,,,,,,,,,,,
15942040,Bolivia,División Profesional,16736,División Profesional,,2026-06-01,Unknown,,32529,The Strongest,7059,Bolívar,0,0,0,0,,,,,D,2026-06-24,,,,,,,,,,,,,,,,,,,,,,,,,,
15276226,Argentina,Primera B,1347,Primera B,,2026-06-01,Unknown,,194523,Argentino de Quilmes,265447,Ituzaingó,2,0,0,0,,,,,H,2026-06-24,,,,,,,,,,,,,,,,,,,,,,,,,,
15389342,Australia,Queensland NPL,1268,Queensland NPL,,2026-06-01,Unknown,,91134,Wynnum Wolves FC,137384,Brisbane Roar Youth,2,1,0,0,,,,,H,2026-06-24,47%,53%,2.14,0.82,,,18,15,2,3,9,4,10,17,367,345,1,3,5,3,2,1,280,263,0,0
15942044,Bolivia,División Profesional,16736,División Profesional,,2026-06-01,Unknown,,268082,Club FC Universitario,33714,Club Aurora,1,2,0,0,,,,,A,2026-06-24,60%,40%,1.08,1.57,1,1,8,6,1,0,5,2,9,2,209,140,3,0,1,2,1,1,184,112,,
15526107,Brazil,Brasileirão Série B,390,Brasileirão Série B,,2026-06-01,Unknown,,1969,Ponte Preta,1979,Botafogo-SP,0,0,0,0,,,,,D,2026-06-24,22%,78%,0.17,0.84,0,2,4,16,3,1,1,8,9,7,78,254,3,2,1,3,0,1,48,230,1,0
15617650,Brazil,Brasileirão Série C,1281,Brasileirão Série C,,2026-06-01,Unknown,,257673,Barra FC,21884,Brusque,2,2,0,0,,,,,D,2026-06-24,40%,60%,0.97,1.83,,,14,24,5,3,6,13,9,14,283,478,1,2,5,7,2,2,231,411,0,0
15502575,Ecuador,"LigaPro Serie A, Primera Etapa",240,"LigaPro Serie A, Primera Etapa",,2026-06-01,Unknown,,388234,Leones del Norte,6001,Macará,1,1,0,0,,,,,D,2026-06-24,56%,44%,1.17,0.43,1,1,6,5,0,0,3,2,8,6,211,168,1,0,1,1,0,1,156,122,,
15502571,Ecuador,"LigaPro Serie A, Primera Etapa",240,"LigaPro Serie A, Primera Etapa",,2026-06-01,Unknown,,21941,Técnico Universitario,5250,Barcelona SC Guayaquil,1,0,0,0,,,,,H,2026-06-24,17%,83%,0.51,1.19,0,1,3,16,2,1,1,5,1,5,58,269,2,1,1,2,1,0,24,241,0,0
15514281,Estonia,Esiliiga,678,Esiliiga,,2026-06-01,Unknown,,37534,FC Elva,42740,Tartu JK Welco,0,2,0,0,,,,,A,2026-06-24,59%,41%,1.56,1.42,,,14,7,2,3,2,7,13,12,324,232,0,3,2,4,3,0,233,160,0,0
15514282,Estonia,Esiliiga,678,Esiliiga,,2026-06-01,Unknown,,37570,Nõmme Kalju U21,283728,FC Tallinn,1,3,0,0,,,,,A,2026-06-24,58%,42%,1.33,2.59,,,14,16,3,4,7,3,11,4,455,331,1,1,5,6,2,4,366,250,0,0
15442461,Iceland,Iceland 1. deild,675,Iceland 1. deild,,2026-06-01,Unknown,,1910,Thróttur Reykjavík,1897,UMF Grindavík ,2,0,0,0,,,,,H,2026-06-24,52%,48%,2.20,1.28,,,22,14,2,7,5,5,10,14,492,368,1,2,9,2,2,3,413,283,0,0
16268485,World,Club Friendly Games,853,Club Friendly Games,,2026-06-01,Unknown,,1233630,Kickstart Academy U20,1233631,Linda Academy U20,0,2,0,0,,,,,A,2026-06-24,,,,,,,,,,,,,,,,,,,,,,,,,,
16268626,World,Club Friendly Games,853,Club Friendly Games,,2026-06-01,Unknown,,1233637,Kickstart U20,1233636,Bharat Bengaluru U20,12,1,0,0,,,,,H,2026-06-24,,,,,,,,,,,,,,,,,,,,,,,,,,
16376595,World,Club Friendly Games,853,Club Friendly Games,,2026-06-01,Unknown,,4503,Dukla Banská Bystrica,2403,1. FC Tatran Prešov,0,0,0,0,,,,,D,2026-06-24,,,,,,,,,,,,,,,,,,,,,,,,,,
16372540,World,Club Friendly Games,853,Club Friendly Games,,2026-06-01,Unknown,,2397,MFK Ružomberok,203597,OFK Dynamo Malženice,1,0,0,0,,,,,H,2026-06-24,,,,,,,,,,,,,,,,,,,,,,,,,,
16205228,Romania,"SuperLiga, Relegation/Promotion Playoffs",152,"SuperLiga, Relegation/Promotion Playoffs",,2026-06-01,Unknown,,44255,FC Voluntari,260356,FC Hermannstadt,3,0,0,0,,,,,H,2026-06-24,,,3.45,0.18,,,19,5,0,7,8,2,14,10,,,3,2,10,0,2,1,,,0,0
16236666,Uruguay,"Liga AUF Uruguaya, Intermedio, Serie A",278,"Liga AUF Uruguaya, Intermedio, Serie A",,2026-06-01,Unknown,,174970,Boston River,6879,Liverpool UY,0,1,0,0,,,,,A,2026-06-24,52%,48%,1.34,0.51,,,13,11,3,8,2,5,17,12,401,370,4,6,8,4,0,4,337,276,0,0
16236668,Uruguay,"Liga AUF Uruguaya, Intermedio, Serie A",278,"Liga AUF Uruguaya, Intermedio, Serie A",,2026-06-01,Unknown,,3227,Peñarol,3232,Central Español,0,1,0,0,,,,,A,2026-06-24,60%,40%,1.11,0.53,,,22,8,3,6,6,3,10,5,613,401,4,2,6,4,3,2,506,315,3,0
16236686,Uruguay,"Liga AUF Uruguaya, Intermedio, Serie B",278,"Liga AUF Uruguaya, Intermedio, Serie B",,2026-06-01,Unknown,,3224,Juventud de Las Piedras,3240,Montevideo Wanderers,2,5,0,0,,,,,A,2026-06-24,52%,48%,0.62,1.68,,,4,18,4,1,0,6,16,13,321,307,4,3,3,8,0,5,258,245,1,0
16236685,Uruguay,"Liga AUF Uruguaya, Intermedio, Serie B",278,"Liga AUF Uruguaya, Intermedio, Serie B",,2026-06-01,Unknown,,3234,Deportivo Maldonado,3230,Nacional,3,0,0,0,,,,,H,2026-06-24,51%,49%,0.94,2.74,,,12,17,2,3,7,7,15,18,346,293,3,4,6,2,1,2,269,219,0,0
16199221,Australia,Queensland NPL,1268,Queensland NPL,,2026-06-03,Unknown,,91146,Rochedale Rovers,251786,Magic United TFA,4,0,0,0,,,,,H,2026-06-25,49%,51%,3.18,0.88,,,17,14,4,4,4,8,9,5,386,450,2,1,8,4,2,2,278,346,0,0
16273170,World,Club Friendly Games,853,Club Friendly Games,,2026-06-03,Unknown,,1234067,BPSS U20,1234068,Mahesh Raj United U20,7,0,0,0,,,,,H,2026-06-25,,,,,,,,,,,,,,,,,,,,,,,,,,
16273199,World,Club Friendly Games,853,Club Friendly Games,,2026-06-03,Unknown,,254626,FC Margveti 2006,36866,FC Samtredia,1,2,0,0,,,,,A,2026-06-25,,,,,,,,,,,,,,,,,,,,,,,,,,
16274044,World,Club Friendly Games,853,Club Friendly Games,,2026-06-03,Unknown,,1234314,Abakwa FC,1106658,Options Sports of Limbe,0,5,0,0,,,,,A,2026-06-25,,,,,,,,,,,,,,,,,,,,,,,,,,
16233433,South Africa,"Premier League, Relegation/Promotion Playoffs",358,"Premier League, Relegation/Promotion Playoffs",,2026-06-03,Unknown,,215399,Milford FC,90844,Magesi FC,1,0,0,0,,,,,H,2026-06-25,,,,,,,,,,,,,,,,,,,,,,,,,,
16217629,Algeria,Ligue 1,841,Ligue 1,,2026-06-03,Unknown,,42206,USM Alger,42207,CR Belouizdad,1,1,0,0,,,,,D,2026-06-25,57%,43%,,,,,,,,,5,3,,,,,2,1,6,2,0,0,,,0,0
15276230,Argentina,Primera B,1347,Primera B,,2026-06-03,Unknown,,36840,Deportivo Merlo,228062,Deportivo Laferrere,2,1,0,0,,,,,H,2026-06-25,,,,,,,,,,,,,,,,,,,,,,,,,,
16017895,Australia,Capital NPL 1,1260,Capital NPL 1,,2026-06-03,Unknown,,91564,Belconnen United FC,91576,Tuggeranong United,1,3,0,0,,,,,A,2026-06-25,43%,57%,1.00,2.24,,,11,18,7,2,4,7,7,4,431,523,0,0,3,10,2,1,339,428,0,0
16231268,Colombia,"Liga DIMAYOR, Apertura, Playoffs",11539,"Liga DIMAYOR, Apertura, Playoffs",,2026-06-03,Unknown,,6105,Junior Barranquilla,6106,Atlético Nacional,3,0,0,0,,,,,H,2026-06-25,45%,55%,1.05,0.41,1,1,8,7,2,2,2,1,8,8,138,168,2,3,3,2,0,0,110,138,,
15481662,Finland,Ykkonen,22020,Ykkonen,,2026-06-03,Unknown,,7298,JJK Jyväskylä,283886,VJS,2,2,0,0,,,,,D,2026-06-25,56%,44%,,,,,,,,,6,3,,,,,2,3,6,3,,,,,0,0
15481663,Finland,Ykkonen,22020,Ykkonen,,2026-06-03,Unknown,,2250,RoPS,5116,OLS Oulu,1,1,0,0,,,,,D,2026-06-25,,,,,,,,,,,,,,,,,,,,,,,,,,
16272760,World,Club Friendly Games,853,Club Friendly Games,,2026-06-03,Unknown,,1234054,Real Bengaluru U20,1234055,Roots Bengaluru U20,0,2,0,0,,,,,A,2026-06-25,,,,,,,,,,,,,,,,,,,,,,,,,,
16194504,Bolivia,División Profesional,16736,División Profesional,,2026-06-03,Unknown,,505268,GV San José,335685,CD Real Tomayapo,0,0,0,0,,,,,D,2026-06-25,,,,,,,,,,,,,,,,,,,,,,,,,,
16194493,Bolivia,División Profesional,16736,División Profesional,,2026-06-03,Unknown,,7060,Real Potosí,423188,Academia de Balompié Boliviano,0,0,0,0,,,,,D,2026-06-25,,,,,,,,,,,,,,,,,,,,,,,,,,
16258348,Netherlands,"Tweede Divisie, Relegation/Promotion Playoffs",11402,"Tweede Divisie, Relegation/Promotion Playoffs",,2026-06-03,Unknown,,35047,ADO '20 Heemskerk,6482,VV IJsselmeervogels,0,7,0,0,,,,,A,2026-06-25,,,,,,,,,,,,,,,,,,,,,,,,,,
16260135,Netherlands,"Tweede Divisie, Relegation/Promotion Playoffs",11402,"Tweede Divisie, Relegation/Promotion Playoffs",,2026-06-03,Unknown,,231534,FC Rijnvogels,34731,Excelsior Maassluis,2,1,0,0,,,,,H,2026-06-25,,,,,,,,,,,,,,,,,,,,,,,,,,
16277619,World,Club Friendly Games,853,Club Friendly Games,,2026-06-03,Unknown,,1234585,Fatima Sports Academy U20,1234586,Hindustan Aeronautics Limited U20,0,9,0,0,,,,,A,2026-06-25,,,,,,,,,,,,,,,,,,,,,,,,,,
16277724,World,Club Friendly Games,853,Club Friendly Games,,2026-06-03,Unknown,,1234596,South United Bangalore U20,1234597,Rush Academy U20,3,0,0,0,,,,,H,2026-06-25,,,,,,,,,,,,,,,,,,,,,,,,,,
16340083,World,Club Friendly Games,853,Club Friendly Games,,2026-06-03,Unknown,,1238564,SV Aschau AM Inn,2559,SV Wacker Burghausen,0,6,0,0,,,,,A,2026-06-25,,,,,,,,,,,,,,,,,,,,,,,,,,
16378574,World,Club Friendly Games,853,Club Friendly Games,,2026-06-03,Unknown,,323358,SV Tasmania Berlin,5895,BFC Preussen Berlin,1,4,0,0,,,,,A,2026-06-25,,,,,,,,,,,,,,,,,,,,,,,,,,
16299781,World,Club Friendly Games,853,Club Friendly Games,,2026-06-03,Unknown,,930054,FC United Richelle,389226,RFC Liège,1,1,0,0,,,,,D,2026-06-25,,,,,,,,,,,,,,,,,,,,,,,,,,
15285454,USA,"USL, League One",13362,"USL, League One",,2026-06-03,Unknown,,1044341,FC Naples,197072,Charlotte Independence,1,5,0,0,,,,,A,2026-06-25,50%,50%,1.41,1.27,1,2,12,6,0,2,7,1,4,3,195,208,1,1,3,2,1,0,154,171,,
15285452,USA,"USL, League One",13362,"USL, League One",,2026-06-03,Unknown,,312633,Greenville Triumph SC,312632,Forward Madison FC,1,0,0,0,,,,,H,2026-06-25,35%,65%,0.36,0.57,0,1,4,4,1,1,2,2,10,12,90,173,2,3,1,1,1,1,49,126,,
15285451,USA,"USL, League One",13362,"USL, League One",,2026-06-03,Unknown,,284113,Corpus Christi FC,1044345,Portland Hearts of Pine,3,2,0,0,,,,,H,2026-06-25,31%,69%,1.02,0.25,,,9,4,2,5,3,2,9,9,105,244,4,2,7,3,2,0,66,207,,
