event_id,tourney_id,tourney_date,surface,category_id,home_player_id,away_player_id,home_sets,away_sets,winner,retired,walkover,ALL_aces_home,ALL_aces_away,ALL_double_faults_home,ALL_double_faults_away,ALL_service_points_won_home,ALL_service_points_won_away,ALL_return_points_won_home,ALL_return_points_won_away,ALL_winners_home,ALL_winners_away,ALL_unforced_errors_home,ALL_unforced_errors_away,ALL_total_points_won_home,ALL_total_points_won_away,ALL_break_points_won_home,ALL_break_points_won_away,ALL_break_points_saved_home,ALL_break_points_saved_away,is_grandslam,s1_home,s1_away,s2_home,s2_away,s3_home,s3_away,s4_home,s4_away,s5_home,s5_away
16013078,2374,2026-05-01,Red clay,3,273680,57163,0,2,away,,,1,12,4,2,33,38,14,29,,,,,47,67,0,2,5,1,False,1,6,4,6,,,,,,
16012217,2374,2026-05-01,Red clay,3,206570,338500,2,0,home,,,4,3,1,2,36,35,26,10,,,,,62,45,2,0,0,3,False,6,2,6,4,,,,,,
16012216,2374,2026-05-01,Red clay,3,390214,57163,0,2,away,,,6,6,2,2,47,42,10,37,,,,,57,79,0,3,9,0,False,2,6,5,7,,,,,,
16603189,2368,2026-05-01,Hardcourt outdoor,3,136042,108709,2,0,home,,,14,6,3,2,40,44,30,7,,,,,70,51,2,0,0,8,False,6,3,6,4,,,,,,
16012138,2607,2026-05-01,Red clay,6,248326,406776,0,2,away,,,5,3,2,1,50,48,14,28,,,,,64,76,1,2,2,0,False,4,6,6,7,,,,,,
16012140,2607,2026-05-01,Red clay,6,230056,210831,2,1,home,,,1,0,5,6,39,34,35,34,,,,,74,68,6,4,8,7,False,6,2,1,6,6,1,,,,
16050206,20302,2026-05-01,Red clay,72,271389,112783,0,2,away,,,0,6,2,1,39,43,17,28,,,,,56,71,1,2,3,1,False,5,7,3,6,,,,,,
16050201,20302,2026-05-01,Red clay,72,294337,425525,0,2,away,,,0,0,3,4,26,38,21,30,,,,,47,68,1,1,6,3,False,5,7,1,6,,,,,,
16050205,20302,2026-05-01,Red clay,72,232057,158896,0,2,away,,,5,12,1,0,28,35,8,24,,,,,36,59,1,2,3,0,False,4,6,1,6,,,,,,
16050203,20302,2026-05-01,Red clay,72,287181,93597,2,1,home,,,0,2,6,3,69,65,45,42,,,,,114,107,3,2,7,4,False,6,4,4,6,7,5,,,,
16050211,20302,2026-05-01,Red clay,72,187608,42379,1,2,away,,,3,3,5,1,60,53,28,44,,,,,88,97,2,3,7,1,False,2,6,6,3,4,6,,,,
16050209,20302,2026-05-01,Red clay,72,299538,125006,2,1,home,,,5,7,3,4,70,68,44,48,,,,,114,116,3,1,7,5,False,6,3,6,7,7,6,,,,
16050204,20302,2026-05-01,Red clay,72,287181,42379,2,1,home,,,3,4,5,3,50,55,40,35,,,,,90,90,4,3,5,4,False,6,3,2,6,7,6,,,,
16050197,20302,2026-05-01,Red clay,72,425525,244420,2,1,home,,,4,1,6,5,64,55,48,52,,,,,112,107,7,3,10,8,False,6,4,5,7,6,3,,,,
16050199,20302,2026-05-01,Red clay,72,112783,158896,1,2,away,,,3,8,2,2,53,62,21,26,,,,,74,88,1,1,2,3,False,6,4,3,6,4,6,,,,
16050202,20302,2026-05-01,Red clay,72,299538,425525,2,1,home,,,2,2,3,3,42,22,32,36,,,,,74,58,4,2,10,4,False,1,6,6,1,6,0,,,,
16050210,20302,2026-05-01,Red clay,72,158896,287181,2,1,home,,,11,0,3,6,66,63,50,46,,,,,116,109,4,3,9,7,False,4,6,7,6,6,3,,,,
16050477,26121,2026-05-01,Hardcourt outdoor,72,321948,420998,2,0,home,,,10,1,1,2,35,22,24,8,,,,,59,30,3,0,2,1,False,6,1,6,3,,,,,,
16050479,26121,2026-05-01,Hardcourt outdoor,72,245307,303122,2,1,home,,,10,3,2,0,81,68,28,41,,,,,109,109,1,2,8,0,False,7,6,4,6,7,6,,,,
16050475,26121,2026-05-01,Hardcourt outdoor,72,172482,226806,1,2,away,,,8,8,6,12,68,69,37,33,,,,,105,102,2,1,5,4,False,4,6,6,3,6,7,,,,
16050474,26121,2026-05-01,Hardcourt outdoor,72,103625,296802,1,2,away,,,9,25,1,8,88,92,38,30,,,,,126,122,0,0,4,4,False,6,7,7,6,6,7,,,,
16050486,26121,2026-05-01,Hardcourt outdoor,72,321948,245307,2,0,home,,,8,7,0,2,33,24,21,8,,,,,54,32,3,0,1,1,False,6,3,6,2,,,,,,
16050480,26121,2026-05-01,Hardcourt outdoor,72,233700,200150,2,0,home,,,4,12,3,4,48,49,34,23,,,,,82,72,2,1,3,5,False,6,3,7,6,,,,,,
16050482,26121,2026-05-01,Hardcourt outdoor,72,81271,131442,1,2,away,,,5,8,7,11,55,63,35,35,,,,,90,98,2,4,3,6,False,6,3,5,7,3,6,,,,
16050478,26121,2026-05-01,Hardcourt outdoor,72,296802,226806,2,0,home,,,15,3,4,2,51,46,24,15,,,,,75,61,0,0,1,4,False,7,6,6,3,,,,,,
16050172,6107,2026-05-01,Red clay,72,406728,217448,1,2,away,,,5,2,3,1,53,50,30,34,,,,,83,84,2,3,4,1,False,4,6,6,3,3,6,,,,
16050170,6107,2026-05-01,Red clay,72,322082,462179,2,0,home,,,2,2,0,1,35,39,36,10,,,,,71,49,4,0,1,3,False,6,4,6,2,,,,,,
16050160,6107,2026-05-01,Red clay,72,16720,102151,1,2,away,,,3,6,2,1,45,53,25,32,,,,,70,85,2,5,2,4,False,6,4,2,6,4,6,,,,
16050159,6107,2026-05-01,Red clay,72,170946,237452,2,1,home,,,4,3,4,2,60,50,34,25,,,,,94,75,2,1,3,6,False,5,7,6,2,6,2,,,,
16050165,6107,2026-05-01,Red clay,72,217448,54955,2,0,home,,,5,3,0,0,45,53,39,27,,,,,84,80,2,2,1,10,False,7,6,6,4,,,,,,
16050167,6107,2026-05-01,Red clay,72,194186,334293,1,2,away,,,2,7,1,4,61,63,28,34,,,,,89,97,2,2,3,2,False,4,6,7,5,4,6,,,,
16050163,6107,2026-05-01,Red clay,72,322082,102151,0,2,away,,,5,2,1,0,36,34,18,39,,,,,54,73,1,5,4,4,False,4,6,0,6,,,,,,
16050158,6107,2026-05-01,Red clay,72,217448,170946,0,2,away,,,3,9,2,5,32,46,25,23,,,,,57,69,0,3,2,5,False,3,6,4,6,,,,,,
16050166,6107,2026-05-01,Red clay,72,334293,102151,1,2,away,,,6,9,3,1,69,62,18,39,,,,,87,101,0,1,8,1,False,3,6,6,3,6,7,,,,
16050351,34346,2026-05-01,Red clay,72,383991,163438,1,2,away,,,8,5,2,2,60,54,23,27,,,,,83,81,0,2,5,2,False,6,3,3,6,4,6,,,,
16050343,34346,2026-05-01,Red clay,72,207575,187236,2,1,home,,,6,5,0,5,68,68,40,29,,,,,108,97,3,1,0,5,False,6,1,6,7,7,6,,,,
16050349,34346,2026-05-01,Red clay,72,254227,289106,0,2,away,,,7,11,0,2,55,62,24,28,,,,,79,90,1,1,1,0,False,6,7,6,7,,,,,,
16050340,34346,2026-05-01,Red clay,72,232059,58369,0,2,away,,,6,5,1,1,56,57,24,25,,,,,80,82,1,1,1,3,False,6,7,6,7,,,,,,
16050339,34346,2026-05-01,Red clay,72,58369,207575,1,2,away,,,11,10,2,2,54,54,33,35,,,,,87,89,4,5,0,2,False,2,6,6,3,6,7,,,,
16050337,34346,2026-05-01,Red clay,72,289106,163438,2,0,home,,,12,1,1,1,44,29,20,20,,,,,64,49,3,1,4,1,False,6,3,6,4,,,,,,
16050298,22392,2026-05-01,Red clay,72,199379,57155,0,2,away,,,0,6,4,4,28,35,24,26,,,,,52,61,2,4,3,3,False,3,6,3,6,,,,,,
16050302,22392,2026-05-01,Red clay,72,124930,243925,2,1,home,,,3,6,8,4,59,55,37,37,,,,,96,92,4,3,6,5,False,6,2,4,6,6,4,,,,
16050303,22392,2026-05-01,Red clay,72,407392,353705,2,0,home,,,9,1,2,5,47,38,33,29,,,,,80,67,3,1,5,2,False,6,3,6,4,,,,,,
16050304,22392,2026-05-01,Red clay,72,192862,341818,0,2,away,,,0,3,2,3,19,24,7,28,,,,,26,52,0,3,4,0,False,1,6,0,6,,,,,,
16050291,22392,2026-05-01,Red clay,72,339450,97231,2,0,home,,,3,3,1,4,45,41,27,24,,,,,72,65,1,1,3,4,False,7,6,6,3,,,,,,
16050293,22392,2026-05-01,Red clay,72,57155,124930,1,2,away,,,6,4,6,3,45,60,39,35,,,,,84,95,1,3,5,7,False,3,6,6,3,1,6,,,,
16050292,22392,2026-05-01,Red clay,72,341818,407392,2,0,home,,,5,2,4,2,39,23,20,16,,,,,59,39,2,0,1,2,False,6,3,6,2,,,,,,
16050297,22392,2026-05-01,Red clay,72,339450,124930,1,2,away,,,2,5,3,0,47,52,19,25,,,,,66,77,1,3,2,3,False,3,6,6,3,2,6,,,,
16050455,3179,2026-05-01,Red clay,72,260122,66484,2,0,home,,,5,0,3,4,44,49,43,31,,,,,87,80,4,1,6,11,False,6,3,6,4,,,,,,
16050462,3179,2026-05-01,Red clay,72,44549,201847,1,2,away,,,4,2,7,1,62,62,34,45,,,,,96,107,2,2,7,7,False,6,4,4,6,4,6,,,,
16050460,3179,2026-05-01,Red clay,72,132558,63090,2,0,home,,,3,1,2,1,36,21,25,21,,,,,61,42,3,1,2,2,False,6,2,6,3,,,,,,
16050457,3179,2026-05-01,Red clay,72,380042,209103,2,1,home,,,9,3,6,4,56,43,27,29,,,,,83,72,2,1,5,3,False,6,1,4,6,6,3,,,,
16050456,3179,2026-05-01,Red clay,72,260122,193644,1,2,away,,,2,2,4,2,47,53,39,42,,,,,86,95,3,4,5,2,False,4,6,7,5,2,6,,,,
16050452,3179,2026-05-01,Red clay,72,201847,132558,0,2,away,,,1,2,5,4,34,44,24,33,,,,,58,77,2,3,4,3,False,3,6,5,7,,,,,,
16050459,3179,2026-05-01,Red clay,72,193644,380042,2,1,home,,,3,4,2,7,48,46,36,24,,,,,84,70,3,2,1,3,False,3,6,6,4,6,1,,,,
16603203,36292,2026-05-01,Hardcourt outdoor,72,375536,226806,2,1,home,,,2,1,6,2,54,54,38,33,,,,,92,87,5,3,5,4,False,6,4,3,6,6,2,,,,
16050503,13570,2026-05-01,Red clay,72,295881,415528,0,2,away,,,1,0,4,3,28,37,22,29,,,,,50,66,1,4,3,3,False,4,6,2,6,,,,,,
16050502,13570,2026-05-01,Red clay,72,339606,316900,2,1,home,,,0,0,3,4,54,35,38,46,,,,,92,81,7,5,4,3,False,3,6,6,4,6,0,,,,
16050501,13570,2026-05-01,Red clay,72,385592,300293,2,1,home,,,1,1,6,2,56,51,30,32,,,,,86,83,3,0,4,3,False,7,5,2,6,6,3,,,,
16050507,13570,2026-05-01,Red clay,72,225214,342975,2,0,home,,,1,1,2,2,25,12,28,9,,,,,53,21,5,0,1,3,False,6,0,6,1,,,,,,
16050509,13570,2026-05-01,Red clay,72,339606,415528,0,2,away,,,0,0,3,2,34,40,15,23,,,,,49,63,0,2,1,3,False,4,6,3,6,,,,,,
16050500,13570,2026-05-01,Red clay,72,385592,225214,1,2,away,,,3,2,2,1,62,66,38,32,,,,,100,98,1,2,6,6,False,4,6,6,3,3,6,,,,
16050708,29214,2026-05-01,Red clay,871,263653,148276,2,0,home,,,0,0,0,4,37,21,28,22,,,,,65,43,5,2,4,4,False,6,2,6,4,,,,,,
16050695,29214,2026-05-01,Red clay,871,510366,42492,1,2,away,,,0,1,2,2,48,53,42,49,,,,,90,102,4,7,10,3,False,3,6,6,4,1,6,,,,
16050702,29214,2026-05-01,Red clay,871,223148,19957,2,1,home,,,0,4,2,5,64,54,51,51,,,,,115,105,8,6,7,5,False,6,3,6,7,6,4,,,,
16050706,29214,2026-05-01,Red clay,871,153652,455688,2,0,home,,,1,0,2,2,35,25,30,19,,,,,65,44,5,1,4,2,False,6,2,6,1,,,,,,
16050698,29214,2026-05-01,Red clay,871,263653,223148,2,0,home,,,0,0,1,0,34,33,36,29,,,,,70,62,6,5,1,3,False,6,4,7,6,,,,,,
16050696,29214,2026-05-01,Red clay,871,42492,153652,2,0,home,,,2,2,3,2,32,25,29,19,,,,,61,44,5,1,1,5,False,6,4,6,1,,,,,,
16050657,20505,2026-05-01,Red clay,871,124804,383652,1,2,away,,,5,1,5,12,36,42,38,43,,,,,74,85,4,6,6,9,False,6,2,2,6,1,6,,,,
16050662,20505,2026-05-01,Red clay,871,316468,60392,1,2,away,,,0,0,2,1,46,45,36,45,,,,,82,90,6,6,7,7,False,6,1,3,6,4,6,,,,
16050655,20505,2026-05-01,Red clay,871,255445,132370,1,2,away,,,2,3,4,5,36,42,26,40,,,,,62,82,4,7,7,1,False,6,4,0,6,4,6,,,,
16050652,20505,2026-05-01,Red clay,871,60392,383652,2,1,home,,,0,1,1,11,52,63,57,42,,,,,109,105,7,6,2,9,False,3,6,7,5,7,5,,,,
16050661,20505,2026-05-01,Red clay,871,59702,183861,0,2,away,,,0,0,4,2,12,36,20,21,,,,,32,57,1,5,1,4,False,2,6,1,6,,,,,,
16050665,20505,2026-05-01,Red clay,871,47969,69988,0,2,away,,,0,1,2,0,16,26,12,28,,,,,28,54,1,6,2,1,False,1,6,1,6,,,,,,
16050666,20505,2026-05-01,Red clay,871,132370,60392,2,0,home,,,2,1,3,1,37,24,35,25,,,,,72,49,6,1,3,5,False,6,2,6,0,,,,,,
16050656,20505,2026-05-01,Red clay,871,69988,183861,2,1,home,,,0,0,4,4,50,26,44,52,,,,,94,78,9,7,9,3,False,3,6,6,0,6,4,,,,
16050547,16790,2026-05-01,Red clay,871,202924,190996,1,2,away,,,4,1,5,3,38,52,30,33,,,,,68,85,2,5,2,6,False,3,6,6,3,0,6,,,,
16050543,16790,2026-05-01,Red clay,871,374578,189995,1,2,away,,,2,2,1,1,51,52,29,39,,,,,80,91,2,4,4,7,False,4,6,6,2,1,6,,,,
16050542,16790,2026-05-01,Red clay,871,253356,339457,2,0,home,,,0,3,2,2,35,27,32,21,,,,,67,48,5,1,4,5,False,6,4,6,1,,,,,,
16050549,16790,2026-05-01,Red clay,871,63220,48455,2,1,home,,,3,0,4,3,77,58,52,66,,,,,129,124,6,4,16,9,False,4,6,6,4,6,2,,,,
16050545,16790,2026-05-01,Red clay,871,381430,418056,2,0,home,,,1,3,4,4,68,37,38,58,,,,,106,95,6,4,17,6,False,7,5,7,5,,,,,,
16050548,16790,2026-05-01,Red clay,871,190996,189995,1,2,away,,,0,2,2,2,47,56,47,53,,,,,94,109,5,8,10,10,False,3,6,6,4,2,6,,,,
16050539,16790,2026-05-01,Red clay,871,63220,253356,0,2,away,,,5,6,1,4,41,48,21,33,,,,,62,81,2,3,1,3,False,4,6,6,7,,,,,,
16050553,16790,2026-05-01,Red clay,871,381430,189995,2,0,home,,,1,0,1,3,27,17,33,21,,,,,60,38,7,3,3,2,False,6,3,6,2,,,,,,
16603232,18585,2026-05-01,Hardcourt outdoor,871,87834,339455,0,0,,,,3,1,2,4,20,22,18,13,,,,,38,35,2,2,0,1,False,6,6,,,,,,,,
16108560,34493,2026-05-01,Red clay,871,332984,332985,0,2,away,,,1,3,1,2,19,25,17,34,,,,,36,59,3,7,4,1,False,1,6,3,6,,,,,,
16108562,34493,2026-05-01,Red clay,871,1129807,47876,0,2,away,,,0,2,4,2,26,36,25,32,,,,,51,68,2,6,5,6,False,1,6,4,6,,,,,,
16108561,34493,2026-05-01,Red clay,871,1221698,202478,0,2,away,,,0,2,5,2,16,30,11,31,,,,,27,61,0,6,6,3,False,0,6,0,6,,,,,,
16107810,34498,2026-05-01,Hardcourt outdoor,871,50915,58483,2,0,home,,,3,2,0,1,44,50,30,8,,,,,74,58,2,0,0,4,False,6,4,7,5,,,,,,
16107809,34498,2026-05-01,Hardcourt outdoor,871,234309,194579,2,0,home,,,3,0,1,5,31,16,25,10,,,,,56,26,5,0,0,4,False,6,0,6,2,,,,,,
16107811,34498,2026-05-01,Hardcourt outdoor,871,322021,395218,0,2,away,,,2,2,4,3,30,40,22,23,,,,,52,63,1,4,1,3,False,4,6,2,6,,,,,,
16107812,34498,2026-05-01,Hardcourt outdoor,871,98523,478930,0,2,away,,,1,0,2,1,21,34,21,31,,,,,42,65,1,6,6,7,False,0,6,2,6,,,,,,
16012135,2607,2026-05-02,Red clay,6,406776,230056,0,2,away,,,1,4,3,2,29,42,21,24,,,,,50,66,2,4,0,4,False,3,6,5,7,,,,,,
16050200,20302,2026-05-02,Red clay,72,158896,299538,0,2,away,,,2,1,1,4,32,35,23,33,,,,,55,68,2,4,5,3,False,4,6,4,6,,,,,,
16050481,26121,2026-05-02,Hardcourt outdoor,72,233700,321948,2,1,home,,,1,9,4,6,46,48,39,27,,,,,85,75,2,2,3,5,False,2,6,6,3,6,1,,,,
16050484,26121,2026-05-02,Hardcourt outdoor,72,296802,131442,1,1,away,,,8,3,4,7,51,55,22,18,,,,,73,73,0,1,1,2,False,7,6,4,6,0,0,,,,
16050161,6107,2026-05-02,Red clay,72,170946,102151,1,2,away,,,9,4,2,2,55,63,31,35,,,,,86,98,0,3,4,8,False,4,6,6,4,3,6,,,,
16050342,34346,2026-05-02,Red clay,72,207575,289106,0,2,away,,,3,10,0,3,46,55,33,27,,,,,79,82,2,2,1,2,False,5,7,6,7,,,,,,
16050296,22392,2026-05-02,Red clay,72,341818,124930,1,2,away,,,7,1,6,4,65,67,40,32,,,,,105,99,2,3,1,6,False,6,4,4,6,6,7,,,,
16050461,3179,2026-05-02,Red clay,72,193644,132558,2,0,home,,,2,2,1,3,53,41,21,24,,,,,74,65,2,1,2,0,False,6,4,7,6,,,,,,
16050497,13570,2026-05-02,Red clay,72,225214,415528,2,0,home,,,4,1,1,3,48,36,27,38,,,,,75,74,3,3,6,3,False,7,6,6,4,,,,,,
16114678,10247,2026-05-02,Red clay,72,424682,190877,0,2,away,,,9,4,3,4,42,39,15,32,,,,,57,71,0,2,8,2,False,4,6,3,6,,,,,,
16114687,10247,2026-05-02,Red clay,72,65606,459208,2,0,home,,,2,0,1,4,37,25,20,17,,,,,57,42,3,0,3,1,False,6,3,6,3,,,,,,
16114682,10247,2026-05-02,Red clay,72,193697,239967,0,2,away,,,0,1,3,1,13,26,7,28,,,,,20,54,1,4,4,0,False,1,6,1,6,,,,,,
16114685,10247,2026-05-02,Red clay,72,233060,145122,2,0,home,,,11,1,3,3,41,38,31,27,,,,,72,65,3,2,1,4,False,6,4,7,5,,,,,,
16114684,10247,2026-05-02,Red clay,72,453479,362612,2,1,home,,,1,2,0,2,55,57,47,39,,,,,102,96,3,3,7,9,False,4,6,6,3,6,3,,,,
16114686,10247,2026-05-02,Red clay,72,232036,1221925,2,0,home,,,1,0,0,2,28,17,25,2,,,,,53,19,4,0,0,2,False,6,0,6,1,,,,,,
16114677,10247,2026-05-02,Red clay,72,340741,180104,2,0,home,,,0,2,1,1,33,27,24,9,,,,,57,36,2,1,0,2,False,6,2,6,3,,,,,,
16114676,10247,2026-05-02,Red clay,72,418787,286492,1,2,away,,,2,3,9,3,56,54,35,40,,,,,91,94,2,3,5,5,False,4,6,6,3,3,6,,,,
16114683,10247,2026-05-02,Red clay,72,248845,447343,2,0,home,,,0,0,1,1,35,29,23,14,,,,,58,43,2,0,2,4,False,6,4,6,2,,,,,,
16113334,22388,2026-05-02,Hardcourt outdoor,72,418094,53483,0,2,away,,,2,4,4,1,20,32,18,30,,,,,38,62,2,3,2,1,False,4,6,2,6,,,,,,
16113331,22388,2026-05-02,Hardcourt outdoor,72,373829,204330,2,0,home,,,6,1,3,3,33,27,27,13,,,,,60,40,4,1,0,1,False,6,4,6,2,,,,,,
16113335,22388,2026-05-02,Hardcourt outdoor,72,262405,32466,1,2,away,,,2,3,1,6,52,49,35,63,,,,,87,112,3,7,14,2,False,7,6,3,6,0,6,,,,
16113325,22388,2026-05-02,Hardcourt outdoor,72,244985,275466,2,1,home,,,6,4,6,4,60,56,38,35,,,,,98,91,3,0,3,5,False,6,3,6,7,6,3,,,,
16113329,22388,2026-05-02,Hardcourt outdoor,72,79223,205313,0,2,away,,,1,10,4,3,40,50,23,27,,,,,63,77,1,3,1,3,False,6,7,2,6,,,,,,
16113327,22388,2026-05-02,Hardcourt outdoor,72,299481,215663,2,0,home,,,1,1,3,2,33,31,29,10,,,,,62,41,4,1,0,2,False,6,3,6,3,,,,,,
16113328,22388,2026-05-02,Hardcourt outdoor,72,92667,99043,1,0,home,,,5,2,2,1,23,25,24,9,,,,,47,34,4,1,0,3,False,6,4,3,0,,,,,,
16113330,22388,2026-05-02,Hardcourt outdoor,72,258198,479273,1,2,away,,,7,6,2,3,48,57,29,36,,,,,77,93,3,3,5,3,False,4,6,7,5,1,6,,,,
16113324,22388,2026-05-02,Hardcourt outdoor,72,162144,217136,2,1,home,,,5,2,3,4,47,46,36,27,,,,,83,73,4,2,1,3,False,6,1,2,6,6,3,,,,
16113326,22388,2026-05-02,Hardcourt outdoor,72,326246,236843,2,0,home,,,7,1,1,6,38,35,22,15,,,,,60,50,1,1,0,4,False,6,3,6,4,,,,,,
16113323,22388,2026-05-02,Hardcourt outdoor,72,177644,79467,2,0,home,,,2,1,1,3,38,29,24,23,,,,,62,52,2,1,3,4,False,6,4,6,2,,,,,,
16113333,22388,2026-05-02,Hardcourt outdoor,72,420914,281439,2,1,home,,,3,5,3,5,51,64,46,33,,,,,97,97,3,2,5,9,False,1,6,6,3,7,5,,,,
16050697,29214,2026-05-02,Red clay,871,263653,42492,0,2,away,,,1,1,3,2,25,38,16,23,,,,,41,61,0,4,3,1,False,0,6,4,6,,,,,,
16050653,20505,2026-05-02,Red clay,871,132370,69988,2,1,home,,,1,3,8,4,39,52,61,51,,,,,100,103,10,9,3,12,False,2,6,6,3,7,5,,,,
16050554,16790,2026-05-02,Red clay,871,381430,253356,1,2,away,,,0,1,9,4,42,47,48,57,,,,,90,104,7,11,13,4,False,7,6,3,6,1,6,,,,
16603218,36294,2026-05-02,Red clay,871,60392,221793,2,0,home,,,0,0,2,3,32,16,33,28,,,,,65,44,7,3,10,3,False,6,1,6,3,,,,,,
16112939,34498,2026-05-02,Hardcourt outdoor,871,52691,50915,2,1,home,,,4,1,4,2,57,45,36,35,,,,,93,80,4,3,11,4,False,2,6,6,3,6,3,,,,
16112937,34498,2026-05-02,Hardcourt outdoor,871,148276,478930,2,0,home,,,1,2,1,7,35,30,27,24,,,,,62,54,5,3,3,4,False,6,4,6,4,,,,,,
16112938,34498,2026-05-02,Hardcourt outdoor,871,510366,234309,1,2,away,,,3,1,7,4,47,58,43,42,,,,,90,100,3,6,6,12,False,6,4,2,6,2,6,,,,
16112940,34498,2026-05-02,Hardcourt outdoor,871,291270,395218,0,2,away,,,0,2,1,2,41,44,29,42,,,,,70,86,3,5,8,5,False,4,6,4,6,,,,,,
16119506,2488,2026-05-03,Red clay,3,64570,153826,2,0,home,,,3,0,1,1,31,29,33,14,,,,,64,43,3,0,3,6,False,6,0,6,2,,,,,,
16119802,2488,2026-05-03,Red clay,3,338890,63438,2,0,home,,,2,1,7,2,53,35,34,36,,,,,87,71,3,1,7,4,False,7,5,6,4,,,,,,
16119799,2488,2026-05-03,Red clay,3,255420,111837,2,0,home,,,9,0,1,3,42,28,28,23,,,,,70,51,4,2,2,2,False,6,3,6,4,,,,,,
16119507,2488,2026-05-03,Red clay,3,853634,132834,0,2,away,,,2,4,3,1,34,37,14,25,,,,,48,62,0,3,1,1,False,3,6,4,6,,,,,,
16119805,2488,2026-05-03,Red clay,3,77223,244420,0,2,away,,,2,5,4,3,53,52,31,38,,,,,84,90,2,3,8,4,False,6,7,5,7,,,,,,
16119509,2488,2026-05-03,Red clay,3,40800,51345,2,0,home,,,1,7,1,1,39,30,19,12,,,,,58,42,2,0,0,1,False,6,3,6,3,,,,,,
16119809,2488,2026-05-03,Red clay,3,36300,14548,1,2,away,,,6,7,3,3,59,59,31,48,,,,,90,107,3,5,7,2,False,6,4,6,7,1,6,,,,
16119500,2488,2026-05-03,Red clay,3,335102,57289,0,2,away,,,2,1,3,0,38,37,19,34,,,,,57,71,2,3,4,1,False,2,6,5,7,,,,,,
16119502,2488,2026-05-03,Red clay,3,39234,105607,0,2,away,,,9,3,0,2,45,51,25,22,,,,,70,73,0,2,2,4,False,5,7,4,6,,,,,,
16119504,2488,2026-05-03,Red clay,3,321788,322022,2,0,home,,,5,1,0,1,37,29,28,18,,,,,65,47,4,1,2,1,False,6,4,6,2,,,,,,
16119505,2488,2026-05-03,Red clay,3,210490,321790,2,1,home,,,12,3,1,2,78,63,42,37,,,,,120,100,3,3,4,4,False,6,7,7,6,6,3,,,,
16119810,2488,2026-05-03,Red clay,3,418785,243925,1,2,away,,,1,6,6,2,49,58,27,39,,,,,76,97,2,5,3,1,False,7,5,1,6,5,7,,,,
16119804,2488,2026-05-03,Red clay,3,93597,205906,2,0,home,,,5,1,1,1,32,27,27,14,,,,,59,41,4,1,1,3,False,6,1,6,3,,,,,,
16119800,2488,2026-05-03,Red clay,3,483188,229218,2,1,home,,,1,9,4,3,77,69,40,37,,,,,117,106,1,1,1,6,False,6,7,7,6,6,3,,,,
16119501,2488,2026-05-03,Red clay,3,417196,58221,2,0,home,,,3,2,4,3,42,27,27,24,,,,,69,51,4,1,7,2,False,6,2,6,3,,,,,,
16119811,2488,2026-05-03,Red clay,3,407383,232057,2,1,home,,,2,12,2,3,68,68,46,47,,,,,114,115,2,4,6,6,False,4,6,7,6,7,5,,,,
16119806,2488,2026-05-03,Red clay,3,298795,275948,0,2,away,,,0,3,6,6,25,27,17,35,,,,,42,62,2,5,8,0,False,3,6,1,6,,,,,,
16119812,2488,2026-05-03,Red clay,3,349089,225273,2,0,home,,,2,0,1,4,38,35,26,11,,,,,64,46,1,0,0,3,False,6,4,6,3,,,,,,
16119807,2488,2026-05-03,Red clay,3,187608,462062,2,0,home,,,1,6,1,3,45,40,29,18,,,,,74,58,2,1,2,3,False,6,4,7,6,,,,,,
16119801,2488,2026-05-03,Red clay,3,94485,260122,0,2,away,,,0,2,1,0,40,30,16,39,,,,,56,69,1,2,8,1,False,4,6,3,6,,,,,,
16012218,2374,2026-05-03,Red clay,3,206570,57163,2,0,home,,,8,2,1,1,32,16,19,7,,,,,51,23,4,0,0,0,False,6,1,6,2,,,,,,
16593507,2653,2026-05-03,Hardcourt outdoor,6,250279,327924,0,2,away,,,4,0,4,2,38,43,23,36,,,,,61,79,2,4,5,4,False,2,6,6,7,,,,,,
16593504,2653,2026-05-03,Hardcourt outdoor,6,227431,128584,0,2,away,,,2,7,3,3,24,38,15,20,,,,,39,58,0,4,3,6,False,2,6,2,6,,,,,,
16119828,2569,2026-05-03,Red clay,6,34486,555377,2,0,home,,,3,2,3,7,38,50,47,20,,,,,85,70,5,1,0,12,False,7,5,6,1,,,,,,
16119838,2569,2026-05-03,Red clay,6,210831,35838,2,0,home,,,0,3,5,2,33,23,37,23,,,,,70,46,8,4,3,5,False,6,1,7,5,,,,,,
16119837,2569,2026-05-03,Red clay,6,311012,348987,0,2,away,,,2,2,1,3,33,33,10,32,,,,,43,65,0,4,5,0,False,2,6,2,6,,,,,,
16119835,2569,2026-05-03,Red clay,6,336308,246159,0,2,away,,,1,1,4,0,22,38,24,28,,,,,46,66,1,5,7,8,False,2,6,2,6,,,,,,
16119827,2569,2026-05-03,Red clay,6,112957,247791,2,0,home,,,3,2,3,1,43,29,30,21,,,,,73,50,4,2,5,6,False,6,1,7,6,,,,,,
16119829,2569,2026-05-03,Red clay,6,45902,113079,1,2,away,,,1,1,3,8,45,52,38,46,,,,,83,98,5,7,10,3,False,6,4,2,6,4,6,,,,
16119836,2569,2026-05-03,Red clay,6,103901,64968,2,0,home,,,3,2,3,4,32,21,21,11,,,,,53,32,4,0,0,4,False,6,1,6,3,,,,,,
16119825,2569,2026-05-03,Red clay,6,401399,267148,0,2,away,,,0,0,1,1,23,31,23,31,,,,,46,62,3,6,7,6,False,2,6,3,6,,,,,,
16119833,2569,2026-05-03,Red clay,6,355536,215166,0,2,away,,,0,3,0,3,36,44,21,35,,,,,57,79,1,3,4,2,False,2,6,6,7,,,,,,
16119815,2569,2026-05-03,Red clay,6,396293,371932,2,1,home,,,7,1,6,7,64,50,40,42,,,,,104,92,5,5,11,3,False,7,6,3,6,6,2,,,,
16119816,2569,2026-05-03,Red clay,6,418056,199509,2,0,home,,,1,0,0,5,46,42,28,19,,,,,74,61,3,0,3,6,False,7,5,6,2,,,,,,
16119830,2569,2026-05-03,Red clay,6,221410,97995,0,2,away,,,3,2,4,1,28,30,17,34,,,,,45,64,2,6,6,1,False,4,6,1,6,,,,,,
16119834,2569,2026-05-03,Red clay,6,105099,190996,0,2,away,,,0,2,7,1,29,39,28,36,,,,,57,75,2,5,3,4,False,3,6,2,6,,,,,,
16119832,2569,2026-05-03,Red clay,6,213943,90664,0,2,away,,,1,0,5,1,36,41,31,37,,,,,67,78,3,6,4,3,False,3,6,5,7,,,,,,
16119826,2569,2026-05-03,Red clay,6,198197,374193,0,2,away,,,0,0,2,0,31,38,34,35,,,,,65,73,4,6,10,8,False,4,6,3,6,,,,,,
16119818,2569,2026-05-03,Red clay,6,339456,195182,2,0,home,,,4,0,3,2,41,36,29,25,,,,,70,61,4,3,1,3,False,6,4,7,6,,,,,,
16050473,26121,2026-05-03,Hardcourt outdoor,72,233700,131442,2,0,home,,,1,5,2,4,41,32,24,21,,,,,65,53,2,1,4,4,False,6,3,6,4,,,,,,
16114698,10247,2026-05-03,Red clay,72,250857,407164,1,2,away,,,4,1,1,3,40,49,29,29,,,,,69,78,1,2,4,6,False,6,3,4,6,1,6,,,,
16114704,10247,2026-05-03,Red clay,72,269909,231620,0,2,away,,,1,0,6,3,30,28,27,44,,,,,57,72,5,6,7,0,False,5,7,2,6,,,,,,
16114699,10247,2026-05-03,Red clay,72,113979,355526,1,2,away,,,0,3,1,5,68,60,43,58,,,,,111,118,4,5,9,5,False,6,4,6,7,3,6,,,,
16113347,22388,2026-05-03,Hardcourt outdoor,72,46390,222958,0,2,away,,,2,2,8,2,19,30,10,28,,,,,29,58,0,4,4,1,False,3,6,0,6,,,,,,
16113346,22388,2026-05-03,Hardcourt outdoor,72,201681,187236,2,0,home,,,5,1,2,2,37,31,27,19,,,,,64,50,3,1,1,2,False,6,4,6,2,,,,,,
16113339,22388,2026-05-03,Hardcourt outdoor,72,16683,462060,2,0,home,,,1,1,1,5,37,38,32,18,,,,,69,56,2,2,0,2,False,7,6,6,3,,,,,,
16113340,22388,2026-05-03,Hardcourt outdoor,72,383991,155684,2,0,home,,,6,0,4,1,52,46,31,30,,,,,83,76,3,3,4,5,False,7,6,6,4,,,,,,
16113338,22388,2026-05-03,Hardcourt outdoor,72,156664,233126,0,2,away,,,4,2,2,4,36,41,23,40,,,,,59,81,2,4,7,1,False,0,6,6,7,,,,,,
16115518,24001,2026-05-03,Red clay,72,390226,98503,2,0,home,,,12,0,0,2,28,17,27,4,,,,,55,21,4,0,0,2,False,6,0,6,1,,,,,,
16115515,24001,2026-05-03,Red clay,72,421493,483965,2,0,home,,,1,0,3,6,31,21,24,9,,,,,55,30,5,1,1,0,False,6,1,6,3,,,,,,
16115517,24001,2026-05-03,Red clay,72,84671,338511,1,0,home,,,4,0,3,5,24,22,23,7,,,,,47,29,3,0,0,2,False,6,2,3,1,,,,,,
16115516,24001,2026-05-03,Red clay,72,236282,330481,1,2,away,,,1,8,10,9,65,63,56,68,,,,,121,131,7,6,14,4,False,4,6,7,6,4,6,,,,
16114681,10247,2026-05-03,Red clay,72,520447,291790,2,1,home,,,8,7,4,3,76,73,49,47,,,,,125,120,3,3,5,7,False,7,6,6,7,7,5,,,,
16118854,10247,2026-05-03,Red clay,72,65606,190877,0,2,away,,,1,0,2,5,34,37,28,32,,,,,62,69,2,4,5,5,False,4,6,3,6,,,,,,
16118671,10247,2026-05-03,Red clay,72,66484,239967,2,0,home,,,1,0,0,1,27,21,33,13,,,,,60,34,4,0,1,2,False,6,2,6,0,,,,,,
16118967,10247,2026-05-03,Red clay,72,161262,233060,0,2,away,,,2,18,1,2,56,58,21,30,,,,,77,88,0,1,2,2,False,5,7,6,7,,,,,,
16119084,10247,2026-05-03,Red clay,72,232036,453479,0,2,away,,,1,0,1,0,45,32,22,47,,,,,67,79,3,4,10,1,False,4,6,5,7,,,,,,
16119493,10247,2026-05-03,Red clay,72,340741,286492,0,2,away,,,3,4,3,0,34,51,22,21,,,,,56,72,0,0,2,4,False,6,7,1,6,,,,,,
16120511,10247,2026-05-03,Red clay,72,248845,520447,2,0,home,,,5,6,1,5,54,45,27,23,,,,,81,68,2,0,5,4,False,7,6,6,2,,,,,,
16115856,3794,2026-05-03,Red clay,72,402031,224619,0,2,away,,,0,2,0,5,23,35,22,25,,,,,45,60,1,4,2,1,False,1,6,5,7,,,,,,
16115858,3794,2026-05-03,Red clay,72,381917,389092,2,0,home,,,3,0,1,1,41,33,33,27,,,,,74,60,4,3,4,5,False,6,3,6,4,,,,,,
16115857,3794,2026-05-03,Red clay,72,1221935,284076,0,2,away,,,0,3,6,1,33,33,10,32,,,,,43,65,0,3,7,1,False,2,6,3,6,,,,,,
16117364,22388,2026-05-03,Hardcourt outdoor,72,244985,32466,2,0,home,,,5,2,0,2,44,36,23,18,,,,,67,54,3,0,2,0,False,6,2,7,6,,,,,,
16116859,22388,2026-05-03,Hardcourt outdoor,72,373829,53483,2,1,home,,,27,10,8,2,74,57,26,36,,,,,100,93,3,1,5,3,False,6,3,6,7,6,3,,,,
16117707,22388,2026-05-03,Hardcourt outdoor,72,299481,205313,1,2,away,,,1,12,10,6,43,34,25,44,,,,,68,78,2,5,8,3,False,6,2,1,6,1,6,,,,
16119001,22388,2026-05-03,Hardcourt outdoor,72,420914,177644,2,1,home,,,4,1,8,1,70,52,35,46,,,,,105,98,4,2,9,2,False,5,7,6,2,7,5,,,,
16118833,22388,2026-05-03,Hardcourt outdoor,72,92667,162144,2,1,home,,,6,7,2,2,70,62,29,29,,,,,99,91,3,1,2,3,False,6,3,6,7,6,3,,,,
16118701,34493,2026-05-03,Red clay,871,50641,303360,2,1,home,,,2,5,3,6,58,50,39,37,,,,,97,87,6,3,6,1,False,6,2,6,7,6,4,,,,
16118696,34493,2026-05-03,Red clay,871,385274,207654,1,2,away,,,0,0,7,4,54,67,59,62,,,,,113,129,7,9,13,11,False,0,6,7,5,6,7,,,,
16118691,34493,2026-05-03,Red clay,871,20354,293868,0,2,away,,,0,1,3,0,17,29,23,34,,,,,40,63,3,7,6,8,False,3,6,1,6,,,,,,
16118698,34493,2026-05-03,Red clay,871,367818,45835,0,2,away,,,4,0,2,5,26,35,17,26,,,,,43,61,1,4,2,0,False,4,6,1,6,,,,,,
16118693,34493,2026-05-03,Red clay,871,449211,102191,2,0,home,,,1,0,0,2,31,24,39,24,,,,,70,48,7,3,2,2,False,6,4,6,1,,,,,,
16118697,34493,2026-05-03,Red clay,871,198121,296390,2,0,home,,,0,0,5,2,40,34,32,22,,,,,72,56,4,2,1,8,False,7,5,6,3,,,,,,
16116745,34498,2026-05-03,Hardcourt outdoor,871,318574,43502,2,1,home,,,1,0,0,7,50,47,50,29,,,,,100,76,6,3,5,11,False,6,2,3,6,6,1,,,,
16117939,34498,2026-05-03,Hardcourt outdoor,871,234309,398054,0,2,away,,,0,1,1,0,22,29,9,30,,,,,31,59,0,5,2,0,False,2,6,1,6,,,,,,
16116741,34498,2026-05-03,Hardcourt outdoor,871,198209,455715,2,0,home,,,0,0,1,2,37,17,23,23,,,,,60,40,5,1,8,4,False,6,3,6,0,,,,,,
16117940,34498,2026-05-03,Hardcourt outdoor,871,395218,148276,2,0,home,,,2,1,0,2,43,38,22,16,,,,,65,54,2,0,1,2,False,6,4,6,4,,,,,,
16603249,36294,2026-05-03,Red clay,871,391753,221362,0,2,away,,,1,0,8,6,31,42,46,42,,,,,77,84,7,8,3,9,False,6,7,5,7,,,,,,
16112858,34493,2026-05-03,Red clay,871,128638,52533,2,0,home,,,0,4,4,4,37,42,41,19,,,,,78,61,5,3,1,6,False,7,5,6,3,,,,,,
16113309,34493,2026-05-03,Red clay,871,348715,202478,1,2,away,,,1,2,1,12,63,76,58,53,,,,,121,129,5,6,4,12,False,6,7,7,6,4,6,,,,
16113310,34493,2026-05-03,Red clay,871,103375,332985,1,2,away,,,3,5,5,9,63,57,40,52,,,,,103,109,5,5,7,8,False,5,7,6,3,4,6,,,,
16113308,34493,2026-05-03,Red clay,871,48318,47876,2,1,home,,,0,1,2,7,55,51,48,45,,,,,103,96,6,5,7,12,False,6,3,3,6,6,4,,,,
16119808,2488,2026-05-04,Red clay,3,205795,341820,,,,,,,,,,,,,,,,,,,,,,,,False,,,,,,,,,,
16119503,2488,2026-05-04,Red clay,3,326949,341818,1,2,away,,,2,2,2,1,54,58,24,32,,,,,78,90,0,3,3,2,False,3,6,6,4,4,6,,,,
16124662,2488,2026-05-04,Red clay,3,264358,341820,2,1,home,,,0,1,2,7,46,41,36,26,,,,,82,67,5,2,2,4,False,4,6,6,3,6,1,,,,
16119508,2488,2026-05-04,Red clay,3,499834,26204,1,2,away,,,3,5,9,1,53,63,41,41,,,,,94,104,4,4,2,5,False,6,4,2,6,6,7,,,,
16119803,2488,2026-05-04,Red clay,3,237452,524820,2,1,home,,,10,13,2,6,84,81,46,37,,,,,130,118,2,2,7,2,False,5,7,7,6,7,6,,,,
16125548,2488,2026-05-04,Red clay,3,64570,105607,2,1,home,,,4,2,1,1,50,54,41,22,,,,,91,76,4,1,4,6,False,6,2,3,6,6,2,,,,
16124622,2488,2026-05-04,Red clay,3,338890,132834,2,1,home,,,2,2,4,0,61,59,37,34,,,,,98,93,3,3,4,1,False,6,3,3,6,7,6,,,,
16124761,2488,2026-05-04,Red clay,3,255420,321788,2,1,home,,,5,2,3,0,50,54,30,24,,,,,80,78,2,1,4,4,False,6,4,2,6,6,4,,,,
16125550,2488,2026-05-04,Red clay,3,40800,14548,,,home,,,0,0,0,0,0,0,,,,,,,0,0,0,0,,,False,,,,,,,,,,
16126057,2488,2026-05-04,Red clay,3,210490,243925,2,1,home,,,2,13,8,2,83,87,50,34,,,,,133,121,1,1,3,4,False,7,6,6,7,7,6,,,,
16126431,2488,2026-05-04,Red clay,3,260122,483188,2,0,home,,,0,0,2,3,42,38,35,26,,,,,77,64,4,0,5,7,False,6,4,6,2,,,,,,
16124760,2488,2026-05-04,Red clay,3,57289,244420,1,2,away,,,3,8,0,4,59,61,42,44,,,,,101,105,2,2,5,9,False,6,4,2,6,6,7,,,,
16126430,2488,2026-05-04,Red clay,3,187608,275948,1,2,away,,,2,5,4,2,50,48,28,39,,,,,78,87,2,3,5,2,False,6,2,2,6,3,6,,,,
16126996,2488,2026-05-04,Red clay,3,349089,407383,2,0,home,,,5,0,0,2,39,28,20,12,,,,,59,40,2,0,1,1,False,6,2,6,4,,,,,,
16127360,2488,2026-05-04,Red clay,3,341818,264358,1,2,away,,,6,1,2,0,62,51,18,41,,,,,80,92,0,2,11,1,False,6,3,2,6,3,6,,,,
16124723,2569,2026-05-04,Red clay,6,60398,275530,2,0,home,,,3,1,5,2,46,35,28,27,,,,,74,62,4,1,9,5,False,6,2,6,4,,,,,,
16124717,2569,2026-05-04,Red clay,6,150574,257784,1,2,away,,,1,7,2,3,45,49,34,36,,,,,79,85,5,6,2,4,False,6,3,3,6,4,6,,,,
16124720,2569,2026-05-04,Red clay,6,381052,250859,0,2,away,,,0,0,5,2,20,28,19,33,,,,,39,61,3,7,2,1,False,1,6,3,6,,,,,,
16124719,2569,2026-05-04,Red clay,6,91960,202924,0,2,away,,,3,5,2,5,36,42,32,33,,,,,68,75,3,5,1,3,False,4,6,5,7,,,,,,
16124708,2569,2026-05-04,Red clay,6,316468,217828,2,1,home,,,1,3,2,2,39,45,38,32,,,,,77,77,5,5,1,5,False,6,4,1,6,6,3,,,,
16124718,2569,2026-05-04,Red clay,6,255391,189986,2,1,home,,,0,1,4,9,60,53,55,57,,,,,115,110,8,8,6,1,False,4,6,7,5,7,6,,,,
16124715,2569,2026-05-04,Red clay,6,233214,110055,2,1,home,,,1,1,6,4,52,54,56,43,,,,,108,97,8,6,9,7,False,6,3,5,7,6,4,,,,
16119821,2569,2026-05-04,Red clay,6,189995,88310,0,2,away,,,0,1,4,0,22,36,20,29,,,,,42,65,1,5,5,1,False,1,6,2,6,,,,,,
16119824,2569,2026-05-04,Red clay,6,111189,362614,1,2,away,,,0,1,0,4,45,45,37,47,,,,,82,92,6,7,9,4,False,4,6,6,2,3,6,,,,
16119823,2569,2026-05-04,Red clay,6,19546,263653,0,1,away,,,0,3,2,1,21,22,17,24,,,,,38,46,3,4,1,1,False,3,6,3,2,,,,,,
16119831,2569,2026-05-04,Red clay,6,314519,256104,0,2,away,,,0,0,1,1,13,26,10,29,,,,,23,55,1,6,2,0,False,2,6,0,6,,,,,,
16119820,2569,2026-05-04,Red clay,6,305030,69988,1,2,away,,,0,4,4,1,41,44,25,43,,,,,66,87,3,6,2,3,False,6,3,1,6,2,6,,,,
16119814,2569,2026-05-04,Red clay,6,383994,90814,0,2,away,,,0,3,3,0,25,34,20,26,,,,,45,60,2,4,4,1,False,4,6,3,6,,,,,,
16119813,2569,2026-05-04,Red clay,6,124804,253356,2,0,home,,,5,0,2,0,37,28,23,12,,,,,60,40,3,0,1,2,False,6,3,6,2,,,,,,
16119819,2569,2026-05-04,Red clay,6,51387,71034,2,1,home,,,5,2,3,4,69,54,43,45,,,,,112,99,4,3,9,3,False,3,6,7,5,6,2,,,,
16124632,2569,2026-05-04,Red clay,6,34486,112957,1,2,away,,,3,7,3,4,68,78,51,44,,,,,119,122,4,4,5,14,False,6,7,7,5,3,6,,,,
16125527,2569,2026-05-04,Red clay,6,97995,113079,2,0,home,,,5,1,2,6,38,45,38,23,,,,,76,68,5,4,0,3,False,7,6,6,4,,,,,,
16124762,2569,2026-05-04,Red clay,6,103901,246159,0,2,away,,,1,0,4,3,38,40,29,39,,,,,67,79,3,5,4,6,False,6,7,2,6,,,,,,
16124631,2569,2026-05-04,Red clay,6,210831,348987,2,1,home,,,3,6,8,11,52,57,52,30,,,,,104,87,6,4,6,15,False,4,6,6,4,6,2,,,,
16125974,2569,2026-05-04,Red clay,6,190996,215166,1,2,away,,,1,2,0,1,51,51,35,40,,,,,86,91,4,5,6,8,False,2,6,6,1,5,7,,,,
16125528,2569,2026-05-04,Red clay,6,418056,396293,0,2,away,,,1,5,4,3,36,38,26,36,,,,,62,74,2,5,6,9,False,3,6,3,6,,,,,,
16126142,2569,2026-05-04,Red clay,6,374193,267148,2,1,home,,,1,0,2,2,66,60,52,57,,,,,118,117,7,5,10,12,False,6,3,6,7,6,4,,,,
16127359,2569,2026-05-04,Red clay,6,362614,263653,2,0,home,,,2,1,0,0,28,26,35,16,,,,,63,42,6,2,0,3,False,6,4,6,1,,,,,,
16127396,2569,2026-05-04,Red clay,6,90814,124804,1,2,away,,,0,2,0,2,35,35,19,31,,,,,54,66,2,5,2,2,False,6,1,1,6,1,6,,,,
16115042,24001,2026-05-04,Red clay,72,1216954,321948,,,,,,,,,,,,,,,,,,,,,,,,False,,,,,,,,,,
16115043,24001,2026-05-04,Red clay,72,195372,213076,,,,,,,,,,,,,,,,,,,,,,,,False,,,,,,,,,,
16115044,24001,2026-05-04,Red clay,72,378554,931251,2,0,home,,,3,1,3,5,46,30,24,23,,,,,70,53,2,0,3,3,False,6,3,6,2,,,,,,
16115047,24001,2026-05-04,Red clay,72,81271,172482,2,0,home,,,8,2,2,2,55,44,20,26,,,,,75,70,1,0,3,3,False,7,6,6,3,,,,,,
16115045,24001,2026-05-04,Red clay,72,191183,932349,2,0,home,,,2,2,0,1,45,39,24,12,,,,,69,51,2,0,0,2,False,7,5,6,3,,,,,,
16116613,24001,2026-05-04,Red clay,72,1216954,195372,0,2,away,,,2,0,5,2,23,29,18,31,,,,,41,60,2,5,3,3,False,0,6,4,6,,,,,,
16114700,10247,2026-05-04,Red clay,72,197809,224038,2,0,home,,,0,2,2,4,31,18,27,14,,,,,58,32,4,0,2,2,False,6,1,6,1,,,,,,
16114702,10247,2026-05-04,Red clay,72,303307,207089,0,2,away,,,0,4,3,1,36,37,16,33,,,,,52,70,1,3,6,3,False,4,6,2,6,,,,,,
16126026,10247,2026-05-04,Red clay,72,302582,248845,2,1,home,,,8,0,5,1,38,27,32,20,,,,,70,47,5,1,2,3,False,2,6,6,0,6,0,,,,
16114703,10247,2026-05-04,Red clay,72,321791,302567,1,2,away,,,1,6,3,2,48,58,37,29,,,,,85,87,2,2,1,4,False,3,6,6,2,4,6,,,,
16126023,10247,2026-05-04,Red clay,72,453479,420304,0,2,away,,,0,7,2,2,34,39,15,28,,,,,49,67,0,3,3,1,False,3,6,3,6,,,,,,
16114701,10247,2026-05-04,Red clay,72,298057,132558,0,2,away,,,3,2,0,2,39,39,20,31,,,,,59,70,2,3,4,1,False,4,6,4,6,,,,,,
16114697,10247,2026-05-04,Red clay,72,264372,466210,2,1,home,,,3,2,0,4,56,51,45,33,,,,,101,84,5,1,4,5,False,5,7,6,3,6,1,,,,
16126025,10247,2026-05-04,Red clay,72,233060,519193,2,1,home,,,8,0,1,3,52,56,47,27,,,,,99,83,4,1,3,6,False,6,2,4,6,6,4,,,,
16126021,10247,2026-05-04,Red clay,72,267242,66484,0,2,away,,,2,1,3,1,31,39,13,24,,,,,44,63,0,3,1,0,False,3,6,3,6,,,,,,
16124390,22388,2026-05-04,Hardcourt outdoor,72,63446,244985,0,2,away,,,2,8,4,3,29,39,23,22,,,,,52,61,0,3,1,7,False,4,6,4,6,,,,,,
16124392,22388,2026-05-04,Hardcourt outdoor,72,217464,373829,2,0,home,,,0,5,3,7,29,22,21,14,,,,,50,36,2,0,1,2,False,6,2,7,5,,,,,,
16113337,22388,2026-05-04,Hardcourt outdoor,72,97647,82579,2,0,home,,,4,1,2,3,26,19,28,15,,,,,54,34,2,0,2,6,False,6,2,6,2,,,,,,
16113351,22388,2026-05-04,Hardcourt outdoor,72,163996,339452,0,2,away,,,2,9,4,4,47,50,28,28,,,,,75,78,2,3,1,2,False,5,7,6,7,,,,,,
16113349,22388,2026-05-04,Hardcourt outdoor,72,58369,163438,1,2,away,,,6,8,3,1,64,68,35,44,,,,,99,112,1,2,6,2,False,7,6,3,6,3,6,,,,
16113352,22388,2026-05-04,Hardcourt outdoor,72,207575,204329,2,0,home,,,6,4,1,4,32,32,30,20,,,,,62,52,4,3,0,3,False,6,4,6,4,,,,,,
16124391,22388,2026-05-04,Hardcourt outdoor,72,17080,205313,0,2,away,,,2,13,2,6,51,65,35,24,,,,,86,89,1,0,2,5,False,6,7,6,7,,,,,,
16124389,22388,2026-05-04,Hardcourt outdoor,72,420914,336621,0,2,away,,,1,6,5,2,36,45,20,26,,,,,56,71,1,3,4,2,False,4,6,4,6,,,,,,
16113350,22388,2026-05-04,Hardcourt outdoor,72,232059,254227,0,2,away,,,8,3,2,0,40,46,12,18,,,,,52,64,0,1,2,1,False,4,6,5,7,,,,,,
16124393,22388,2026-05-04,Hardcourt outdoor,72,92667,479273,1,2,away,,,12,11,1,6,40,63,42,31,,,,,82,94,2,3,1,9,False,3,6,6,3,1,6,,,,
16113336,22388,2026-05-04,Hardcourt outdoor,72,83263,289106,2,0,home,,,3,4,2,1,40,31,17,17,,,,,57,48,1,0,2,2,False,6,4,6,2,,,,,,
16115550,24001,2026-05-04,Red clay,72,198203,482547,2,0,home,,,9,1,3,5,40,36,31,15,,,,,71,51,4,1,1,3,False,6,2,7,5,,,,,,
16115551,24001,2026-05-04,Red clay,72,155860,305650,2,1,home,,,5,9,4,9,57,41,47,38,,,,,104,79,7,2,6,3,False,6,0,6,7,6,1,,,,
16120948,24001,2026-05-04,Red clay,72,197410,330481,2,0,home,,,2,1,5,3,30,27,33,11,,,,,63,38,5,0,1,5,False,6,1,6,2,,,,,,
16115855,3794,2026-05-04,Red clay,72,395251,402032,2,0,home,,,5,0,3,5,32,26,32,16,,,,,64,42,3,0,1,5,False,6,0,6,2,,,,,,
16115854,3794,2026-05-04,Red clay,72,272265,221015,0,2,away,,,0,1,2,2,23,25,10,35,,,,,33,60,0,3,9,1,False,1,6,0,6,,,,,,
16115852,3794,2026-05-04,Red clay,72,54477,371422,2,0,home,,,0,1,1,1,39,20,24,21,,,,,63,41,4,1,7,1,False,6,3,6,1,,,,,,
16115859,3794,2026-05-04,Red clay,72,508354,243374,2,0,home,,,1,1,7,5,35,26,34,32,,,,,69,58,4,4,5,7,False,6,3,6,3,,,,,,
16115849,3794,2026-05-04,Red clay,72,393631,530943,2,0,home,,,2,0,1,1,33,30,27,13,,,,,60,43,2,1,0,4,False,6,2,6,4,,,,,,
16115860,3794,2026-05-04,Red clay,72,266259,402459,2,0,home,,,0,3,2,5,52,49,31,31,,,,,83,80,3,2,2,3,False,7,6,7,6,,,,,,
16115850,3794,2026-05-04,Red clay,72,210981,400489,2,1,home,,,3,6,1,5,53,45,33,27,,,,,86,72,4,2,3,2,False,4,6,6,1,6,3,,,,
16115851,3794,2026-05-04,Red clay,72,303908,398852,1,2,away,,,0,1,4,3,42,55,42,40,,,,,84,95,4,5,4,5,False,6,4,5,7,1,6,,,,
16115861,3794,2026-05-04,Red clay,72,415575,402474,2,1,home,,,2,0,6,5,52,48,56,56,,,,,108,104,5,5,12,9,False,2,6,6,4,6,3,,,,
16127397,3794,2026-05-04,Red clay,72,395251,221015,1,2,away,,,4,2,9,3,45,48,33,49,,,,,78,97,3,4,10,5,False,1,6,6,4,4,6,,,,
16126466,3794,2026-05-04,Red clay,72,381917,284076,2,0,home,,,1,2,3,6,41,29,36,29,,,,,77,58,5,2,3,3,False,7,5,6,1,,,,,,
16127398,3794,2026-05-04,Red clay,72,54477,224619,2,0,home,,,2,2,2,2,48,38,30,27,,,,,78,65,2,2,3,3,False,6,3,7,6,,,,,,
16118692,34493,2026-05-04,Red clay,871,130624,153652,2,0,home,,,0,0,3,2,44,35,41,36,,,,,85,71,6,4,3,8,False,7,6,6,2,,,,,,
16118699,34493,2026-05-04,Red clay,871,383652,339457,,,,,,,,,,,,,,,,,,,,,,,,False,,,,,,,,,,
16118690,34493,2026-05-04,Red clay,871,293867,288576,2,0,home,,,2,0,3,1,29,26,36,29,,,,,65,55,7,4,1,4,False,6,4,6,3,,,,,,
16130199,34493,2026-05-04,Red clay,871,348715,339457,0,1,home,,,0,3,1,0,37,42,27,33,,,,,64,75,2,4,2,4,False,2,6,5,5,,,,,,
16118689,34493,2026-05-04,Red clay,871,52229,469382,0,2,away,,,1,0,5,0,24,44,37,33,,,,,61,77,3,6,7,6,False,5,7,1,6,,,,,,
16125941,34493,2026-05-04,Red clay,871,128638,134342,1,2,away,,,0,0,0,5,42,39,24,38,,,,,66,77,3,4,6,1,False,4,6,6,1,0,6,,,,
16118700,34493,2026-05-04,Red clay,871,67743,1091182,1,2,away,,,1,2,10,3,53,49,43,47,,,,,96,96,6,7,5,4,False,4,6,6,4,4,6,,,,
16125938,34493,2026-05-04,Red clay,871,332985,221362,0,2,away,,,0,3,4,10,34,46,40,36,,,,,74,82,5,6,8,9,False,4,6,6,7,,,,,,
16125940,34493,2026-05-04,Red clay,871,306421,48318,2,0,home,,,2,1,3,2,39,36,35,21,,,,,74,57,5,1,4,10,False,6,0,7,5,,,,,,
16125939,34493,2026-05-04,Red clay,871,64085,202478,2,1,home,,,0,0,2,6,43,36,41,41,,,,,84,77,8,6,3,6,False,6,3,3,6,6,3,,,,
16116743,34498,2026-05-04,Hardcourt outdoor,871,284553,208613,0,2,away,,,2,0,3,3,31,39,24,29,,,,,55,68,1,4,3,2,False,3,6,3,6,,,,,,
16116750,34498,2026-05-04,Hardcourt outdoor,871,80535,150130,1,0,home,,,0,0,0,0,37,28,27,20,,,,,64,48,3,2,3,1,False,7,6,4,1,,,,,,
16116742,34498,2026-05-04,Hardcourt outdoor,871,406663,414874,2,0,home,,,4,4,0,6,34,29,30,21,,,,,64,50,5,2,3,2,False,6,4,6,2,,,,,,
16116740,34498,2026-05-04,Hardcourt outdoor,871,353542,339455,0,2,away,,,3,2,4,1,29,29,11,29,,,,,40,58,1,5,10,0,False,3,6,2,6,,,,,,
16116751,34498,2026-05-04,Hardcourt outdoor,871,96237,327367,0,2,away,,,0,2,2,2,19,30,16,33,,,,,35,63,1,6,4,3,False,1,6,1,6,,,,,,
16116752,34498,2026-05-04,Hardcourt outdoor,871,322099,230058,2,0,home,,,0,1,4,5,36,31,44,36,,,,,80,67,7,4,8,8,False,7,5,6,1,,,,,,
16116749,34498,2026-05-04,Hardcourt outdoor,871,238275,41404,0,2,away,,,5,2,3,5,28,35,14,28,,,,,42,63,1,5,3,0,False,0,6,5,7,,,,,,
16116746,34498,2026-05-04,Hardcourt outdoor,871,297194,79443,1,2,away,,,0,3,6,8,34,37,42,45,,,,,76,82,6,9,2,7,False,1,6,6,3,3,6,,,,
16116744,34498,2026-05-04,Hardcourt outdoor,871,193083,190950,2,1,home,,,1,1,2,2,73,63,42,48,,,,,115,111,5,4,10,7,False,6,2,5,7,7,6,,,,
16117943,34498,2026-05-04,Hardcourt outdoor,871,191320,52691,1,2,away,,,4,2,3,6,65,54,39,56,,,,,104,110,3,5,13,9,False,2,6,6,3,3,6,,,,
16116748,34498,2026-05-04,Hardcourt outdoor,871,136302,130690,0,2,away,,,2,4,3,1,27,33,11,34,,,,,38,67,1,5,4,0,False,3,6,1,6,,,,,,
16116747,34498,2026-05-04,Hardcourt outdoor,871,246135,134532,0,2,away,,,0,3,1,5,28,35,18,25,,,,,46,60,1,4,6,0,False,1,6,4,6,,,,,,
16603228,36294,2026-05-04,Red clay,871,135192,248273,2,0,home,,,0,1,2,4,30,31,41,24,,,,,71,55,6,3,1,9,False,6,2,6,4,,,,,,
16603217,36294,2026-05-04,Red clay,871,407597,98733,2,0,home,,,0,0,4,8,36,24,37,32,,,,,73,56,7,4,3,8,False,7,5,6,1,,,,,,
16125555,2488,2026-05-05,Red clay,3,49172,15894,2,0,home,,,1,0,3,0,29,31,42,14,,,,,71,45,6,0,3,5,False,6,4,6,0,,,,,,
16125558,2488,2026-05-05,Red clay,3,218259,199395,0,2,away,,,2,2,1,1,29,36,15,28,,,,,44,64,2,3,5,3,False,3,6,3,6,,,,,,
16125554,2488,2026-05-05,Red clay,3,191873,221806,0,2,away,,,1,1,1,0,39,46,26,35,,,,,65,81,3,3,3,2,False,3,6,6,7,,,,,,
16125551,2488,2026-05-05,Red clay,3,75813,127208,1,2,away,,,6,11,2,2,61,66,35,33,,,,,96,99,3,1,2,2,False,6,4,6,7,4,6,,,,
16125562,2488,2026-05-05,Red clay,3,38517,298247,1,2,away,,,10,4,2,1,64,59,34,34,,,,,98,93,2,1,1,2,False,6,0,4,6,6,7,,,,
16125560,2488,2026-05-05,Red clay,3,196122,264344,1,2,away,,,1,4,4,6,65,63,35,42,,,,,100,105,3,3,4,3,False,3,6,6,4,6,7,,,,
16125553,2488,2026-05-05,Red clay,3,158896,47975,1,2,away,,,12,7,4,0,66,69,21,32,,,,,87,101,1,3,3,0,False,7,6,6,7,2,6,,,,
16125559,2488,2026-05-05,Red clay,3,88992,102339,0,2,away,,,1,2,0,2,42,42,12,27,,,,,54,69,0,2,2,2,False,5,7,3,6,,,,,,
16133478,2488,2026-05-05,Red clay,3,46391,255420,2,0,home,,,4,6,0,5,41,37,27,16,,,,,68,53,3,0,3,2,False,6,2,6,4,,,,,,
16125557,2488,2026-05-05,Red clay,3,299538,126356,2,1,home,,,7,4,7,1,61,58,29,32,,,,,90,90,1,0,3,4,False,6,3,3,6,6,3,,,,
16126291,2488,2026-05-05,Red clay,3,417196,93597,1,2,away,,,5,4,2,0,47,50,31,39,,,,,78,89,2,3,5,5,False,3,6,6,2,2,6,,,,
16127680,2488,2026-05-05,Red clay,3,237452,26204,0,2,away,,,5,3,2,1,37,33,12,32,,,,,49,65,0,4,2,1,False,3,6,2,6,,,,,,
16124714,2569,2026-05-05,Red clay,6,237669,302539,2,1,home,,,0,0,4,9,55,41,42,37,,,,,97,78,6,3,3,2,False,4,6,6,2,6,2,,,,
16124710,2569,2026-05-05,Red clay,6,153860,308088,1,2,away,,,2,3,3,6,45,42,39,40,,,,,84,82,6,5,7,2,False,4,6,6,0,3,6,,,,
16124707,2569,2026-05-05,Red clay,6,222826,19607,2,1,home,,,3,1,2,3,43,49,40,34,,,,,83,83,4,4,5,4,False,1,6,6,4,6,2,,,,
16124702,2569,2026-05-05,Red clay,6,327924,71250,2,1,home,,,0,3,4,1,46,41,36,34,,,,,82,75,6,3,6,6,False,6,0,3,6,6,4,,,,
16124716,2569,2026-05-05,Red clay,6,155890,64496,0,2,away,,,0,3,3,4,10,27,15,26,,,,,25,53,0,6,0,3,False,0,6,1,6,,,,,,
16124722,2569,2026-05-05,Red clay,6,42289,19520,0,2,away,,,1,5,2,2,19,32,20,29,,,,,39,61,1,6,0,4,False,0,6,3,6,,,,,,
16133491,2569,2026-05-05,Red clay,6,218347,396293,2,0,home,,,1,1,1,4,41,36,37,22,,,,,78,58,4,2,3,5,False,6,2,7,6,,,,,,
16133493,2569,2026-05-05,Red clay,6,112957,59702,2,0,home,,,1,2,4,4,49,44,31,30,,,,,80,74,3,2,7,5,False,7,6,6,4,,,,,,
16124721,2569,2026-05-05,Red clay,6,72376,293708,2,0,home,,,0,2,4,2,36,30,25,16,,,,,61,46,4,0,3,3,False,6,2,6,3,,,,,,
16124705,2569,2026-05-05,Red clay,6,276767,460330,1,2,away,,,0,2,8,8,38,42,38,38,,,,,76,80,6,6,4,5,False,6,1,2,6,4,6,,,,
16133490,2569,2026-05-05,Red clay,6,48455,362614,2,0,home,,,1,1,0,2,25,17,35,17,,,,,60,34,7,2,2,6,False,6,1,6,1,,,,,,
16124706,2569,2026-05-05,Red clay,6,37508,360184,2,0,home,,,0,0,2,7,45,31,32,35,,,,,77,66,5,3,6,2,False,6,4,6,4,,,,,,
16133495,2569,2026-05-05,Red clay,6,298913,69988,2,0,home,,,2,0,2,5,37,20,26,19,,,,,63,39,5,1,3,7,False,6,3,6,1,,,,,,
16124703,2569,2026-05-05,Red clay,6,261095,291733,2,0,home,,,3,5,2,4,36,32,27,20,,,,,63,52,4,2,4,6,False,6,4,6,4,,,,,,
16133494,2569,2026-05-05,Red clay,6,51387,207593,2,0,home,,,2,0,1,0,41,37,37,23,,,,,78,60,4,1,3,8,False,6,3,6,2,,,,,,
16133474,2569,2026-05-05,Red clay,6,418056,65950,1,2,away,,,3,0,2,1,42,50,36,41,,,,,78,91,4,7,6,2,False,7,5,3,6,0,6,,,,
16124713,2569,2026-05-05,Red clay,6,45545,381430,0,2,away,,,1,0,3,4,31,33,16,33,,,,,47,66,1,5,7,3,False,3,6,2,6,,,,,,
16127393,2569,2026-05-05,Red clay,6,88310,69988,1,2,away,,,1,1,3,8,52,65,62,50,,,,,114,115,8,7,6,11,False,6,3,5,7,6,7,,,,
16127925,2569,2026-05-05,Red clay,6,51387,339456,2,0,home,,,2,0,1,2,38,31,26,12,,,,,64,43,3,0,2,5,False,6,2,6,3,,,,,,
16127069,2569,2026-05-05,Red clay,6,90664,256104,2,0,home,,,0,1,2,1,32,18,36,29,,,,,68,47,7,4,4,2,False,6,2,6,3,,,,,,
16115048,24001,2026-05-05,Red clay,72,399557,445845,2,0,home,,,4,3,3,2,41,26,19,14,,,,,60,40,2,0,3,1,False,6,4,6,1,,,,,,
16127573,24001,2026-05-05,Red clay,72,84671,303122,0,0,away,,,2,2,0,0,11,9,6,6,,,,,17,15,1,0,2,0,False,3,2,,,,,,,,
16115046,24001,2026-05-05,Red clay,72,421229,272506,2,1,home,,,3,4,5,5,60,68,36,30,,,,,96,98,1,2,3,3,False,6,4,1,6,7,6,,,,
16115050,24001,2026-05-05,Red clay,72,103625,386340,2,1,home,,,12,4,2,6,64,55,34,23,,,,,98,78,2,0,2,4,False,6,2,6,7,6,2,,,,
16127570,24001,2026-05-05,Red clay,72,155860,326985,0,1,away,,,1,2,2,0,8,16,6,14,,,,,14,30,0,2,1,0,False,1,6,0,1,,,,,,
16127571,24001,2026-05-05,Red clay,72,197410,170976,0,2,away,,,6,9,4,1,40,50,13,21,,,,,53,71,0,1,3,0,False,3,6,6,7,,,,,,
16127583,24001,2026-05-05,Red clay,72,198203,484852,0,2,away,,,9,8,4,4,40,52,26,18,,,,,66,70,0,1,1,6,False,3,6,6,7,,,,,,
16116616,24001,2026-05-05,Red clay,72,79929,213076,0,2,away,,,1,5,2,1,18,33,7,20,,,,,25,53,0,3,2,1,False,1,6,2,6,,,,,,
16126024,10247,2026-05-05,Red clay,72,286492,381399,2,0,home,,,0,5,0,1,36,39,35,18,,,,,71,57,3,1,2,4,False,6,4,6,4,,,,,,
16114696,10247,2026-05-05,Red clay,72,403148,193644,1,2,away,,,0,0,4,0,61,56,28,52,,,,,89,108,1,5,9,3,False,7,6,2,6,2,6,,,,
16126022,10247,2026-05-05,Red clay,72,190877,207034,0,2,away,,,1,1,3,0,22,39,29,31,,,,,51,70,1,4,5,6,False,3,6,2,6,,,,,,
16114705,10247,2026-05-05,Red clay,72,392072,225214,2,0,home,,,2,1,0,1,47,36,29,33,,,,,76,69,2,1,8,5,False,6,4,6,4,,,,,,
16096950,10247,2026-05-05,Red clay,72,302567,302582,0,2,away,,,9,4,4,6,46,57,30,30,,,,,76,87,1,1,3,5,False,4,6,6,7,,,,,,
16096952,10247,2026-05-05,Red clay,72,207089,355526,2,0,home,,,6,3,2,2,43,44,32,19,,,,,75,63,2,0,1,4,False,6,4,6,4,,,,,,
16096948,10247,2026-05-05,Red clay,72,420304,132558,2,0,home,,,7,3,1,1,48,43,27,19,,,,,75,62,2,1,2,1,False,6,3,7,6,,,,,,
16096959,10247,2026-05-05,Red clay,72,286492,231620,2,0,home,,,5,1,2,2,38,30,18,13,,,,,56,43,1,0,0,2,False,6,4,6,2,,,,,,
16115867,3794,2026-05-05,Red clay,72,451986,199488,2,0,home,,,5,1,3,0,53,52,31,21,,,,,84,73,2,0,2,6,False,7,6,7,6,,,,,,
16115866,3794,2026-05-05,Red clay,72,48225,38180,0,2,away,,,1,4,3,2,38,33,21,42,,,,,59,75,1,6,6,2,False,5,7,2,6,,,,,,
16115863,3794,2026-05-05,Red clay,72,107483,161868,0,2,away,,,0,2,1,0,33,34,28,36,,,,,61,70,3,4,4,3,False,4,6,5,7,,,,,,
16115862,3794,2026-05-05,Red clay,72,286518,240797,0,2,away,,,0,0,1,1,27,35,34,39,,,,,61,74,3,7,2,3,False,5,7,5,7,,,,,,
16115868,3794,2026-05-05,Red clay,72,297139,65576,2,0,home,,,6,2,6,0,50,46,35,34,,,,,85,80,4,3,2,2,False,7,6,7,6,,,,,,
16115865,3794,2026-05-05,Red clay,72,72248,332537,0,2,away,,,7,4,0,2,39,44,17,28,,,,,56,72,1,2,4,2,False,5,7,3,6,,,,,,
16115871,3794,2026-05-05,Red clay,72,231579,16564,2,0,home,,,1,0,2,0,43,40,31,20,,,,,74,60,2,1,2,6,False,7,6,6,2,,,,,,
16115864,3794,2026-05-05,Red clay,72,391794,1083345,2,0,home,,,0,0,2,6,34,11,21,17,,,,,55,28,5,0,5,0,False,6,1,6,1,,,,,,
16115869,3794,2026-05-05,Red clay,72,204776,54975,1,2,away,,,5,2,3,1,56,60,37,50,,,,,93,110,2,4,10,4,False,7,6,1,6,2,6,,,,
16133916,3794,2026-05-05,Red clay,72,82133,393631,2,0,home,,,3,2,3,4,45,48,39,25,,,,,84,73,3,1,3,9,False,7,6,6,3,,,,,,
16133914,3794,2026-05-05,Red clay,72,381917,66086,0,2,away,,,0,0,0,1,7,31,11,22,,,,,18,53,0,4,1,1,False,0,6,1,6,,,,,,
16092163,22388,2026-05-05,Hardcourt outdoor,72,383991,16683,2,1,home,,,18,5,3,1,97,87,53,61,,,,,,,1,2,15,6,False,7,6,6,7,7,6,,,,
16092173,22388,2026-05-05,Hardcourt outdoor,72,244985,233126,1,2,away,,,8,3,3,5,57,68,54,50,,,,,111,118,4,6,7,7,False,3,6,7,6,4,6,,,,
16092168,22388,2026-05-05,Hardcourt outdoor,72,163438,217464,1,2,away,,,3,0,1,2,78,75,46,40,,,,,124,115,2,2,7,3,False,6,7,6,4,6,7,,,,
16092177,22388,2026-05-05,Hardcourt outdoor,72,222958,201681,1,2,away,,,13,6,1,4,86,66,40,58,,,,,126,124,4,3,17,5,False,6,3,6,7,4,6,,,,
16127681,3794,2026-05-05,Red clay,72,393631,508354,2,1,home,,,1,2,8,4,56,41,35,40,,,,,91,81,4,2,5,4,False,6,2,3,6,6,3,,,,
16128138,3794,2026-05-05,Red clay,72,266259,210981,1,2,away,,,2,3,2,3,55,51,30,36,,,,,85,87,2,3,5,3,False,3,6,6,1,4,6,,,,
16128592,3794,2026-05-05,Red clay,72,398852,415575,2,0,home,,,2,3,1,3,36,33,32,14,,,,,68,47,4,0,1,8,False,6,3,6,1,,,,,,
16118674,22388,2026-05-05,Hardcourt outdoor,72,326246,479273,,,away,,,0,0,0,0,0,0,,,,,,,0,0,0,0,,,False,,,,,,,,,,
16118688,34493,2026-05-05,Red clay,871,48486,193290,0,2,away,,,1,1,2,2,27,30,17,31,,,,,44,61,2,5,3,0,False,4,6,2,6,,,,,,
16100879,34493,2026-05-05,Red clay,871,207654,449211,2,0,home,,,0,0,1,3,27,17,35,18,,,,,62,35,7,2,2,4,False,6,1,6,1,,,,,,
16100870,34493,2026-05-05,Red clay,871,45835,198121,1,2,away,,,2,1,7,4,39,44,32,43,,,,,71,87,4,9,3,4,False,2,6,7,6,1,6,,,,
16100882,34493,2026-05-05,Red clay,871,130624,293868,1,2,away,,,1,0,10,8,51,53,51,52,,,,,102,105,8,8,5,5,False,6,3,5,7,5,7,,,,
16100878,34493,2026-05-05,Red clay,871,50641,134342,2,0,home,,,4,0,6,5,38,27,27,24,,,,,65,51,5,2,5,4,False,6,2,6,4,,,,,,
16101060,34498,2026-05-05,Hardcourt outdoor,871,322099,327367,2,0,home,,,2,2,3,4,33,20,32,24,,,,,65,44,6,3,2,4,False,6,3,6,3,,,,,,
16101053,34498,2026-05-05,Hardcourt outdoor,871,79443,395218,2,1,home,,,6,0,7,6,59,60,57,37,,,,,116,97,7,4,4,16,False,6,3,6,7,6,1,,,,
16101054,34498,2026-05-05,Hardcourt outdoor,871,41404,130690,2,0,home,,,7,4,5,3,40,28,28,32,,,,,68,60,5,3,4,2,False,6,3,6,4,,,,,,
16101058,34498,2026-05-05,Hardcourt outdoor,871,318574,193083,2,0,home,,,7,3,1,1,33,30,25,9,,,,,58,39,4,0,1,0,False,6,2,6,3,,,,,,
16101059,34498,2026-05-05,Hardcourt outdoor,871,208613,406663,0,2,away,,,3,5,1,0,32,36,14,27,,,,,46,63,0,4,3,3,False,4,6,1,6,,,,,,
16101052,34498,2026-05-05,Hardcourt outdoor,871,52691,134532,0,1,away,,,0,5,0,2,16,31,13,21,,,,,29,52,1,4,4,3,False,2,6,1,4,,,,,,
16101051,34498,2026-05-05,Hardcourt outdoor,871,398054,80535,2,0,home,,,0,1,1,2,32,32,43,28,,,,,75,60,7,4,1,8,False,6,4,6,3,,,,,,
16101061,34498,2026-05-05,Hardcourt outdoor,871,198209,339455,2,1,home,,,6,4,2,3,57,62,41,27,,,,,98,89,3,2,1,5,False,7,6,3,6,6,1,,,,
16133475,2488,2026-05-06,Red clay,3,124656,210490,2,1,home,,,11,12,2,5,54,47,42,31,,,,,96,78,5,3,4,5,False,6,3,5,7,6,0,,,,
16133476,2488,2026-05-06,Red clay,3,244420,125006,0,2,away,,,2,4,3,1,24,29,9,29,,,,,33,58,0,3,4,1,False,3,6,0,6,,,,,,
16133472,2488,2026-05-06,Red clay,3,40800,102151,0,2,away,,,2,0,1,0,28,32,9,28,,,,,37,60,0,3,7,0,False,2,6,1,6,,,,,,
16125575,2488,2026-05-06,Red clay,3,128552,112783,2,0,home,,,3,2,0,3,40,28,20,18,,,,,60,46,1,0,1,4,False,6,2,6,3,,,,,,
16133483,2488,2026-05-06,Red clay,3,260122,198592,0,2,away,,,0,0,5,0,26,31,18,36,,,,,44,67,2,4,8,3,False,2,6,3,6,,,,,,
16133481,2488,2026-05-06,Red clay,3,26204,338890,2,1,home,,,7,1,6,3,51,56,49,37,,,,,100,93,3,3,4,8,False,6,4,2,6,6,3,,,,
16125566,2488,2026-05-06,Red clay,3,170946,273679,0,2,away,,,6,6,1,2,33,45,16,14,,,,,49,59,0,1,2,2,False,3,6,4,6,,,,,,
16133477,2488,2026-05-06,Red clay,3,47770,349089,0,2,away,,,2,1,1,3,31,41,26,29,,,,,57,70,2,3,5,1,False,4,6,3,6,,,,,,
16133479,2488,2026-05-06,Red clay,3,275948,289146,1,2,away,,,2,13,13,3,60,73,45,39,,,,,105,112,3,3,4,9,False,6,7,6,4,2,6,,,,
16125567,2488,2026-05-06,Red clay,3,42379,15387,0,2,away,,,1,3,0,3,42,42,18,27,,,,,60,69,1,3,2,2,False,5,7,4,6,,,,,,
16125552,2488,2026-05-06,Red clay,3,421761,390214,1,2,away,,,4,12,2,5,52,51,25,42,,,,,77,93,2,2,8,2,False,6,4,1,6,3,6,,,,
16125568,2488,2026-05-06,Red clay,3,287181,294337,0,2,away,,,2,6,5,3,40,45,24,33,,,,,64,78,1,3,4,4,False,4,6,4,6,,,,,,
16125573,2488,2026-05-06,Red clay,3,16720,261017,2,0,home,,,2,8,0,0,55,48,28,23,,,,,83,71,0,0,3,7,False,6,3,7,6,,,,,,
16133480,2488,2026-05-06,Red clay,3,334293,264358,1,2,away,,,7,1,2,2,55,64,38,38,,,,,93,102,2,4,0,3,False,3,6,7,5,3,6,,,,
16593338,2369,2026-05-06,Hardcourt outdoor,3,221012,232036,0,1,,,,6,0,2,2,43,37,26,32,,,,,69,69,2,2,1,5,False,6,7,3,3,,,,,,
16593331,2369,2026-05-06,Hardcourt outdoor,3,254742,289106,1,1,,,,11,14,1,5,44,48,26,18,,,,,70,66,2,2,3,4,False,6,1,3,6,3,4,,,,
16133487,2569,2026-05-06,Red clay,6,287804,124804,1,2,away,,,0,4,11,3,56,57,35,46,,,,,91,103,4,6,4,6,False,5,7,7,5,1,6,,,,
16133486,2569,2026-05-06,Red clay,6,97995,210831,1,2,away,,,3,0,1,4,41,57,51,44,,,,,92,101,6,8,3,11,False,7,5,2,6,4,6,,,,
16124711,2569,2026-05-06,Red clay,6,62924,215773,1,2,away,,,3,1,3,8,44,55,54,49,,,,,98,104,8,8,8,7,False,4,6,6,3,4,6,,,,
16124709,2569,2026-05-06,Red clay,6,20732,275105,2,1,home,,,6,0,5,2,62,50,36,46,,,,,98,96,6,5,9,2,False,4,6,6,3,7,5,,,,
16124704,2569,2026-05-06,Red clay,6,220592,132370,2,0,home,,,0,1,2,5,40,17,27,32,,,,,67,49,6,3,11,4,False,6,2,6,3,,,,,,
16133496,2569,2026-05-06,Red clay,6,264980,246159,2,0,home,,,1,1,2,4,35,30,34,23,,,,,69,53,5,2,7,7,False,6,2,6,4,,,,,,
16132131,2569,2026-05-06,Red clay,6,316468,406776,0,2,away,,,0,4,3,1,16,28,13,30,,,,,29,58,1,6,6,2,False,1,6,0,6,,,,,,
16131756,2569,2026-05-06,Red clay,6,99131,257784,0,2,away,,,0,11,1,4,40,45,17,27,,,,,57,72,1,3,3,6,False,6,7,2,6,,,,,,
16136628,2569,2026-05-06,Red clay,6,218347,78551,0,2,away,,,1,3,4,4,27,35,24,29,,,,,51,64,2,5,5,6,False,4,6,2,6,,,,,,
16133473,2569,2026-05-06,Red clay,6,374193,34486,2,0,home,,,0,1,1,6,41,46,48,29,,,,,89,75,6,4,4,10,False,7,5,6,4,,,,,,
16133485,2569,2026-05-06,Red clay,6,206617,215166,1,2,away,,,0,0,3,3,39,52,50,52,,,,,89,104,7,9,7,7,False,5,7,6,4,1,6,,,,
16137106,2569,2026-05-06,Red clay,6,69208,112957,2,1,home,,,0,4,6,4,61,64,58,40,,,,,119,104,7,4,4,9,False,6,7,6,2,6,4,,,,
16132908,2569,2026-05-06,Red clay,6,255391,274049,0,2,away,,,0,8,5,6,23,32,24,29,,,,,47,61,2,5,6,2,False,4,6,1,6,,,,,,
16136626,2569,2026-05-06,Red clay,6,19520,19728,0,2,away,,,1,3,2,1,16,30,12,23,,,,,28,53,0,5,3,0,False,2,6,0,6,,,,,,
16137086,2569,2026-05-06,Red clay,6,376006,48455,0,2,away,,,1,1,3,0,41,33,19,42,,,,,60,75,2,5,9,2,False,5,7,2,6,,,,,,
16124517,2569,2026-05-06,Red clay,6,252168,250859,0,1,away,,,1,0,2,2,11,23,14,20,,,,,25,43,1,4,1,3,False,1,6,1,3,,,,,,
16137081,2569,2026-05-06,Red clay,6,72376,179146,1,2,away,,,2,1,6,9,78,69,61,62,,,,,139,131,6,6,10,9,False,6,4,6,7,5,7,,,,
16593509,2653,2026-05-06,Hardcourt outdoor,6,207979,264980,1,2,away,,,4,1,10,4,45,55,40,42,,,,,85,97,4,6,7,11,False,3,6,6,4,3,6,,,,
16593692,2578,2026-05-06,Hardcourt outdoor,6,237669,267045,1,2,away,,,3,5,4,8,67,61,53,68,,,,,120,129,7,8,10,6,False,6,3,5,7,5,7,,,,
16115051,24001,2026-05-06,Red clay,72,265873,269882,0,2,away,,,3,6,3,0,26,34,6,26,,,,,32,60,0,2,6,0,False,2,6,1,6,,,,,,
16127568,24001,2026-05-06,Red clay,72,226806,390226,2,0,home,,,13,1,1,5,36,33,29,11,,,,,65,44,3,0,0,3,False,6,2,6,3,,,,,,
16115049,24001,2026-05-06,Red clay,72,306490,386501,1,0,home,,,5,2,0,4,20,26,30,2,,,,,50,28,3,0,0,6,False,6,1,3,1,,,,,,
16127569,24001,2026-05-06,Red clay,72,69362,421493,2,0,home,,,1,0,5,3,36,23,26,18,,,,,62,41,3,1,2,3,False,6,3,6,2,,,,,,
16097068,24001,2026-05-06,Red clay,72,484852,195372,0,2,away,,,3,0,4,0,18,28,6,27,,,,,24,55,0,4,3,0,False,1,6,1,6,,,,,,
16097074,24001,2026-05-06,Red clay,72,399557,303122,0,2,away,,,0,3,6,1,39,41,19,31,,,,,58,72,1,3,4,0,False,4,6,4,6,,,,,,
16097070,24001,2026-05-06,Red clay,72,81271,421229,2,1,home,,,8,0,4,1,56,52,25,24,,,,,81,76,3,1,2,1,False,4,6,6,4,6,3,,,,
16097071,24001,2026-05-06,Red clay,72,378554,191183,2,0,home,,,3,5,1,2,44,34,21,22,,,,,65,56,1,1,0,3,False,6,3,7,5,,,,,,
16096958,10247,2026-05-06,Red clay,72,392072,233060,1,2,away,,,2,13,5,0,88,83,41,58,,,,,129,141,2,2,14,6,False,7,6,5,7,6,7,,,,
16133915,3794,2026-05-06,Red clay,72,186885,221015,2,0,home,,,1,0,2,0,37,18,23,19,,,,,60,37,3,1,2,4,False,6,1,6,2,,,,,,
16133918,3794,2026-05-06,Red clay,72,255418,398852,2,0,home,,,0,1,2,1,32,16,27,16,,,,,59,32,3,0,7,3,False,6,4,6,0,,,,,,
16133913,3794,2026-05-06,Red clay,72,264978,210981,2,0,home,,,0,1,0,4,29,6,25,12,,,,,54,18,6,1,4,0,False,6,0,6,1,,,,,,
16115870,3794,2026-05-06,Red clay,72,517927,379442,0,2,away,,,0,0,4,0,27,32,8,27,,,,,35,59,0,4,2,0,False,1,6,3,6,,,,,,
16133917,3794,2026-05-06,Red clay,72,517358,54477,2,0,home,,,1,0,2,1,34,20,21,8,,,,,55,28,2,0,1,3,False,6,3,6,1,,,,,,
16097021,3794,2026-05-06,Red clay,72,161868,240797,0,2,away,,,4,0,3,1,32,39,27,33,,,,,59,72,2,2,4,2,False,6,7,2,6,,,,,,
16097022,3794,2026-05-06,Red clay,72,54975,66086,2,0,home,,,1,0,2,6,41,56,50,19,,,,,91,75,5,2,3,13,False,6,3,7,5,,,,,,
16092165,22388,2026-05-06,Hardcourt outdoor,72,207575,339452,2,0,home,,,8,15,2,2,52,47,25,17,,,,,77,64,1,0,2,4,False,6,3,7,6,,,,,,
16092175,22388,2026-05-06,Hardcourt outdoor,72,205313,97647,0,2,away,,,13,8,8,5,53,51,22,32,,,,,75,83,0,1,5,2,False,4,6,6,7,,,,,,
16092174,22388,2026-05-06,Hardcourt outdoor,72,336621,83263,0,2,away,,,6,2,3,5,45,40,24,41,,,,,69,81,2,3,6,3,False,6,7,4,6,,,,,,
16092164,22388,2026-05-06,Hardcourt outdoor,72,479273,254227,0,2,away,,,6,3,7,1,35,33,15,27,,,,,50,60,1,4,3,0,False,4,6,3,6,,,,,,
16100886,34493,2026-05-06,Red clay,871,306421,64085,1,2,away,,,1,0,10,5,42,58,63,61,,,,,105,119,10,11,6,7,False,6,7,7,5,2,6,,,,
16100885,34493,2026-05-06,Red clay,871,293867,469382,2,0,home,,,6,0,3,1,38,41,37,18,,,,,75,59,4,1,1,7,False,6,4,6,3,,,,,,
16100875,34493,2026-05-06,Red clay,871,1091182,348715,0,2,away,,,1,1,2,0,23,37,17,23,,,,,40,60,0,4,3,3,False,2,6,1,6,,,,,,
16100872,34493,2026-05-06,Red clay,871,221362,193290,1,2,away,,,3,1,6,5,51,54,42,47,,,,,93,101,3,6,9,7,False,2,6,6,3,2,6,,,,
16133482,2488,2026-05-07,Red clay,3,64570,248861,2,0,home,,,2,4,2,4,55,47,35,32,,,,,90,79,1,2,6,3,False,7,6,7,5,,,,,,
16125564,2488,2026-05-07,Red clay,3,122366,238300,0,2,away,,,8,3,1,2,47,48,19,22,,,,,66,70,1,1,3,1,False,4,6,6,7,,,,,,
16125565,2488,2026-05-07,Red clay,3,221515,425525,2,1,home,,,8,8,0,2,62,48,31,22,,,,,93,70,4,0,3,1,False,6,7,6,4,6,0,,,,
16125570,2488,2026-05-07,Red clay,3,321404,255449,2,0,home,,,1,4,5,3,38,40,36,21,,,,,74,61,4,1,2,5,False,6,4,6,3,,,,,,
16125574,2488,2026-05-07,Red clay,3,104847,322082,0,2,away,,,2,2,1,2,30,41,19,26,,,,,49,67,1,3,3,5,False,3,6,3,6,,,,,,
16125577,2488,2026-05-07,Red clay,3,83397,406728,2,0,home,,,4,1,1,0,42,29,18,19,,,,,60,48,3,0,1,1,False,6,3,6,3,,,,,,
16133484,2488,2026-05-07,Red clay,3,93597,289233,2,1,home,,,0,2,2,1,59,53,37,31,,,,,96,84,3,1,2,6,False,4,6,6,3,6,3,,,,
16125572,2488,2026-05-07,Red clay,3,117916,271389,0,2,away,,,1,1,5,2,30,35,22,35,,,,,52,70,2,4,6,2,False,4,6,2,6,,,,,,
16098956,2488,2026-05-07,Red clay,3,201239,299538,1,2,away,,,3,3,2,4,68,67,30,39,,,,,98,106,0,2,3,5,False,6,4,6,7,4,6,,,,
16098952,2488,2026-05-07,Red clay,3,102339,63606,,,,,,,,,,,,,,,,,,,,,,,,False,,,,,,,,,,
16098965,2488,2026-05-07,Red clay,3,90080,264344,2,0,home,,,6,3,1,1,47,34,25,29,,,,,72,63,3,0,9,1,False,6,4,6,4,,,,,,
16098927,2488,2026-05-07,Red clay,3,15387,158912,,,,,,,,,,,,,,,,,,,,,,,,False,,,,,,,,,,
16098951,2488,2026-05-07,Red clay,3,125006,458834,0,2,away,,,4,11,2,4,46,53,28,33,,,,,74,86,0,2,3,5,False,6,7,4,6,,,,,,
16098953,2488,2026-05-07,Red clay,3,46391,254742,0,2,away,,,4,7,2,0,40,48,15,20,,,,,55,68,0,1,3,2,False,6,7,3,6,,,,,,
16137930,2488,2026-05-07,Red clay,3,102339,187608,2,1,home,,,7,10,3,2,57,56,26,31,,,,,83,87,1,2,1,2,False,2,6,6,2,7,6,,,,
16098935,2488,2026-05-07,Red clay,3,119248,298247,2,0,home,,,3,2,0,3,32,27,27,6,,,,,59,33,4,0,0,3,False,6,1,6,3,,,,,,
16098944,2488,2026-05-07,Red clay,3,127208,57163,0,2,away,,,3,3,0,0,32,43,24,24,,,,,56,67,1,3,1,4,False,5,7,3,6,,,,,,
16136627,2569,2026-05-07,Red clay,6,64496,230628,,,,,,,,,,,,,,,,,,,,,,,,False,,,,,,,,,,
16137706,2569,2026-05-07,Red clay,6,264983,381430,2,0,home,,,0,0,7,1,43,20,32,38,,,,,75,58,6,4,6,3,False,6,3,6,4,,,,,,
16144070,2569,2026-05-07,Red clay,6,64496,103901,2,1,home,,,1,0,10,9,42,38,47,42,,,,,89,80,7,6,8,9,False,2,6,6,2,6,3,,,,
16131755,2569,2026-05-07,Red clay,6,63957,202924,2,0,home,,,1,1,2,7,29,21,29,13,,,,,58,34,6,2,2,3,False,6,4,6,1,,,,,,
16137545,2569,2026-05-07,Red clay,6,105463,51387,0,2,away,,,0,3,3,0,34,50,21,23,,,,,55,73,0,2,2,5,False,3,6,5,7,,,,,,
16137556,2569,2026-05-07,Red clay,6,298913,90664,2,0,home,,,2,0,3,4,39,24,30,28,,,,,69,52,6,2,4,5,False,6,2,6,3,,,,,,
16124511,2569,2026-05-07,Red clay,6,157754,60398,2,0,home,,,0,4,2,7,33,29,28,16,,,,,61,45,4,1,2,5,False,6,2,6,3,,,,,,
16132909,2569,2026-05-07,Red clay,6,233214,420632,0,2,away,,,5,0,2,1,56,55,41,47,,,,,97,102,4,4,2,2,False,6,7,6,7,,,,,,
16139271,2569,2026-05-07,Red clay,6,220592,228272,1,2,away,,,0,2,5,3,48,57,35,47,,,,,83,104,4,7,8,1,False,1,6,7,6,3,6,,,,
16134821,2569,2026-05-07,Red clay,6,128584,222826,2,0,home,,,1,2,3,1,37,38,31,17,,,,,68,55,4,1,0,5,False,6,4,6,3,,,,,,
16134822,2569,2026-05-07,Red clay,6,308088,318575,1,2,away,,,1,1,3,5,42,50,30,47,,,,,72,97,3,7,7,7,False,7,5,1,6,1,6,,,,
16136776,2569,2026-05-07,Red clay,6,227431,327924,0,2,away,,,2,0,4,0,25,37,26,26,,,,,51,63,4,7,4,1,False,4,6,3,6,,,,,,
16139193,2569,2026-05-07,Red clay,6,210831,85077,2,0,home,,,2,0,2,1,41,30,31,23,,,,,72,53,4,1,7,7,False,6,3,6,2,,,,,,
16137558,2569,2026-05-07,Red clay,6,35424,261095,2,1,home,,,7,2,4,3,55,46,35,36,,,,,90,82,6,4,9,4,False,4,6,6,4,6,2,,,,
16137427,2569,2026-05-07,Red clay,6,460330,386338,,,,,,,,,,,,,,,,,,,,,,,,False,,,,,,,,,,
16139194,2569,2026-05-07,Red clay,6,66476,215773,2,1,home,,,3,0,7,4,47,41,48,41,,,,,95,82,8,7,2,5,False,6,4,4,6,6,3,,,,
16593422,5812,2026-05-07,Red clay,72,414847,131566,0,2,away,,,6,1,7,4,36,41,21,25,,,,,57,66,1,3,8,4,False,4,6,4,6,,,,,,
16097067,24001,2026-05-07,Red clay,72,170976,306490,2,1,home,,,8,3,2,3,63,63,31,37,,,,,94,100,1,1,7,1,False,1,6,7,6,6,4,,,,
16097062,24001,2026-05-07,Red clay,72,103625,326985,0,1,away,,,7,8,2,0,40,36,12,16,,,,,52,52,0,1,2,0,False,6,7,1,2,,,,,,
16097072,24001,2026-05-07,Red clay,72,69362,213076,0,1,away,,,0,3,1,1,16,21,6,9,,,,,22,30,0,1,2,1,False,3,6,0,0,,,,,,
16097064,24001,2026-05-07,Red clay,72,226806,269882,2,0,home,,,4,4,2,8,38,33,24,9,,,,,62,42,3,0,0,4,False,6,2,6,4,,,,,,
16096957,10247,2026-05-07,Red clay,72,197809,407164,2,0,home,,,2,3,3,4,38,25,29,26,,,,,67,51,4,1,6,1,False,6,4,6,2,,,,,,
16096954,10247,2026-05-07,Red clay,72,66484,207034,0,2,away,,,1,0,0,0,32,34,15,37,,,,,47,71,0,4,8,4,False,1,6,2,6,,,,,,
16096953,10247,2026-05-07,Red clay,72,264372,193644,2,0,home,,,1,0,1,1,33,28,34,27,,,,,67,55,6,3,2,2,False,6,4,6,4,,,,,,
16096955,10247,2026-05-07,Red clay,72,302582,286492,2,0,home,,,4,5,1,1,41,30,23,18,,,,,64,48,2,0,3,3,False,6,4,6,2,,,,,,
16096945,10247,2026-05-07,Red clay,72,233060,197809,2,1,home,,,9,7,1,3,78,67,40,40,,,,,118,107,2,1,6,5,False,6,7,6,4,6,4,,,,
16097018,3794,2026-05-07,Red clay,72,82133,186885,1,1,home,,,3,1,6,6,46,41,37,39,,,,,83,80,5,3,6,8,False,4,6,6,3,3,0,,,,
16097017,3794,2026-05-07,Red clay,72,255418,231579,0,2,away,,,0,4,1,1,28,28,14,39,,,,,42,67,1,6,6,0,False,2,6,1,6,,,,,,
16097025,3794,2026-05-07,Red clay,72,332537,391794,0,2,away,,,3,1,5,1,28,39,22,26,,,,,50,65,1,3,5,0,False,3,6,2,6,,,,,,
16097013,3794,2026-05-07,Red clay,72,451986,38180,2,1,home,,,5,6,3,5,52,33,34,36,,,,,86,69,4,2,4,3,False,6,2,2,6,6,1,,,,
16097011,3794,2026-05-07,Red clay,72,264978,297139,2,0,home,,,0,2,2,1,36,16,28,33,,,,,64,49,4,3,2,2,False,6,3,6,2,,,,,,
16097019,3794,2026-05-07,Red clay,72,517358,379442,2,0,home,,,0,1,3,4,29,38,37,15,,,,,66,53,5,2,0,7,False,6,4,6,2,,,,,,
16092172,22388,2026-05-07,Hardcourt outdoor,72,383991,233126,2,0,home,,,8,0,1,1,43,32,28,23,,,,,71,55,2,2,1,4,False,7,5,6,3,,,,,,
16092170,22388,2026-05-07,Hardcourt outdoor,72,97647,83263,2,1,home,,,9,8,5,5,48,42,33,25,,,,,81,67,5,0,5,2,False,6,1,3,6,6,2,,,,
16092179,22388,2026-05-07,Hardcourt outdoor,72,207575,254227,0,2,away,,,4,3,2,1,32,35,17,37,,,,,49,72,0,5,9,1,False,2,6,0,6,,,,,,
16092167,22388,2026-05-07,Hardcourt outdoor,72,217464,201681,0,2,away,,,0,2,2,1,52,52,33,38,,,,,85,90,3,3,2,2,False,6,7,6,7,,,,,,
16100881,34493,2026-05-07,Red clay,871,207654,293868,2,1,home,,,3,5,4,3,52,47,47,37,,,,,99,84,7,5,5,5,False,4,6,6,2,6,4,,,,
16100873,34493,2026-05-07,Red clay,871,64085,198121,0,2,away,,,0,1,1,1,16,28,7,26,,,,,23,54,0,5,2,0,False,0,6,2,6,,,,,,
16100880,34493,2026-05-07,Red clay,871,293867,193290,2,0,home,,,0,0,3,9,44,35,41,37,,,,,85,72,6,5,9,4,False,7,6,6,3,,,,,,
16100871,34493,2026-05-07,Red clay,871,50641,348715,2,0,home,,,1,2,0,0,28,18,26,5,,,,,54,23,5,0,0,4,False,6,1,6,0,,,,,,
16116719,34498,2026-05-07,Hardcourt outdoor,871,79443,318574,0,2,away,,,1,1,3,1,27,41,18,22,,,,,45,63,0,3,0,3,False,4,6,2,6,,,,,,
16116721,34498,2026-05-07,Hardcourt outdoor,871,41404,134532,0,2,away,,,1,3,4,5,38,42,30,36,,,,,68,78,2,4,6,6,False,4,6,3,6,,,,,,
16116722,34498,2026-05-07,Hardcourt outdoor,871,322099,398054,0,2,away,,,0,3,0,0,36,51,30,24,,,,,66,75,1,3,4,7,False,4,6,4,6,,,,,,
16116718,34498,2026-05-07,Hardcourt outdoor,871,406663,198209,0,2,away,,,1,1,3,0,25,34,22,29,,,,,47,63,2,5,5,2,False,3,6,3,6,,,,,,
16098923,2488,2026-05-08,Red clay,3,102151,221012,0,2,away,,,1,4,2,2,21,25,12,33,,,,,33,58,1,4,6,0,False,0,6,2,6,,,,,,
16098949,2488,2026-05-08,Red clay,3,412818,49172,2,0,home,,,1,1,1,1,30,26,32,18,,,,,62,44,4,1,1,5,False,6,2,6,1,,,,,,
16098934,2488,2026-05-08,Red clay,3,349089,14882,2,1,home,,,3,0,2,1,51,44,24,27,,,,,75,71,2,2,2,2,False,2,6,6,2,6,4,,,,
16098933,2488,2026-05-08,Red clay,3,122368,390214,1,2,away,,,5,12,4,3,63,75,25,33,,,,,88,108,0,2,1,3,False,7,6,3,6,4,6,,,,
16098930,2488,2026-05-08,Red clay,3,138546,124656,2,0,home,,,2,1,1,3,33,35,30,13,,,,,63,48,4,1,0,4,False,6,4,6,2,,,,,,
16098946,2488,2026-05-08,Red clay,3,221806,163480,0,2,away,,,1,4,1,2,25,33,12,24,,,,,37,57,0,3,5,1,False,1,6,2,6,,,,,,
16098954,2488,2026-05-08,Red clay,3,185388,199395,2,0,home,,,7,2,2,0,43,23,17,21,,,,,60,44,2,0,5,1,False,6,3,6,2,,,,,,
16098925,2488,2026-05-08,Red clay,3,261015,289146,2,0,home,,,1,1,1,5,42,38,27,19,,,,,69,57,2,0,2,2,False,6,4,6,4,,,,,,
16098948,2488,2026-05-08,Red clay,3,47975,308084,0,2,away,,,3,6,1,1,37,43,16,23,,,,,53,66,0,2,1,1,False,4,6,4,6,,,,,,
16098939,2488,2026-05-08,Red clay,3,106755,198592,2,0,home,,,4,4,2,0,37,36,17,13,,,,,54,49,3,0,1,2,False,6,4,6,4,,,,,,
16098929,2488,2026-05-08,Red clay,3,175014,264358,1,2,away,,,3,0,2,0,60,56,41,49,,,,,101,105,3,4,6,4,False,4,6,6,3,6,7,,,,
16098973,2488,2026-05-08,Red clay,3,221515,95935,2,0,home,,,6,4,0,3,45,37,20,12,,,,,65,49,2,0,1,2,False,6,3,7,5,,,,,,
16098937,2488,2026-05-08,Red clay,3,238300,163504,,,away,,,0,0,0,0,0,0,,,,,,,0,0,0,0,,,False,,,,,,,,,,
16145069,2488,2026-05-08,Red clay,3,15387,417196,0,2,away,,,5,4,6,6,42,52,26,28,,,,,68,80,0,2,7,6,False,4,6,4,6,,,,,,
16098938,2488,2026-05-08,Red clay,3,192013,271389,0,2,away,,,7,1,2,5,60,62,36,43,,,,,96,105,2,1,8,6,False,6,7,6,7,,,,,,
16098943,2488,2026-05-08,Red clay,3,64570,157456,0,2,away,,,3,3,0,1,44,56,30,21,,,,,74,77,1,1,2,3,False,6,7,4,6,,,,,,
16098926,2488,2026-05-08,Red clay,3,169496,294337,1,2,away,,,2,9,2,3,56,52,28,38,,,,,84,90,1,5,1,2,False,7,5,2,6,3,6,,,,
16132910,2569,2026-05-08,Red clay,6,44834,237669,2,0,home,,,2,1,0,1,35,29,29,13,,,,,64,42,4,0,1,3,False,6,4,6,0,,,,,,
16137557,2569,2026-05-08,Red clay,6,67759,37508,1,2,away,,,3,2,9,2,49,64,50,51,,,,,99,115,5,8,4,12,False,4,6,7,6,1,6,,,,
16143482,2569,2026-05-08,Red clay,6,215166,248326,1,2,away,,,0,3,1,7,53,63,47,50,,,,,100,113,5,7,3,4,False,7,6,4,6,4,6,,,,
16149420,2569,2026-05-08,Red clay,6,460330,348987,1,2,away,,,3,6,4,4,53,58,37,39,,,,,90,97,3,4,4,4,False,6,4,3,6,4,6,,,,
16143968,2569,2026-05-08,Red clay,6,51293,374193,2,0,home,,,1,0,3,0,39,23,32,27,,,,,71,50,6,2,9,4,False,6,1,6,3,,,,,,
16139272,2569,2026-05-08,Red clay,6,20732,72758,2,1,home,,,1,4,11,7,78,76,54,51,,,,,132,127,5,4,10,11,False,6,7,7,6,6,4,,,,
16139192,2569,2026-05-08,Red clay,6,124804,250279,2,1,home,,,4,1,10,5,55,56,37,35,,,,,92,91,5,4,3,5,False,4,6,6,4,6,4,,,,
16139270,2569,2026-05-08,Red clay,6,207979,264980,0,2,away,,,0,1,2,2,28,43,27,24,,,,,55,67,1,4,1,8,False,3,6,3,6,,,,,,
16138814,2569,2026-05-08,Red clay,6,65950,186312,0,2,away,,,0,5,2,2,25,29,18,32,,,,,43,61,2,6,6,0,False,4,6,1,6,,,,,,
16145803,2569,2026-05-08,Red clay,6,264983,298913,2,1,home,,,1,1,5,4,47,49,55,35,,,,,102,84,9,6,4,14,False,5,7,6,0,6,4,,,,
16145070,2569,2026-05-08,Red clay,6,250859,274049,0,2,away,,,0,0,1,2,26,37,19,26,,,,,45,63,0,4,2,2,False,1,6,3,6,,,,,,
16145265,2569,2026-05-08,Red clay,6,69208,78551,1,2,away,,,0,3,2,3,58,62,43,43,,,,,101,105,5,5,3,6,False,6,4,6,7,3,6,,,,
16145805,2569,2026-05-08,Red clay,6,257784,64496,1,2,away,,,14,5,4,6,58,61,30,33,,,,,88,94,2,3,5,2,False,6,4,4,6,4,6,,,,
16147440,2569,2026-05-08,Red clay,6,157754,19728,1,2,away,,,2,3,1,2,48,48,43,44,,,,,91,92,6,6,6,5,False,6,2,3,6,5,7,,,,
16097069,24001,2026-05-08,Red clay,72,226806,213076,2,0,home,,,11,2,1,1,41,32,13,16,,,,,54,48,2,0,1,0,False,6,3,6,4,,,,,,
16097073,24001,2026-05-08,Red clay,72,326985,170976,0,2,away,,,8,3,12,2,46,46,28,36,,,,,74,82,2,1,6,0,False,4,6,6,7,,,,,,
16097066,24001,2026-05-08,Red clay,72,81271,303122,2,1,home,,,6,4,4,2,52,49,35,29,,,,,87,78,3,1,3,3,False,3,6,6,1,6,3,,,,
16097076,24001,2026-05-08,Red clay,72,378554,195372,0,1,away,,,5,1,2,3,25,30,21,22,,,,,46,52,1,1,4,2,False,6,7,0,1,,,,,,
16096949,10247,2026-05-08,Red clay,72,207089,420304,2,1,home,,,10,6,6,6,56,53,35,36,,,,,91,89,4,3,1,2,False,7,5,2,6,6,3,,,,
16096946,10247,2026-05-08,Red clay,72,264372,207034,2,0,home,,,0,2,0,0,50,46,33,27,,,,,83,73,2,2,2,5,False,7,6,6,4,,,,,,
16096951,10247,2026-05-08,Red clay,72,302582,207089,2,1,home,,,2,4,4,1,51,40,23,31,,,,,74,71,2,2,6,2,False,6,4,1,6,6,1,,,,
16096956,10247,2026-05-08,Red clay,72,233060,264372,0,2,away,,,7,7,1,1,27,32,6,31,,,,,33,63,0,2,4,0,False,3,6,0,6,,,,,,
16097016,3794,2026-05-08,Red clay,72,231579,517358,0,2,away,,,1,4,3,1,39,39,14,24,,,,,53,63,0,2,2,0,False,4,6,4,6,,,,,,
16097024,3794,2026-05-08,Red clay,72,82133,54975,0,2,away,,,0,0,7,1,18,30,15,27,,,,,33,57,0,4,3,1,False,2,6,0,6,,,,,,
16097023,3794,2026-05-08,Red clay,72,391794,240797,0,2,away,,,1,0,2,1,15,21,22,37,,,,,37,58,2,6,7,2,False,3,6,1,6,,,,,,
16097020,3794,2026-05-08,Red clay,72,264978,451986,2,0,home,,,1,1,1,4,33,16,28,20,,,,,61,36,6,2,2,1,False,6,1,6,3,,,,,,
16092166,22388,2026-05-08,Hardcourt outdoor,72,383991,97647,0,2,away,,,11,6,3,3,50,46,27,41,,,,,77,87,2,2,10,1,False,6,7,3,6,,,,,,
16092171,22388,2026-05-08,Hardcourt outdoor,72,254227,201681,2,0,home,,,7,3,1,3,34,41,39,10,,,,,73,51,4,1,0,5,False,6,1,7,5,,,,,,
16100883,34493,2026-05-08,Red clay,871,50641,198121,2,0,home,,,3,0,1,4,36,29,25,22,,,,,61,51,5,2,4,1,False,6,4,6,3,,,,,,
16100884,34493,2026-05-08,Red clay,871,207654,293867,1,2,away,,,0,1,1,4,45,44,33,49,,,,,78,93,5,8,10,4,False,4,6,6,4,0,6,,,,
16116724,34498,2026-05-08,Hardcourt outdoor,871,398054,134532,0,2,away,,,0,4,0,1,24,37,31,38,,,,,55,75,4,7,5,7,False,5,7,2,6,,,,,,
16116723,34498,2026-05-08,Hardcourt outdoor,871,318574,198209,0,2,away,,,6,5,2,3,53,54,30,35,,,,,83,89,2,3,6,6,False,6,7,5,7,,,,,,
16098947,2488,2026-05-09,Red clay,3,235576,16720,2,0,home,,,3,1,2,3,31,22,29,15,,,,,60,37,5,0,2,1,False,6,4,6,0,,,,,,
16098928,2488,2026-05-09,Red clay,3,273680,273679,2,0,home,,,9,5,2,1,54,45,24,23,,,,,78,68,1,0,2,1,False,7,6,6,3,,,,,,
16098924,2488,2026-05-09,Red clay,3,26204,385485,2,1,home,,,2,12,3,4,71,63,29,34,,,,,100,97,2,1,1,5,False,6,4,6,7,6,3,,,,
16098932,2488,2026-05-09,Red clay,3,101101,322082,2,1,home,,,2,10,3,3,62,50,44,38,,,,,106,88,6,3,2,4,False,6,7,6,3,6,2,,,,
16098936,2488,2026-05-09,Red clay,3,206570,83397,2,0,home,,,3,6,1,3,42,41,26,12,,,,,68,53,1,0,0,4,False,6,3,6,4,,,,,,
16098942,2488,2026-05-09,Red clay,3,321404,403869,2,1,home,,,7,7,3,2,64,55,29,34,,,,,93,89,2,2,5,2,False,3,6,6,3,7,6,,,,
16098940,2488,2026-05-09,Red clay,3,93597,338500,0,0,home,,,0,1,0,2,8,3,10,2,,,,,18,5,1,0,0,1,False,4,0,,,,,,,,
16098931,2488,2026-05-09,Red clay,3,128552,372312,2,1,home,,,7,6,4,3,53,52,28,26,,,,,81,78,2,2,3,3,False,6,3,2,6,6,4,,,,
16098966,2488,2026-05-09,Red clay,3,119248,254742,2,0,home,,,2,1,3,2,40,29,24,16,,,,,64,45,2,1,1,3,False,6,3,6,4,,,,,,
16098955,2488,2026-05-09,Red clay,3,390214,57163,0,2,away,,,1,1,2,0,27,38,15,22,,,,,42,60,0,1,4,1,False,1,6,4,6,,,,,,
16098957,2488,2026-05-09,Red clay,3,185388,349089,0,2,away,,,3,7,3,2,31,42,11,21,,,,,42,63,0,2,2,0,False,1,6,5,7,,,,,,
16098963,2488,2026-05-09,Red clay,3,90080,102339,2,1,home,,,4,8,2,8,66,66,37,27,,,,,103,93,3,2,5,5,False,5,7,6,4,6,4,,,,
16098968,2488,2026-05-09,Red clay,3,261015,221012,2,0,home,,,1,0,2,5,49,46,35,33,,,,,84,79,4,3,6,3,False,7,6,6,4,,,,,,
16145266,2569,2026-05-09,Red clay,6,48455,406776,1,2,away,,,0,3,1,3,32,55,40,41,,,,,72,96,3,7,5,7,False,1,6,6,4,0,6,,,,
16147441,2569,2026-05-09,Red clay,6,51387,420632,0,2,away,,,2,3,3,1,21,35,22,30,,,,,43,65,3,6,0,1,False,5,7,2,6,,,,,,
16145806,2569,2026-05-09,Red clay,6,63957,179146,0,2,away,,,1,1,5,5,25,37,31,31,,,,,56,68,3,5,3,5,False,4,6,3,6,,,,,,
16151296,2569,2026-05-09,Red clay,6,51293,248326,2,0,home,,,1,2,1,0,37,22,24,12,,,,,61,34,4,0,5,4,False,6,1,6,2,,,,,,
16151297,2569,2026-05-09,Red clay,6,35424,348987,1,2,away,,,5,3,2,1,47,50,28,21,,,,,75,71,2,2,1,4,False,3,6,6,1,4,6,,,,
16152757,2569,2026-05-09,Red clay,6,44834,124804,2,0,home,,,1,5,0,4,25,18,33,7,,,,,58,25,6,0,0,5,False,6,0,6,0,,,,,,
16150550,2569,2026-05-09,Red clay,6,128584,210831,0,2,away,,,1,2,4,2,26,38,20,29,,,,,46,67,1,4,5,0,False,3,6,2,6,,,,,,
16151295,2569,2026-05-09,Red clay,6,66476,318575,2,0,home,,,2,0,1,2,31,15,24,10,,,,,55,25,5,1,0,3,False,6,1,6,2,,,,,,
16593506,2653,2026-05-09,Hardcourt outdoor,6,311012,66476,0,1,away,,,3,4,3,2,19,30,10,13,,,,,29,43,0,2,3,0,False,3,6,1,3,,,,,,
16097077,24001,2026-05-09,Red clay,72,226806,170976,2,0,home,,,3,6,4,3,42,35,21,13,,,,,63,48,0,0,1,4,False,6,4,6,3,,,,,,
16097059,24001,2026-05-09,Red clay,72,81271,195372,2,1,home,,,5,2,5,3,44,40,31,26,,,,,75,66,3,3,2,5,False,6,2,2,6,6,1,,,,
16096947,10247,2026-05-09,Red clay,72,302582,264372,1,2,away,,,1,3,4,4,30,49,36,44,,,,,66,93,5,6,4,4,False,7,5,1,6,2,6,,,,
16097015,3794,2026-05-09,Red clay,72,517358,54975,0,2,away,,,1,0,2,0,29,38,24,25,,,,,53,63,1,3,4,3,False,3,6,4,6,,,,,,
16097014,3794,2026-05-09,Red clay,72,264978,240797,1,2,away,,,2,0,2,1,40,45,48,42,,,,,88,87,5,5,5,8,False,6,1,3,6,4,6,,,,
16092169,22388,2026-05-09,Hardcourt outdoor,72,254227,97647,0,2,away,,,9,13,0,2,36,42,16,30,,,,,52,72,2,4,3,0,False,2,6,6,7,,,,,,
16154693,18463,2026-05-09,Hardcourt outdoor,72,307122,192272,2,1,home,,,5,7,1,3,63,69,45,29,,,,,108,98,2,1,2,8,False,5,7,6,3,7,5,,,,
16154689,18463,2026-05-09,Hardcourt outdoor,72,460273,556464,2,0,home,,,3,3,1,3,28,22,29,5,,,,,57,27,5,0,0,2,False,6,1,6,1,,,,,,
16154687,18463,2026-05-09,Hardcourt outdoor,72,181384,214341,1,2,away,,,4,2,5,9,48,35,35,40,,,,,83,75,5,4,5,3,False,6,0,4,6,3,6,,,,
16154688,18463,2026-05-09,Hardcourt outdoor,72,197410,277707,2,1,home,,,7,5,9,3,50,44,23,30,,,,,73,74,1,3,2,3,False,6,3,1,6,6,3,,,,
16154698,18463,2026-05-09,Hardcourt outdoor,72,341185,459761,1,2,away,,,9,6,6,2,64,63,12,37,,,,,76,100,0,1,4,0,False,7,6,3,6,3,6,,,,
16154694,18463,2026-05-09,Hardcourt outdoor,72,1096044,1224366,2,0,home,,,8,3,2,5,42,23,17,20,,,,,59,43,2,0,3,1,False,6,3,6,2,,,,,,
16154692,18463,2026-05-09,Hardcourt outdoor,72,24009,154486,1,2,away,,,9,4,4,8,48,47,37,32,,,,,85,79,2,4,1,5,False,3,6,6,2,4,6,,,,
16154695,18463,2026-05-09,Hardcourt outdoor,72,420312,374580,1,2,away,,,12,16,7,3,64,64,14,36,,,,,78,100,0,3,4,0,False,7,6,2,6,3,6,,,,
16154697,18463,2026-05-09,Hardcourt outdoor,72,298618,1150325,2,0,home,,,1,7,3,5,37,29,22,17,,,,,59,46,3,0,1,3,False,6,4,6,2,,,,,,
16154690,18463,2026-05-09,Hardcourt outdoor,72,124934,60920,2,1,home,,,17,6,4,8,60,67,30,20,,,,,90,87,1,0,1,3,False,3,6,7,6,6,3,,,,
16154691,18463,2026-05-09,Hardcourt outdoor,72,1224365,399557,1,2,away,,,4,2,3,1,67,54,29,57,,,,,96,111,3,5,14,2,False,2,6,6,4,4,6,,,,
16154696,18463,2026-05-09,Hardcourt outdoor,72,222958,145936,2,0,home,,,4,3,2,1,41,25,22,17,,,,,63,42,2,0,2,4,False,6,1,6,4,,,,,,
16155900,6414,2026-05-09,Red clay,72,518228,371422,2,1,home,,,0,3,12,2,58,56,51,50,,,,,109,106,3,5,5,5,False,4,6,6,4,7,6,,,,
16155909,6414,2026-05-09,Red clay,72,387333,303908,0,2,away,,,0,0,1,4,40,45,34,41,,,,,74,86,3,3,7,4,False,6,7,4,6,,,,,,
16155908,6414,2026-05-09,Red clay,72,400534,379454,0,2,away,,,4,2,1,2,30,38,17,31,,,,,47,69,0,3,6,1,False,1,6,2,6,,,,,,
16155109,16929,2026-05-09,Red clay,72,456396,108767,1,2,away,,,2,6,5,8,58,64,47,47,,,,,105,111,2,3,8,7,False,6,7,6,4,4,6,,,,
16155110,16929,2026-05-09,Red clay,72,52276,96239,2,1,home,,,6,10,1,2,54,51,34,24,,,,,88,75,2,1,3,4,False,6,2,4,6,6,4,,,,
16155117,16929,2026-05-09,Red clay,72,250857,415528,2,0,home,,,3,0,0,4,31,18,29,15,,,,,60,33,5,1,4,1,False,6,2,6,3,,,,,,
16155115,16929,2026-05-09,Red clay,72,283476,307383,2,1,home,,,4,1,5,3,46,43,43,34,,,,,89,77,6,5,1,3,False,4,6,6,4,6,2,,,,
16155111,16929,2026-05-09,Red clay,72,464371,97231,1,2,away,,,0,4,2,3,36,47,23,33,,,,,59,80,2,3,4,1,False,3,6,6,4,0,6,,,,
16155112,16929,2026-05-09,Red clay,72,192862,462062,0,2,away,,,0,2,3,0,34,42,29,32,,,,,63,74,1,4,3,4,False,5,7,3,6,,,,,,
16155016,3573,2026-05-09,Red clay,72,224038,290568,0,2,away,,,2,0,8,1,28,28,9,32,,,,,37,60,1,3,4,0,False,2,6,3,6,,,,,,
16155013,3573,2026-05-09,Red clay,72,372310,932382,2,0,home,,,5,2,4,5,33,30,33,18,,,,,66,48,5,1,1,2,False,6,2,6,3,,,,,,
16155007,3573,2026-05-09,Red clay,72,1113868,339606,1,2,away,,,1,4,8,8,41,57,41,45,,,,,82,102,4,4,7,6,False,6,3,5,7,1,6,,,,
16155014,3573,2026-05-09,Red clay,72,349488,462179,2,0,home,,,4,1,0,3,32,21,27,15,,,,,59,36,4,0,3,2,False,6,2,6,1,,,,,,
16155010,3573,2026-05-09,Red clay,72,217448,372757,2,0,home,,,0,3,3,7,30,28,36,19,,,,,66,47,5,0,3,2,False,6,2,6,3,,,,,,
16155017,3573,2026-05-09,Red clay,72,118040,318573,0,2,away,,,0,5,6,2,41,40,14,31,,,,,55,71,0,0,7,1,False,4,6,3,6,,,,,,
16155011,3573,2026-05-09,Red clay,72,65606,154570,2,0,home,,,1,0,4,4,31,20,31,22,,,,,62,42,5,1,2,4,False,6,2,6,2,,,,,,
16155008,3573,2026-05-09,Red clay,72,66002,341853,2,0,home,,,2,3,9,9,55,45,32,26,,,,,87,71,1,1,6,3,False,6,4,7,6,,,,,,
16155015,3573,2026-05-09,Red clay,72,1224444,377489,0,2,away,,,0,0,1,3,11,27,17,31,,,,,28,58,0,5,5,2,False,0,6,1,6,,,,,,
16155009,3573,2026-05-09,Red clay,72,385592,272506,2,1,home,,,4,10,6,3,62,61,36,33,,,,,98,94,1,1,4,6,False,3,6,6,4,6,4,,,,
16154972,3515,2026-05-09,Red clay,72,275467,296369,0,2,away,,,2,6,3,1,30,31,12,32,,,,,42,63,0,4,3,2,False,1,6,4,6,,,,,,
16154975,3515,2026-05-09,Red clay,72,258978,355096,2,0,home,,,6,4,3,0,45,46,31,13,,,,,76,59,2,0,0,3,False,6,2,7,6,,,,,,
16154976,3515,2026-05-09,Red clay,72,349320,47603,1,2,away,,,9,14,1,3,66,69,34,32,,,,,100,101,2,2,3,5,False,6,7,6,4,3,6,,,,
16154970,3515,2026-05-09,Red clay,72,462168,422758,2,1,home,,,1,6,5,3,55,46,40,39,,,,,95,85,5,3,7,6,False,5,7,6,4,6,1,,,,
16154973,3515,2026-05-09,Red clay,72,316900,18066,2,0,home,,,3,1,1,1,40,36,25,21,,,,,65,57,3,2,2,1,False,7,5,6,4,,,,,,
16154977,3515,2026-05-09,Red clay,72,71280,257091,2,0,home,,,14,4,2,3,47,44,32,15,,,,,79,59,3,1,1,1,False,7,6,6,3,,,,,,
16154974,3515,2026-05-09,Red clay,72,92074,497592,2,1,home,,,1,5,0,10,73,61,35,32,,,,,108,93,3,0,5,3,False,6,7,6,4,6,3,,,,
16154978,3515,2026-05-09,Red clay,72,269291,200150,2,1,home,,,1,3,5,3,56,47,40,36,,,,,96,83,3,2,6,10,False,4,6,6,2,6,2,,,,
16154971,3515,2026-05-09,Red clay,72,465596,207081,0,2,away,,,0,2,5,3,13,20,10,31,,,,,23,51,1,6,2,0,False,0,6,1,6,,,,,,
16100874,34493,2026-05-09,Red clay,871,50641,293867,0,2,away,,,0,1,3,1,22,23,26,37,,,,,48,60,4,7,2,3,False,4,6,2,6,,,,,,
16116720,34498,2026-05-09,Hardcourt outdoor,871,134532,198209,1,2,away,,,6,2,6,2,46,57,50,46,,,,,96,103,5,7,6,10,False,6,3,4,6,1,6,,,,
16098960,2488,2026-05-10,Red clay,3,412818,163480,2,1,home,,,3,8,2,3,63,65,39,31,,,,,102,96,3,1,3,4,False,4,6,6,3,7,5,,,,
16098964,2488,2026-05-10,Red clay,3,138546,308084,1,2,away,,,5,5,3,0,52,53,27,41,,,,,79,94,2,4,5,2,False,6,3,3,6,2,6,,,,
16098961,2488,2026-05-10,Red clay,3,299538,458834,1,2,away,,,3,1,3,5,40,46,30,40,,,,,70,86,4,5,3,1,False,1,6,6,4,3,6,,,,
16098950,2488,2026-05-10,Red clay,3,106755,157456,2,0,home,,,1,0,1,0,38,30,24,14,,,,,62,44,2,0,2,1,False,6,4,6,4,,,,,,
16098972,2488,2026-05-10,Red clay,3,294337,417196,0,2,away,,,2,1,4,1,45,37,7,35,,,,,52,72,0,3,4,1,False,4,6,3,6,,,,,,
16098969,2488,2026-05-10,Red clay,3,235576,26204,0,2,away,,,11,9,0,1,49,46,18,26,,,,,67,72,1,1,4,0,False,6,7,4,6,,,,,,
16098945,2488,2026-05-10,Red clay,3,101101,93597,0,2,away,,,6,6,3,4,28,46,32,30,,,,,60,76,1,2,4,3,False,6,7,1,6,,,,,,
16098971,2488,2026-05-10,Red clay,3,271389,321404,1,2,away,,,3,3,3,5,61,72,48,39,,,,,109,111,1,3,5,10,False,6,4,3,6,4,6,,,,
16098941,2488,2026-05-10,Red clay,3,206570,128552,2,0,home,,,5,0,1,3,29,17,25,9,,,,,54,26,4,0,1,2,False,6,2,6,0,,,,,,
16152755,2569,2026-05-10,Red clay,6,327924,186312,0,2,away,,,1,6,5,0,40,33,20,36,,,,,60,69,1,3,4,0,False,4,6,3,6,,,,,,
16152756,2569,2026-05-10,Red clay,6,264980,228272,0,2,away,,,0,4,3,2,15,33,13,25,,,,,28,58,0,5,2,3,False,1,6,0,6,,,,,,
16152758,2569,2026-05-10,Red clay,6,37508,20732,0,2,away,,,0,1,4,4,25,33,19,32,,,,,44,65,2,5,6,4,False,1,6,4,6,,,,,,
16155386,2569,2026-05-10,Red clay,6,19728,274049,2,0,home,,,6,5,2,7,37,33,31,15,,,,,68,48,4,1,1,0,False,6,2,6,4,,,,,,
16156820,2569,2026-05-10,Red clay,6,264983,420632,2,1,home,,,1,3,1,10,52,50,53,41,,,,,105,91,8,6,4,5,False,5,7,7,5,6,2,,,,
16156819,2569,2026-05-10,Red clay,6,179146,64496,0,2,away,,,2,8,4,4,23,33,10,24,,,,,33,57,0,4,4,1,False,1,6,2,6,,,,,,
16155398,2569,2026-05-10,Red clay,6,78551,406776,0,2,away,,,4,4,4,3,29,37,19,26,,,,,48,63,1,4,3,4,False,3,6,3,6,,,,,,
16158786,2569,2026-05-10,Red clay,6,51293,348987,2,0,home,,,2,0,2,8,26,24,28,26,,,,,54,50,7,4,3,4,False,6,2,6,3,,,,,,
16154703,18463,2026-05-10,Hardcourt outdoor,72,336621,65608,2,0,home,,,5,7,5,1,46,40,24,31,,,,,70,71,2,2,2,2,False,6,4,7,6,,,,,,
16154708,18463,2026-05-10,Hardcourt outdoor,72,291263,455662,2,0,home,,,11,11,1,11,50,66,42,13,,,,,92,79,1,0,0,7,False,7,6,6,4,,,,,,
16154701,18463,2026-05-10,Hardcourt outdoor,72,258977,216820,1,2,away,,,3,5,8,6,63,52,33,42,,,,,96,94,1,4,7,5,False,3,6,6,3,4,6,,,,
16154706,18463,2026-05-10,Hardcourt outdoor,72,339448,479273,0,2,away,,,3,8,1,2,33,48,21,22,,,,,54,70,1,3,0,2,False,1,6,6,7,,,,,,
16097065,24001,2026-05-10,Red clay,72,226806,81271,1,2,away,,,13,7,4,1,77,77,32,41,,,,,109,118,1,0,5,6,False,5,7,6,3,6,7,,,,
16097012,3794,2026-05-10,Red clay,72,54975,240797,0,2,away,,,0,0,0,0,15,33,23,24,,,,,38,57,1,5,1,2,False,3,6,2,6,,,,,,
16155102,3573,2026-05-10,Red clay,72,82579,277179,0,2,away,,,2,6,6,2,12,24,9,22,,,,,21,46,0,4,1,0,False,0,6,1,6,,,,,,
16155105,3573,2026-05-10,Red clay,72,232036,172482,1,1,home,,,1,2,2,5,50,43,37,32,,,,,18,15,6,4,2,1,False,7,5,4,6,4,0,,,,
16155100,3573,2026-05-10,Red clay,72,484006,210033,0,2,away,,,1,4,6,2,35,37,13,28,,,,,0,11,1,4,2,0,False,2,6,5,7,,,,,,
16155123,3573,2026-05-10,Red clay,72,355526,191842,2,0,home,,,1,1,1,2,32,31,34,13,,,,,0,0,4,1,0,5,False,6,2,6,3,,,,,,
16155391,3515,2026-05-10,Red clay,72,212762,224534,2,0,home,,,1,5,0,2,34,31,29,11,,,,,63,42,3,1,0,3,False,6,4,6,1,,,,,,
16159518,19671,2026-05-10,Red clay,72,483188,417268,2,0,home,,,2,0,0,1,42,30,24,17,,,,,66,47,3,0,3,4,False,6,3,6,2,,,,,,
16159517,19671,2026-05-10,Red clay,72,163438,451920,1,2,away,,,2,3,3,5,59,59,28,47,,,,,87,106,1,4,7,0,False,7,6,2,6,3,6,,,,
16159515,19671,2026-05-10,Red clay,72,213979,42152,2,0,home,,,4,2,0,1,40,29,21,15,,,,,61,44,2,0,3,1,False,6,2,6,4,,,,,,
16159512,19671,2026-05-10,Red clay,72,48632,201847,2,1,home,,,6,3,3,12,58,53,45,38,,,,,103,91,5,1,9,7,False,3,6,6,3,6,3,,,,
16159516,19671,2026-05-10,Red clay,72,407389,208225,0,2,away,,,0,2,2,7,34,48,34,26,,,,,68,74,0,4,5,9,False,3,6,3,6,,,,,,
16159513,19671,2026-05-10,Red clay,72,227442,77007,0,2,away,,,0,1,2,2,17,40,22,23,,,,,39,63,1,2,3,8,False,2,6,1,6,,,,,,
16159519,19671,2026-05-10,Red clay,72,145108,196922,0,2,away,,,2,3,6,2,40,38,19,42,,,,,59,80,1,4,9,2,False,5,7,1,6,,,,,,
16157874,18463,2026-05-10,Hardcourt outdoor,72,214341,307122,1,2,away,,,4,2,5,2,57,57,29,33,,,,,86,90,1,3,5,2,False,7,5,3,6,3,6,,,,
16158517,18463,2026-05-10,Hardcourt outdoor,72,460273,459761,1,2,away,,,10,7,2,1,61,57,31,35,,,,,92,92,3,4,4,4,False,6,3,5,7,3,6,,,,
16158516,18463,2026-05-10,Hardcourt outdoor,72,1096044,197410,2,0,home,,,5,4,3,7,34,20,28,19,,,,,62,39,5,1,3,2,False,6,2,6,1,,,,,,
16159101,18463,2026-05-10,Hardcourt outdoor,72,222958,374580,2,0,home,,,13,8,0,2,58,55,31,21,,,,,89,76,1,1,2,3,False,7,6,7,6,,,,,,
16159102,18463,2026-05-10,Hardcourt outdoor,72,124934,399557,0,2,away,,,5,3,2,2,40,46,28,36,,,,,68,82,2,1,7,4,False,3,6,5,7,,,,,,
16158784,18463,2026-05-10,Hardcourt outdoor,72,298618,154486,2,0,home,,,5,0,2,2,28,22,29,4,,,,,57,26,3,0,0,2,False,6,2,6,1,,,,,,
16159742,3418,2026-05-10,Red clay,72,503985,83661,1,2,away,,,3,5,3,3,47,51,34,32,,,,,81,83,3,3,5,2,False,4,6,6,3,2,6,,,,
16159741,3418,2026-05-10,Red clay,72,413296,145122,2,1,home,,,6,1,5,3,69,67,44,42,,,,,113,109,5,1,5,5,False,6,7,6,2,7,6,,,,
16159747,3418,2026-05-10,Red clay,72,51345,56361,,,,,,,,,,,,,,,,,,,,,,,,False,,,,,,,,,,
16162688,3418,2026-05-10,Red clay,72,51345,289106,2,0,home,,,9,3,2,3,44,37,25,15,,,,,69,52,2,1,3,4,False,6,4,7,5,,,,,,
16159740,3418,2026-05-10,Red clay,72,188944,207034,0,2,away,,,2,5,2,1,23,38,14,24,,,,,37,62,1,4,0,3,False,2,6,3,6,,,,,,
16159745,3418,2026-05-10,Red clay,72,213081,107357,2,0,home,,,3,1,6,1,45,36,25,24,,,,,70,60,3,1,2,2,False,6,3,6,4,,,,,,
16159743,3418,2026-05-10,Red clay,72,157808,17065,,,,,,,,,,,,,,,,,,,,,,,,False,,,,,,,,,,
16162918,3418,2026-05-10,Red clay,72,200777,17065,2,1,home,,,6,2,4,2,53,45,27,17,,,,,80,62,4,1,1,1,False,6,1,5,7,6,2,,,,
16159746,3418,2026-05-10,Red clay,72,131566,44553,2,0,home,,,2,5,1,4,43,32,29,23,,,,,72,55,4,1,2,3,False,6,3,6,3,,,,,,
16155897,6414,2026-05-10,Red clay,72,516077,481909,2,0,home,,,1,3,2,2,49,36,31,33,,,,,80,69,3,1,5,5,False,6,3,7,6,,,,,,
16155910,6414,2026-05-10,Red clay,72,161868,500984,2,0,home,,,1,0,1,0,24,19,31,4,,,,,55,23,4,0,0,4,False,6,1,6,0,,,,,,
16155901,6414,2026-05-10,Red clay,72,519387,266259,0,2,away,,,0,4,8,3,22,30,22,32,,,,,44,62,2,3,5,3,False,4,6,1,6,,,,,,
16155907,6414,2026-05-10,Red clay,72,270414,479007,2,0,home,,,5,2,5,3,54,37,34,43,,,,,88,80,4,3,6,3,False,6,4,7,5,,,,,,
16155898,6414,2026-05-10,Red clay,72,460293,221015,,,home,,,0,0,0,0,0,0,,,,,,,0,0,0,0,,,False,,,,,,,,,,
16155899,6414,2026-05-10,Red clay,72,853621,224619,2,1,home,,,1,2,5,5,60,51,42,36,,,,,102,87,2,1,4,5,False,6,7,6,4,6,1,,,,
16155906,6414,2026-05-10,Red clay,72,396004,381917,0,2,away,,,0,0,2,2,21,27,15,31,,,,,36,58,0,3,6,2,False,3,6,0,6,,,,,,
16159234,6414,2026-05-10,Red clay,72,395251,303908,1,2,away,,,1,5,7,6,58,58,53,56,,,,,111,114,6,5,10,8,False,6,1,6,7,4,6,,,,
16159898,6414,2026-05-10,Red clay,72,516077,853621,2,1,home,,,2,0,3,2,37,33,28,24,,,,,65,57,2,2,2,4,False,0,6,6,1,6,1,,,,
16159410,6414,2026-05-10,Red clay,72,379454,518228,2,0,home,,,1,0,5,7,26,25,47,38,,,,,73,63,7,5,4,3,False,7,6,6,3,,,,,,
16155108,16929,2026-05-10,Red clay,72,321862,459208,2,0,home,,,1,1,4,4,39,36,33,25,,,,,72,61,4,2,5,4,False,6,4,6,4,,,,,,
16155113,16929,2026-05-10,Red clay,72,228155,239967,0,2,away,,,1,1,4,1,45,47,31,40,,,,,76,87,0,3,6,4,False,3,6,6,7,,,,,,
16155106,16929,2026-05-10,Red clay,72,458344,57155,0,2,away,,,0,2,4,2,43,52,37,34,,,,,80,86,2,1,2,2,False,6,7,5,7,,,,,,
16155114,16929,2026-05-10,Red clay,72,348701,165234,1,2,away,,,12,6,4,3,63,65,30,33,,,,,93,98,2,0,5,3,False,6,2,6,7,3,6,,,,
16155118,16929,2026-05-10,Red clay,72,283488,196920,0,2,away,,,2,0,2,0,29,37,10,23,,,,,39,60,0,2,2,1,False,1,6,4,6,,,,,,
16159201,16929,2026-05-10,Red clay,72,462062,97231,0,2,away,,,1,0,1,1,17,31,17,28,,,,,34,59,1,4,2,0,False,2,6,1,6,,,,,,
16155119,16929,2026-05-10,Red clay,72,75813,57327,2,1,home,,,10,0,4,4,75,65,49,48,,,,,124,113,5,3,4,4,False,6,7,7,5,6,3,,,,
16159071,16929,2026-05-10,Red clay,72,52276,108767,1,2,away,,,1,11,1,3,52,54,24,27,,,,,76,81,1,2,2,3,False,4,6,6,2,3,6,,,,
16159158,16929,2026-05-10,Red clay,72,250857,283476,1,2,away,,,2,2,7,5,57,65,50,47,,,,,107,112,5,4,6,9,False,5,7,6,3,6,7,,,,
16164042,16929,2026-05-10,Red clay,72,321862,57155,0,2,away,,,1,5,1,3,41,39,14,29,,,,,55,68,0,2,3,1,False,4,6,3,6,,,,,,
16155012,3573,2026-05-10,Red clay,72,340742,235930,1,2,away,,,1,3,7,5,49,53,47,52,,,,,96,105,5,7,5,2,False,3,6,6,4,6,7,,,,
16155018,3573,2026-05-10,Red clay,72,340741,106153,1,2,away,,,3,1,8,0,77,71,47,47,,,,,124,118,2,2,9,4,False,4,6,7,6,6,7,,,,
16159134,3573,2026-05-10,Red clay,72,65606,339606,2,0,home,,,3,1,2,4,41,45,37,22,,,,,10,10,2,2,5,9,False,7,6,6,3,,,,,,
16158733,3573,2026-05-10,Red clay,72,372310,290568,,,away,,,0,0,4,0,20,28,20,19,,,,,20,15,1,3,5,6,False,,,0,1,,,,,,
16159132,3573,2026-05-10,Red clay,72,217448,349488,2,,home,,,2,1,3,2,29,31,24,11,,,,,30,16,2,0,2,5,False,,,6,4,,,,,,
16159306,3573,2026-05-10,Red clay,72,385592,377489,2,0,home,,,2,1,2,5,42,42,32,20,,,,,20,16,3,1,1,13,False,6,3,7,5,,,,,,
16159863,3573,2026-05-10,Red clay,72,106153,66002,,,away,,,2,0,1,4,20,12,14,10,,,,,10,3,2,0,4,0,False,,,0,0,,,,,,
16159668,3573,2026-05-10,Red clay,72,235930,318573,0,2,away,,,1,4,3,3,8,21,21,27,,,,,29,48,1,3,1,2,False,6,7,3,6,,,,,,
16154967,3515,2026-05-10,Red clay,72,50139,265147,0,2,away,,,4,5,2,2,45,55,30,29,,,,,75,84,0,2,4,5,False,6,7,4,6,,,,,,
16154979,3515,2026-05-10,Red clay,72,50847,51009,1,2,away,,,1,2,3,3,45,52,31,41,,,,,76,93,1,4,6,7,False,3,6,6,4,0,6,,,,
16154966,3515,2026-05-10,Red clay,72,63090,257597,2,0,home,,,2,7,1,4,38,35,23,14,,,,,61,49,2,0,0,3,False,6,3,6,4,,,,,,
16158732,3515,2026-05-10,Red clay,72,316900,47603,1,2,away,,,5,5,7,4,42,51,27,35,,,,,69,86,3,4,3,4,False,6,3,4,6,1,6,,,,
16158693,3515,2026-05-10,Red clay,72,258978,296369,0,0,away,,,0,1,2,0,12,8,3,15,,,,,15,23,0,2,2,0,False,1,4,,,,,,,,
16159032,3515,2026-05-10,Red clay,72,462168,71280,1,2,away,,,0,11,3,0,49,58,27,43,,,,,76,101,1,6,3,4,False,7,6,3,6,0,6,,,,
16159326,3515,2026-05-10,Red clay,72,92074,265147,2,0,home,,,0,0,1,0,48,36,30,32,,,,,78,68,5,2,6,0,False,6,3,7,6,,,,,,
16159861,3515,2026-05-10,Red clay,72,63090,51009,2,0,home,,,4,1,0,0,32,28,33,19,,,,,65,47,1,2,1,8,False,7,5,6,0,,,,,,
16159193,3515,2026-05-10,Red clay,72,269291,207081,2,0,home,,,0,0,1,2,30,25,35,16,,,,,65,41,3,0,1,5,False,6,0,6,1,,,,,,
16159427,18568,2026-05-10,Red clay,871,396293,256104,0,2,away,,,1,0,4,0,22,36,26,29,,,,,48,65,3,6,7,4,False,1,6,4,6,,,,,,
16159412,18568,2026-05-10,Red clay,871,99405,255391,0,2,away,,,3,0,3,3,23,29,18,33,,,,,41,62,2,6,6,1,False,2,6,2,6,,,,,,
16159429,18568,2026-05-10,Red clay,871,233214,45545,0,2,away,,,0,0,5,1,16,32,21,31,,,,,37,63,1,6,4,6,False,1,6,1,6,,,,,,
16159525,21107,2026-05-10,Red clay,871,383994,223130,2,0,home,,,0,1,3,6,45,41,28,23,,,,,73,64,3,1,0,6,False,7,5,6,4,,,,,,
16159528,21107,2026-05-10,Red clay,871,293708,336308,1,2,away,,,2,1,5,5,61,57,33,55,,,,,94,112,2,6,16,0,False,7,6,1,6,2,6,,,,
16159261,18568,2026-05-10,Red clay,871,69988,498360,2,1,home,,,1,2,6,5,58,47,32,42,,,,,90,89,5,4,6,2,False,3,6,7,5,6,2,,,,
16159259,18568,2026-05-10,Red clay,871,339455,466159,2,0,home,,,1,1,2,5,25,12,29,12,,,,,54,24,6,1,0,2,False,6,0,6,1,,,,,,
16159258,18568,2026-05-10,Red clay,871,392657,153652,2,0,home,,,3,3,8,6,40,38,39,26,,,,,79,64,5,1,5,10,False,7,5,6,1,,,,,,
16159260,18568,2026-05-10,Red clay,871,255445,207654,2,0,home,,,3,0,6,3,33,27,32,23,,,,,65,50,6,3,1,6,False,6,3,6,4,,,,,,
16159532,21107,2026-05-10,Red clay,871,44417,455672,2,0,home,,,2,1,1,7,42,30,28,24,,,,,70,54,4,1,4,4,False,6,2,6,4,,,,,,
16159529,21107,2026-05-10,Red clay,871,188555,92877,2,0,home,,,3,1,1,3,39,26,21,14,,,,,60,40,3,0,2,2,False,6,1,6,4,,,,,,
16159531,21107,2026-05-10,Red clay,871,96061,250934,2,0,home,,,5,1,3,4,36,33,35,15,,,,,71,48,5,1,2,6,False,7,5,6,0,,,,,,
16159530,21107,2026-05-10,Red clay,871,45605,55793,1,2,away,,,0,1,9,3,42,41,33,44,,,,,75,85,5,7,8,2,False,0,6,6,3,4,6,,,,
16098970,2488,2026-05-11,Red clay,3,264358,163504,1,2,away,,,0,6,0,3,51,53,31,38,,,,,82,91,2,4,3,2,False,6,3,4,6,2,6,,,,
16098967,2488,2026-05-11,Red clay,3,273680,221515,0,2,away,,,3,3,3,3,30,38,12,24,,,,,42,62,0,2,3,1,False,3,6,4,6,,,,,,
16098982,2488,2026-05-11,Red clay,3,90080,349089,2,0,home,,,7,1,3,2,49,34,31,29,,,,,80,63,3,0,6,3,False,6,1,7,6,,,,,,
16098979,2488,2026-05-11,Red clay,3,261015,119248,0,2,away,,,2,1,3,1,29,34,14,29,,,,,43,63,0,4,6,1,False,3,6,1,6,,,,,,
16098984,2488,2026-05-11,Red clay,3,458834,412818,2,0,home,,,0,3,0,4,34,26,26,16,,,,,60,42,3,1,0,4,False,6,1,6,4,,,,,,
16098977,2488,2026-05-11,Red clay,3,308084,57163,2,1,home,,,4,4,4,5,55,54,32,31,,,,,87,85,3,4,3,4,False,1,6,7,6,6,0,,,,
16098958,2488,2026-05-11,Red clay,3,206570,93597,2,0,home,,,3,2,0,1,33,33,30,12,,,,,63,45,3,0,1,4,False,6,2,6,3,,,,,,
16159253,2569,2026-05-11,Red clay,6,44834,210831,2,0,home,,,3,2,2,0,44,35,34,26,,,,,78,61,5,3,3,5,False,7,6,6,2,,,,,,
16160006,2569,2026-05-11,Red clay,6,66476,228272,0,2,away,,,2,3,3,1,25,31,15,36,,,,,40,67,1,6,7,2,False,2,6,1,6,,,,,,
16160007,2569,2026-05-11,Red clay,6,20732,186312,0,2,away,,,2,1,5,3,17,27,15,27,,,,,32,54,1,6,3,2,False,0,6,2,6,,,,,,
16165601,2569,2026-05-11,Red clay,6,19728,64496,2,0,home,,,1,1,1,4,42,29,29,19,,,,,71,48,4,2,3,4,False,6,1,7,6,,,,,,
16159677,19671,2026-05-11,Red clay,72,46391,205989,1,2,away,,,4,9,5,5,39,54,29,37,,,,,68,91,2,4,5,3,False,1,6,7,5,2,6,,,,
16159682,19671,2026-05-11,Red clay,72,221806,51141,2,0,home,,,1,2,1,2,32,33,33,15,,,,,65,48,5,1,2,4,False,6,4,6,2,,,,,,
16159680,19671,2026-05-11,Red clay,72,39234,58221,2,0,home,,,1,5,2,1,39,31,21,13,,,,,60,44,1,0,1,2,False,6,4,6,3,,,,,,
16159681,19671,2026-05-11,Red clay,72,392072,321788,1,2,away,,,0,3,2,4,45,49,34,45,,,,,79,94,2,4,6,4,False,7,6,1,6,3,6,,,,
16154702,18463,2026-05-11,Hardcourt outdoor,72,191183,299481,0,2,away,,,22,7,5,1,57,57,19,27,,,,,76,84,1,1,1,1,False,6,7,6,7,,,,,,
16154700,18463,2026-05-11,Hardcourt outdoor,72,422851,117866,0,2,away,,,3,3,3,0,36,43,19,32,,,,,55,75,2,3,4,1,False,3,6,6,7,,,,,,
16154699,18463,2026-05-11,Hardcourt outdoor,72,79467,245307,1,2,away,,,2,11,1,7,66,71,28,36,,,,,94,107,0,1,4,3,False,4,6,7,6,3,6,,,,
16163463,18463,2026-05-11,Hardcourt outdoor,72,1096044,192275,0,2,away,,,4,10,9,1,55,53,20,31,,,,,75,84,0,1,4,0,False,4,6,6,7,,,,,,
16154704,18463,2026-05-11,Hardcourt outdoor,72,367815,378554,2,0,home,,,6,6,5,1,59,40,18,29,,,,,77,69,1,0,5,1,False,7,6,6,3,,,,,,
16163464,18463,2026-05-11,Hardcourt outdoor,72,373829,222958,1,2,away,,,30,17,9,5,83,80,21,36,,,,,104,116,0,0,7,1,False,7,6,4,6,6,7,,,,
16163460,18463,2026-05-11,Hardcourt outdoor,72,464336,298618,2,0,home,,,3,4,1,1,44,34,28,15,,,,,72,49,3,0,3,3,False,6,2,7,5,,,,,,
16154707,18463,2026-05-11,Hardcourt outdoor,72,191056,233657,0,2,away,,,3,6,5,2,32,35,13,31,,,,,45,66,1,3,5,1,False,1,6,4,6,,,,,,
16154705,18463,2026-05-11,Hardcourt outdoor,72,89320,169596,2,0,home,,,4,2,2,3,30,15,26,6,,,,,56,21,5,0,0,1,False,6,2,6,0,,,,,,
16163462,18463,2026-05-11,Hardcourt outdoor,72,381419,399557,2,0,home,,,2,1,0,0,32,29,26,9,,,,,58,38,2,0,0,4,False,6,2,6,2,,,,,,
16163465,18463,2026-05-11,Hardcourt outdoor,72,232059,459761,2,0,home,,,4,4,0,0,36,29,20,3,,,,,56,32,1,0,0,3,False,6,1,6,4,,,,,,
16163461,18463,2026-05-11,Hardcourt outdoor,72,276774,307122,1,2,away,,,3,14,0,1,60,60,22,37,,,,,82,97,2,2,4,1,False,6,7,6,3,2,6,,,,
16159878,3418,2026-05-11,Red clay,72,191873,145130,0,2,away,,,2,5,0,0,37,41,16,34,,,,,53,75,0,4,6,3,False,2,6,5,7,,,,,,
16159884,3418,2026-05-11,Red clay,72,237452,124656,1,2,away,,,2,6,5,2,47,62,37,38,,,,,84,100,1,3,5,4,False,1,6,7,6,3,6,,,,
16159883,3418,2026-05-11,Red clay,72,216154,90798,0,2,away,,,0,2,2,3,28,36,10,22,,,,,38,58,1,2,2,1,False,4,6,2,6,,,,,,
16156824,6414,2026-05-11,Red clay,72,379442,460294,2,0,home,,,4,2,1,2,46,40,26,18,,,,,72,58,2,0,1,4,False,6,3,6,4,,,,,,
16156829,6414,2026-05-11,Red clay,72,403914,199488,0,2,away,,,1,1,2,2,39,54,29,26,,,,,15,17,1,2,3,3,False,3,6,6,7,,,,,,
16156823,6414,2026-05-11,Red clay,72,297139,511702,2,0,home,,,4,4,1,5,33,33,29,14,,,,,19,17,4,0,0,4,False,6,4,6,1,,,,,,
16156825,6414,2026-05-11,Red clay,72,496769,332537,0,2,away,,,0,0,3,4,31,40,22,37,,,,,53,77,2,5,5,2,False,6,7,0,6,,,,,,
16156832,6414,2026-05-11,Red clay,72,255418,231579,1,0,home,,,0,1,0,2,14,11,17,12,,,,,31,23,1,1,1,3,False,6,3,0,0,,,,,,
16156830,6414,2026-05-11,Red clay,72,333081,55787,2,0,home,,,0,1,0,2,38,33,25,17,,,,,63,50,4,1,2,4,False,6,4,6,2,,,,,,
16156828,6414,2026-05-11,Red clay,72,286518,82133,0,2,away,,,0,0,2,1,21,34,21,31,,,,,42,65,1,4,4,3,False,1,6,3,6,,,,,,
16155466,16929,2026-05-11,Red clay,72,341820,124930,1,2,away,,,2,1,3,2,55,63,39,42,,,,,94,105,4,5,2,1,False,7,5,6,7,2,6,,,,
16155468,16929,2026-05-11,Red clay,72,407392,321790,1,2,away,,,8,3,5,8,66,70,36,37,,,,,102,107,2,5,2,5,False,3,6,7,6,5,7,,,,
16155463,16929,2026-05-11,Red clay,72,200159,391865,0,2,away,,,2,2,1,0,36,41,17,28,,,,,53,69,0,3,4,3,False,3,6,3,6,,,,,,
16155462,16929,2026-05-11,Red clay,72,111837,414847,1,2,away,,,6,10,4,8,62,81,54,35,,,,,39,35,3,4,3,11,False,5,7,7,5,3,6,,,,
16155460,16929,2026-05-11,Red clay,72,223513,232057,,2,away,,,1,3,6,0,42,51,22,29,,,,,22,22,2,3,4,3,False,,,3,6,,,,,,
16155459,16929,2026-05-11,Red clay,72,132834,385285,2,0,home,,,2,1,1,3,37,40,37,21,,,,,27,20,4,2,4,6,False,6,4,6,4,,,,,,
16155467,16929,2026-05-11,Red clay,72,64570,397014,1,2,away,,,3,4,2,1,47,67,52,37,,,,,99,104,4,4,3,8,False,3,6,7,5,4,6,,,,
16155458,16929,2026-05-11,Red clay,72,409264,15858,1,1,home,,,3,3,0,5,32,40,27,12,,,,,59,52,1,1,1,7,False,6,2,3,6,0,0,,,,
16155465,16929,2026-05-11,Red clay,72,169486,407164,1,2,away,,,0,2,0,8,36,46,35,27,,,,,71,73,2,3,2,2,False,1,6,6,1,3,6,,,,
16166421,16929,2026-05-11,Red clay,72,283476,341818,0,2,away,,,2,4,6,5,33,38,24,32,,,,,57,70,2,4,3,1,False,3,6,4,6,,,,,,
16155124,3573,2026-05-11,Red clay,72,450846,421761,1,2,away,,,7,3,12,6,66,69,47,47,,,,,113,116,3,5,5,5,False,3,6,7,6,5,7,,,,
16155125,3573,2026-05-11,Red clay,72,260122,466210,2,0,home,,,0,0,2,2,33,18,25,17,,,,,58,35,4,0,2,1,False,6,1,6,2,,,,,,
16155101,3573,2026-05-11,Red clay,72,406654,248846,2,1,home,,,1,4,3,5,46,37,31,14,,,,,77,51,4,0,1,3,False,4,6,6,0,6,1,,,,
16164275,3573,2026-05-11,Red clay,72,342909,66002,1,2,away,,,6,0,1,4,52,61,34,33,,,,,86,94,2,2,4,5,False,4,6,6,4,4,6,,,,
16155104,3573,2026-05-11,Red clay,72,69362,146040,0,2,away,,,0,3,9,5,49,44,28,41,,,,,77,85,1,2,6,3,False,4,6,6,7,,,,,,
16164273,3573,2026-05-11,Red clay,72,448184,65606,2,1,home,,,2,0,3,6,65,50,37,33,,,,,102,83,2,0,5,7,False,6,7,6,3,6,1,,,,
16155103,3573,2026-05-11,Red clay,72,17080,202557,2,0,home,,,4,1,0,2,49,26,22,25,,,,,71,51,3,0,7,2,False,6,3,6,2,,,,,,
16164278,3573,2026-05-11,Red clay,72,290568,303307,1,1,home,,,2,3,4,1,43,46,39,33,,,,,82,79,3,3,3,3,False,1,6,7,6,4,0,,,,
16155099,3573,2026-05-11,Red clay,72,197809,153826,2,0,home,,,3,1,2,2,28,18,28,15,,,,,56,33,3,0,3,3,False,6,0,6,3,,,,,,
16155387,3515,2026-05-11,Red clay,72,339450,298795,2,0,home,,,4,2,0,3,31,29,31,14,,,,,62,43,4,1,0,5,False,6,2,6,2,,,,,,
16155392,3515,2026-05-11,Red clay,72,44549,267242,2,0,home,,,0,0,3,2,38,35,39,28,,,,,77,63,4,4,3,7,False,7,5,6,4,,,,,,
16155394,3515,2026-05-11,Red clay,72,321789,100069,2,0,home,,,1,2,1,2,42,35,30,24,,,,,72,59,4,2,2,5,False,7,5,6,3,,,,,,
16155390,3515,2026-05-11,Red clay,72,269909,380568,0,1,away,,,0,2,2,2,16,31,23,21,,,,,39,52,3,4,1,0,False,2,6,4,3,,,,,,
16159514,19671,2026-05-11,Red clay,72,229275,201244,2,0,home,,,5,6,4,3,49,44,31,28,,,,,80,72,2,1,4,3,False,6,4,7,6,,,,,,
16164173,19671,2026-05-11,Red clay,72,451920,77007,2,0,home,,,1,0,0,5,43,37,32,26,,,,,75,63,4,2,1,1,False,7,5,6,4,,,,,,
16163473,19671,2026-05-11,Red clay,72,483188,213979,2,1,home,,,2,1,9,1,59,40,45,45,,,,,104,85,7,3,4,1,False,6,7,6,1,6,4,,,,
16164276,19671,2026-05-11,Red clay,72,196922,48632,0,2,away,,,2,1,4,0,32,36,22,31,,,,,54,67,1,5,4,2,False,2,6,4,6,,,,,,
16165950,19671,2026-05-11,Red clay,72,229275,208225,1,2,away,,,2,8,2,5,57,51,35,43,,,,,92,94,4,3,8,2,False,6,2,4,6,3,6,,,,
16159744,3418,2026-05-11,Red clay,72,206602,141882,1,2,away,,,2,5,2,4,55,63,42,27,,,,,97,90,3,2,2,7,False,6,7,6,1,4,6,,,,
16164026,3418,2026-05-11,Red clay,72,51345,83661,2,0,home,,,10,2,4,2,43,36,26,18,,,,,69,54,2,0,1,1,False,6,3,7,5,,,,,,
16164051,3418,2026-05-11,Red clay,72,413296,207034,2,0,home,,,5,1,2,1,39,28,28,20,,,,,67,48,4,2,1,3,False,7,5,6,1,,,,,,
16164305,3418,2026-05-11,Red clay,72,200777,213081,0,2,away,,,6,5,1,2,45,44,19,32,,,,,64,76,1,1,5,0,False,3,6,6,7,,,,,,
16165924,3418,2026-05-11,Red clay,72,141882,131566,2,0,home,,,4,0,3,2,45,32,33,34,,,,,78,66,4,2,5,3,False,7,5,6,3,,,,,,
16159752,6414,2026-05-11,Red clay,72,161868,266259,1,1,away,,,6,4,4,2,36,40,19,18,,,,,55,58,1,1,2,2,False,6,4,4,6,0,0,,,,
16159871,6414,2026-05-11,Red clay,72,270414,460293,2,0,home,,,8,5,2,4,50,46,25,18,,,,,75,64,2,0,2,4,False,6,4,7,5,,,,,,
16159924,6414,2026-05-11,Red clay,72,107483,381917,2,0,home,,,0,0,6,3,36,23,26,18,,,,,62,41,4,1,1,2,False,6,3,6,2,,,,,,
16164041,16929,2026-05-11,Red clay,72,165234,239967,2,0,home,,,3,0,5,1,52,25,19,31,,,,,71,56,2,0,7,1,False,6,4,6,1,,,,,,
16164552,16929,2026-05-11,Red clay,72,75813,196920,2,1,home,,,8,7,3,2,68,79,41,35,,,,,73,75,1,2,5,9,False,7,6,2,6,6,4,,,,
16159428,18568,2026-05-11,Red clay,871,308088,45902,0,2,away,,,4,2,8,6,23,33,17,29,,,,,40,62,1,5,3,4,False,4,6,0,6,,,,,,
16159430,18568,2026-05-11,Red clay,871,111189,385274,1,2,away,,,0,1,1,1,52,52,34,33,,,,,86,85,3,3,2,3,False,4,6,6,2,4,6,,,,
16159426,18568,2026-05-11,Red clay,871,46591,376006,2,1,home,,,3,1,4,5,47,45,46,32,,,,,93,77,7,3,3,5,False,5,7,6,0,6,3,,,,
16159465,18568,2026-05-11,Red clay,871,105099,62924,0,2,away,,,2,8,5,4,41,58,43,32,,,,,84,90,3,4,2,8,False,5,7,6,7,,,,,,
16165645,18568,2026-05-11,Red clay,871,360184,255445,0,2,away,,,0,5,2,5,22,33,24,34,,,,,46,67,2,6,6,4,False,4,6,0,6,,,,,,
16165643,18568,2026-05-11,Red clay,871,392657,23158,2,1,home,,,1,1,16,4,52,39,43,42,,,,,95,81,7,4,5,4,False,4,6,6,3,6,2,,,,
16165644,18568,2026-05-11,Red clay,871,339455,206617,0,2,away,,,0,2,3,4,38,47,30,26,,,,,68,73,1,3,3,4,False,4,6,4,6,,,,,,
16159464,18568,2026-05-11,Red clay,871,207979,348712,2,0,home,,,0,2,1,5,38,49,26,27,,,,,64,76,4,2,3,6,False,6,2,7,6,,,,,,
16159462,18568,2026-05-11,Red clay,871,59702,247791,0,2,away,,,1,4,1,0,20,34,11,22,,,,,31,56,1,4,1,1,False,3,6,2,6,,,,,,
16159463,18568,2026-05-11,Red clay,871,19607,230984,2,1,home,,,0,1,4,3,40,38,48,32,,,,,88,70,9,5,1,6,False,4,6,6,2,6,1,,,,
16159461,18568,2026-05-11,Red clay,871,189995,250279,2,0,home,,,4,2,4,7,42,36,39,38,,,,,81,74,6,5,4,3,False,7,6,6,4,,,,,,
16165646,18568,2026-05-11,Red clay,871,206568,69988,1,2,away,,,4,0,4,6,65,64,53,57,,,,,118,121,7,7,9,6,False,6,4,6,7,4,6,,,,
16159521,21107,2026-05-11,Red clay,871,196856,253356,2,1,home,,,2,1,8,3,56,41,43,49,,,,,99,90,7,6,9,2,False,7,6,3,6,6,0,,,,
16159524,21107,2026-05-11,Red clay,871,221410,340542,2,1,home,,,11,0,10,2,82,62,30,46,,,,,112,108,4,1,5,3,False,7,5,6,7,6,2,,,,
16159522,21107,2026-05-11,Red clay,871,555377,275105,0,2,away,,,0,1,6,2,31,29,23,46,,,,,54,75,4,7,7,2,False,4,6,2,6,,,,,,
16159526,21107,2026-05-11,Red clay,871,362614,211014,1,0,home,,,0,0,3,2,11,13,20,10,,,,,31,23,4,2,1,1,False,6,3,,,,,,,,
16159527,21107,2026-05-11,Red clay,871,276767,110055,0,2,away,,,2,2,6,2,43,41,24,33,,,,,67,74,1,3,9,7,False,4,6,4,6,,,,,,
16159523,21107,2026-05-11,Red clay,871,60398,339456,2,0,home,,,5,3,6,2,34,30,30,13,,,,,64,43,4,1,0,8,False,6,4,6,1,,,,,,
16165606,21107,2026-05-11,Red clay,871,55793,213943,0,2,away,,,0,0,0,0,21,33,11,20,,,,,32,53,0,4,2,0,False,1,6,3,6,,,,,,
16165605,21107,2026-05-11,Red clay,871,188555,50655,0,2,away,,,0,2,2,4,32,40,18,27,,,,,50,67,0,3,3,3,False,1,6,4,6,,,,,,
16165603,21107,2026-05-11,Red clay,871,87834,96061,1,2,away,,,5,0,3,5,67,73,33,45,,,,,100,118,2,4,5,6,False,7,6,4,6,5,7,,,,
16165604,21107,2026-05-11,Red clay,871,44417,189986,0,2,away,,,1,0,3,3,29,44,28,29,,,,,57,73,4,5,0,8,False,6,7,3,6,,,,,,
16159534,21107,2026-05-11,Red clay,871,298913,221362,2,0,home,,,1,0,3,8,35,29,35,19,,,,,70,48,5,1,3,6,False,6,4,6,0,,,,,,
16159533,21107,2026-05-11,Red clay,871,374193,418056,0,2,away,,,0,5,3,2,23,32,22,27,,,,,45,59,2,5,3,0,False,4,6,2,6,,,,,,
16159535,21107,2026-05-11,Red clay,871,18919,48455,1,2,away,,,8,1,3,2,45,60,32,34,,,,,77,94,2,4,1,7,False,6,4,1,6,4,6,,,,
16098962,2488,2026-05-12,Red clay,3,106755,26204,2,1,home,,,13,7,2,10,68,69,36,35,,,,,104,104,3,2,7,4,False,3,6,7,6,6,2,,,,
16098959,2488,2026-05-12,Red clay,3,321404,417196,0,2,away,,,5,3,2,4,44,44,21,32,,,,,65,76,1,3,4,2,False,5,7,4,6,,,,,,
16098980,2488,2026-05-12,Red clay,3,221515,163504,0,2,away,,,0,6,3,3,28,38,22,28,,,,,50,66,0,3,4,4,False,3,6,2,6,,,,,,
16098981,2488,2026-05-12,Red clay,3,119248,90080,2,1,home,,,4,2,4,0,37,36,31,24,,,,,68,60,4,3,0,4,False,6,1,1,6,6,2,,,,
16165602,2569,2026-05-12,Red clay,6,264983,406776,2,1,home,,,2,3,4,6,51,53,51,42,,,,,102,95,7,5,7,10,False,4,6,6,2,6,4,,,,
16166335,2569,2026-05-12,Red clay,6,44834,228272,0,2,away,,,1,2,2,2,20,32,12,25,,,,,32,57,0,4,3,0,False,1,6,2,6,,,,,,
16159675,19671,2026-05-12,Red clay,72,40800,255420,2,0,home,,,2,2,0,0,30,36,37,24,,,,,67,60,5,1,3,7,False,6,4,6,3,,,,,,
16159679,19671,2026-05-12,Red clay,72,108565,326949,0,2,away,,,0,2,1,2,18,33,15,26,,,,,33,59,0,5,1,3,False,1,6,1,6,,,,,,
16169803,19671,2026-05-12,Red clay,72,483188,198592,0,2,away,,,1,1,2,4,37,38,19,30,,,,,56,68,1,0,7,3,False,4,6,4,6,,,,,,
16159676,19671,2026-05-12,Red clay,72,187608,338890,2,1,home,,,4,3,2,8,63,52,40,36,,,,,103,88,4,2,8,5,False,6,3,5,7,6,2,,,,
16169811,19671,2026-05-12,Red clay,72,208225,127208,0,2,away,,,1,10,3,0,30,46,23,23,,,,,53,69,0,3,1,8,False,3,6,3,6,,,,,,
16169808,19671,2026-05-12,Red clay,72,49172,451920,2,1,home,,,0,1,0,0,56,60,43,24,,,,,99,84,3,1,0,8,False,6,1,6,7,6,4,,,,
16141142,18463,2026-05-12,Hardcourt outdoor,72,233657,479273,1,2,away,,,4,10,4,2,55,48,25,36,,,,,80,84,2,4,5,3,False,6,3,4,6,3,6,,,,
16141134,18463,2026-05-12,Hardcourt outdoor,72,232059,291263,2,1,home,,,4,18,5,4,68,65,35,29,,,,,103,94,2,1,10,6,False,4,6,6,3,6,4,,,,
16141136,18463,2026-05-12,Hardcourt outdoor,72,117866,245307,0,2,away,,,3,10,2,1,44,41,8,31,,,,,52,72,0,2,3,0,False,4,6,4,6,,,,,,
16141145,18463,2026-05-12,Hardcourt outdoor,72,89320,367815,2,0,home,,,10,0,3,4,34,30,33,9,,,,,67,39,3,0,2,9,False,6,1,6,2,,,,,,
16141144,18463,2026-05-12,Hardcourt outdoor,72,336621,381419,2,1,home,,,5,0,6,7,64,62,49,33,,,,,113,95,5,2,5,7,False,6,2,6,7,6,4,,,,
16141143,18463,2026-05-12,Hardcourt outdoor,72,222958,192275,0,1,away,,,3,5,1,0,28,29,16,26,,,,,44,55,2,3,5,2,False,4,6,2,3,,,,,,
16141135,18463,2026-05-12,Hardcourt outdoor,72,307122,299481,0,2,away,,,4,6,4,1,19,31,11,27,,,,,30,58,1,5,0,1,False,2,6,3,6,,,,,,
16141146,18463,2026-05-12,Hardcourt outdoor,72,216820,464336,0,2,away,,,2,8,4,2,35,37,21,27,,,,,56,64,2,3,4,0,False,4,6,4,6,,,,,,
16159877,3418,2026-05-12,Red clay,72,243925,275948,2,1,home,,,3,6,3,6,53,55,47,20,,,,,100,75,3,1,1,7,False,6,2,6,7,6,2,,,,
16159879,3418,2026-05-12,Red clay,72,522369,94485,1,2,away,,,0,4,6,1,45,51,28,35,,,,,73,86,2,4,5,6,False,6,2,4,6,0,6,,,,
16159880,3418,2026-05-12,Red clay,72,264344,205906,2,1,home,,,3,0,0,1,55,38,26,28,,,,,81,66,2,1,4,4,False,6,1,3,6,6,1,,,,
16169897,3418,2026-05-12,Red clay,72,413296,88992,2,1,home,,,16,2,3,2,62,60,34,34,,,,,96,94,2,1,2,3,False,6,4,3,6,6,3,,,,
16159882,3418,2026-05-12,Red clay,72,229218,289146,1,2,away,,,4,5,5,8,54,56,35,29,,,,,89,85,3,2,5,4,False,6,2,5,7,4,6,,,,
16169896,3418,2026-05-12,Red clay,72,355525,141882,2,0,home,,,1,1,1,5,27,20,28,14,,,,,55,34,2,1,0,5,False,6,2,6,1,,,,,,
16169895,3418,2026-05-12,Red clay,72,213081,287181,1,2,away,,,4,2,10,3,61,53,37,49,,,,,98,102,2,5,10,6,False,3,6,6,4,4,6,,,,
16156821,6414,2026-05-12,Red clay,72,396006,43761,0,2,away,,,1,2,0,1,36,41,24,24,,,,,60,65,0,2,3,3,False,5,7,4,6,,,,,,
16166306,6414,2026-05-12,Red clay,72,516077,270414,1,1,home,,,1,12,5,4,47,56,53,31,,,,,100,87,2,3,3,11,False,4,6,6,2,4,3,,,,
16166302,6414,2026-05-12,Red clay,72,107483,66086,0,2,away,,,1,0,4,1,24,28,17,32,,,,,41,60,0,5,5,3,False,2,6,2,6,,,,,,
16166305,6414,2026-05-12,Red clay,72,379454,451986,0,2,away,,,1,5,6,2,22,32,10,24,,,,,32,56,0,4,1,0,False,0,6,3,6,,,,,,
16166304,6414,2026-05-12,Red clay,72,266259,72248,0,0,home,,,0,0,1,1,9,13,12,6,,,,,21,19,2,1,0,1,False,4,3,,,,,,,,
16166303,6414,2026-05-12,Red clay,72,303908,85877,0,2,away,,,1,1,5,2,37,45,32,34,,,,,69,79,2,2,5,7,False,2,6,6,7,,,,,,
16156822,6414,2026-05-12,Red clay,72,315774,393631,2,0,home,,,2,1,0,6,46,32,32,36,,,,,78,68,4,3,6,3,False,7,5,6,4,,,,,,
16156827,6414,2026-05-12,Red clay,72,240797,65576,2,0,home,,,2,0,1,1,45,42,30,30,,,,,75,72,1,2,3,4,False,7,6,6,4,,,,,,
16156826,6414,2026-05-12,Red clay,72,264978,54975,1,0,home,,,1,1,2,1,29,18,27,23,,,,,56,41,4,2,1,1,False,6,3,4,2,,,,,,
16166425,16929,2026-05-12,Red clay,72,97231,302582,2,0,home,,,4,5,0,4,35,25,24,16,,,,,59,41,2,0,2,3,False,6,2,6,2,,,,,,
16166422,16929,2026-05-12,Red clay,72,108767,187218,2,0,home,,,12,3,2,2,42,40,32,19,,,,,74,59,2,0,3,5,False,6,4,6,3,,,,,,
16155464,16929,2026-05-12,Red clay,72,322022,66484,2,1,home,,,7,3,2,6,44,50,45,25,,,,,89,75,4,2,3,8,False,6,3,2,6,6,1,,,,
16166423,16929,2026-05-12,Red clay,72,57155,165234,0,2,away,,,1,0,1,4,30,38,23,30,,,,,53,68,1,3,2,3,False,5,7,4,6,,,,,,
16155461,16929,2026-05-12,Red clay,72,264372,57289,0,2,away,,,3,2,2,1,50,45,22,37,,,,,72,82,0,3,8,2,False,2,6,6,7,,,,,,
16166424,16929,2026-05-12,Red clay,72,132558,75813,2,0,home,,,1,1,6,2,37,36,37,23,,,,,74,59,4,2,4,3,False,6,3,6,4,,,,,,
16135129,16929,2026-05-12,Red clay,72,124930,97231,0,2,away,,,2,2,3,2,46,40,23,36,,,,,69,76,2,4,3,1,False,4,6,5,7,,,,,,
16135132,16929,2026-05-12,Red clay,72,409264,232057,0,2,away,,,3,5,1,0,36,35,11,33,,,,,47,68,1,2,7,0,False,3,6,3,6,,,,,,
16135140,16929,2026-05-12,Red clay,72,132834,407164,2,0,home,,,2,2,0,2,36,22,24,13,,,,,60,35,4,1,0,0,False,6,1,6,4,,,,,,
16135137,16929,2026-05-12,Red clay,72,165234,341818,0,2,away,,,2,1,3,0,24,32,13,28,,,,,37,60,1,3,4,0,False,3,6,1,6,,,,,,
16135138,16929,2026-05-12,Red clay,72,391865,321790,2,0,home,,,5,0,1,4,42,27,28,26,,,,,70,53,2,1,3,6,False,6,4,6,1,,,,,,
16135142,16929,2026-05-12,Red clay,72,397014,108767,1,2,away,,,2,0,2,3,43,47,38,33,,,,,81,80,5,5,4,4,False,4,6,6,2,3,6,,,,
16135141,16929,2026-05-12,Red clay,72,322022,414847,1,2,away,,,3,3,6,6,47,54,29,31,,,,,76,85,1,3,1,4,False,6,3,4,6,3,6,,,,
16135131,16929,2026-05-12,Red clay,72,132558,57289,1,2,away,,,3,7,5,0,62,75,51,42,,,,,113,117,3,4,1,9,False,4,6,6,4,6,7,,,,
16164274,3573,2026-05-12,Red clay,72,54955,385592,2,0,home,,,4,6,5,2,50,52,43,28,,,,,93,80,2,1,5,7,False,6,4,7,6,,,,,,
16164277,3573,2026-05-12,Red clay,72,450685,318573,1,2,away,,,1,1,3,7,47,53,37,53,,,,,84,106,3,5,7,3,False,7,6,5,7,0,6,,,,
16164272,3573,2026-05-12,Red clay,72,217448,202181,2,0,home,,,1,0,2,2,35,31,28,16,,,,,63,47,4,0,1,3,False,6,2,6,2,,,,,,
16135248,3573,2026-05-12,Red clay,72,406654,210033,2,0,home,,,0,0,2,4,34,26,29,21,,,,,63,47,5,1,2,4,False,6,3,6,2,,,,,,
16135249,3573,2026-05-12,Red clay,72,448184,421761,0,2,away,,,2,3,10,2,29,33,13,29,,,,,42,62,0,4,1,1,False,4,6,1,6,,,,,,
16135245,3573,2026-05-12,Red clay,72,277179,290568,0,2,away,,,1,2,2,3,10,29,8,24,,,,,18,53,0,4,1,1,False,0,6,2,6,,,,,,
16135242,3573,2026-05-12,Red clay,72,355526,318573,0,2,away,,,1,1,6,1,47,40,29,47,,,,,76,87,3,4,8,1,False,4,6,4,6,,,,,,
16135244,3573,2026-05-12,Red clay,72,17080,54955,0,2,away,,,2,7,3,7,36,38,28,43,,,,,64,81,3,5,10,3,False,1,6,5,7,,,,,,
16135247,3573,2026-05-12,Red clay,72,217448,197809,0,2,away,,,3,1,1,0,32,46,29,34,,,,,61,80,2,4,5,2,False,5,7,1,6,,,,,,
16135243,3573,2026-05-12,Red clay,72,260122,232036,1,2,away,,,1,0,6,1,41,45,47,38,,,,,88,83,4,3,5,9,False,6,1,4,6,5,7,,,,
16135246,3573,2026-05-12,Red clay,72,66002,146040,2,0,home,,,1,1,3,4,32,24,24,17,,,,,56,41,4,0,3,4,False,6,2,6,2,,,,,,
16155397,3515,2026-05-12,Red clay,72,105607,113979,2,1,home,,,7,4,2,1,51,55,35,25,,,,,86,80,3,2,2,1,False,2,6,6,4,6,4,,,,
16165416,3515,2026-05-12,Red clay,72,161262,92074,0,2,away,,,0,6,2,0,48,35,18,41,,,,,66,76,1,4,6,1,False,4,6,3,6,,,,,,
16165411,3515,2026-05-12,Red clay,72,205795,269291,2,1,home,,,2,0,1,1,43,39,39,22,,,,,82,61,3,1,1,6,False,4,6,6,1,6,0,,,,
16165413,3515,2026-05-12,Red clay,72,47603,168420,1,2,away,,,5,6,1,7,52,59,42,38,,,,,63,59,4,5,5,5,False,6,4,4,6,4,6,,,,
16165412,3515,2026-05-12,Red clay,72,63090,499834,1,2,away,,,5,2,5,4,50,64,37,42,,,,,72,82,2,5,6,5,False,3,6,7,6,1,6,,,,
16155389,3515,2026-05-12,Red clay,72,484219,510399,2,0,home,,,1,0,0,4,33,33,32,12,,,,,65,45,4,0,1,2,False,6,1,6,3,,,,,,
16155395,3515,2026-05-12,Red clay,72,274435,225273,1,2,away,,,5,6,2,6,59,62,39,47,,,,,98,109,2,4,5,7,False,7,5,4,6,2,6,,,,
16165415,3515,2026-05-12,Red clay,72,342975,296369,1,2,away,,,8,1,3,1,84,78,43,52,,,,,127,130,2,3,10,7,False,6,7,7,6,5,7,,,,
16165414,3515,2026-05-12,Red clay,72,519193,71280,,,home,,,0,0,0,0,0,0,,,,,,,0,0,0,0,,,False,,,,,,,,,,
16159466,18568,2026-05-12,Red clay,871,35424,65656,2,0,home,,,3,1,2,1,40,28,25,19,,,,,65,47,4,1,5,4,False,6,4,6,2,,,,,,
16141229,18568,2026-05-12,Red clay,871,45545,392657,2,0,home,,,2,1,1,3,32,18,28,18,,,,,60,36,6,2,3,0,False,6,4,6,0,,,,,,
16141240,18568,2026-05-12,Red clay,871,255391,62924,2,1,home,,,1,9,6,7,56,53,41,36,,,,,97,89,4,3,5,4,False,6,3,3,6,6,4,,,,
16141241,18568,2026-05-12,Red clay,871,19607,206617,0,2,away,,,0,3,3,0,26,27,14,36,,,,,40,63,1,6,5,0,False,2,6,1,6,,,,,,
16159536,21107,2026-05-12,Red clay,871,190996,88310,1,2,away,,,1,2,5,1,59,54,51,51,,,,,110,105,6,5,9,10,False,4,6,6,0,4,6,,,,
16141209,21107,2026-05-12,Red clay,871,60398,50655,2,1,home,,,3,2,3,3,63,62,42,22,,,,,105,84,4,0,1,6,False,6,2,6,7,6,2,,,,
16141207,21107,2026-05-12,Red clay,871,298913,196856,2,1,home,,,1,0,5,1,44,39,34,27,,,,,78,66,6,3,3,2,False,3,6,6,2,6,2,,,,
16141211,21107,2026-05-12,Red clay,871,383994,189986,0,2,away,,,1,0,0,0,30,27,19,39,,,,,49,66,2,6,8,0,False,3,6,2,6,,,,,,
16141205,21107,2026-05-12,Red clay,871,110055,213943,0,2,away,,,0,4,3,3,36,42,20,34,,,,,56,76,2,4,4,3,False,1,6,6,7,,,,,,
16141204,21107,2026-05-12,Red clay,871,362614,48455,0,2,away,,,1,0,4,1,16,36,27,26,,,,,43,62,3,6,1,5,False,2,6,3,6,,,,,,
16141210,21107,2026-05-12,Red clay,871,336308,88310,2,0,home,,,0,0,4,0,44,31,31,32,,,,,75,63,4,2,7,0,False,7,6,6,2,,,,,,
16098975,2488,2026-05-13,Red clay,3,458834,308084,1,2,away,,,2,1,1,6,66,59,37,55,,,,,103,114,3,4,11,2,False,6,7,7,5,0,6,,,,
16098983,2488,2026-05-13,Red clay,3,206570,106755,2,0,home,,,4,1,2,0,38,31,28,19,,,,,66,50,4,1,2,1,False,6,2,6,4,,,,,,
16167106,2569,2026-05-13,Red clay,6,51293,186312,2,1,home,,,1,7,5,5,59,57,41,49,,,,,100,106,4,4,16,9,False,2,6,6,4,6,4,,,,
16171823,2569,2026-05-13,Red clay,6,19728,264983,0,2,away,,,3,0,0,1,28,34,16,28,,,,,44,62,3,5,1,2,False,4,6,3,6,,,,,,
16159678,19671,2026-05-13,Red clay,72,16720,77223,2,0,home,,,2,0,0,2,37,31,28,16,,,,,65,47,2,0,5,6,False,6,3,6,1,,,,,,
16169804,19671,2026-05-13,Red clay,72,112783,48632,2,0,home,,,6,2,2,0,41,29,25,22,,,,,66,51,3,0,5,3,False,6,4,6,2,,,,,,
16134981,19671,2026-05-13,Red clay,72,102151,187608,2,0,home,,,9,7,4,2,34,30,26,16,,,,,60,46,2,0,1,5,False,6,3,6,1,,,,,,
16134984,19671,2026-05-13,Red clay,72,321788,198592,0,2,away,,,0,2,2,1,29,37,15,26,,,,,44,63,1,4,5,2,False,3,6,2,6,,,,,,
16134985,19671,2026-05-13,Red clay,72,205989,326949,0,2,away,,,1,4,4,5,32,47,25,28,,,,,57,75,1,3,2,6,False,6,7,0,6,,,,,,
16134973,19671,2026-05-13,Red clay,72,39234,127208,2,1,home,,,0,8,1,0,63,74,50,35,,,,,113,109,4,4,0,6,False,3,6,7,5,7,6,,,,
16134980,19671,2026-05-13,Red clay,72,16720,170946,1,2,away,,,0,8,4,9,62,57,36,54,,,,,98,111,1,6,5,3,False,7,6,3,6,3,6,,,,
16141132,18463,2026-05-13,Hardcourt outdoor,72,232059,479273,2,0,home,,,11,5,2,3,53,49,27,17,,,,,80,66,1,0,2,3,False,7,6,6,3,,,,,,
16141138,18463,2026-05-13,Hardcourt outdoor,72,192275,89320,0,2,away,,,6,4,1,2,37,37,8,31,,,,,45,68,0,3,6,0,False,3,6,3,6,,,,,,
16141137,18463,2026-05-13,Hardcourt outdoor,72,336621,299481,1,2,away,,,12,7,9,5,58,62,25,40,,,,,83,102,1,5,2,2,False,7,6,3,6,1,6,,,,
16141141,18463,2026-05-13,Hardcourt outdoor,72,464336,245307,2,1,home,,,1,19,1,3,74,80,45,38,,,,,119,118,3,3,5,6,False,7,6,5,7,6,4,,,,
16169894,3418,2026-05-13,Red clay,72,51345,23581,2,0,home,,,13,6,4,6,60,51,26,29,,,,,86,80,1,1,5,1,False,7,6,7,6,,,,,,
16159881,3418,2026-05-13,Red clay,72,335102,248861,0,2,away,,,2,5,3,1,36,45,24,32,,,,,60,77,1,2,3,3,False,6,7,4,6,,,,,,
16134905,3418,2026-05-13,Red clay,72,355525,264344,1,0,home,,,3,0,2,0,37,25,21,20,,,,,58,45,4,2,3,1,False,7,6,4,0,,,,,,
16134897,3418,2026-05-13,Red clay,72,145130,413296,2,0,home,,,6,2,2,0,37,25,24,13,,,,,61,38,3,0,3,1,False,6,4,6,0,,,,,,
16134896,3418,2026-05-13,Red clay,72,243925,273679,2,1,home,,,4,1,3,5,63,54,41,32,,,,,104,86,5,1,5,5,False,6,7,6,1,6,4,,,,
16134898,3418,2026-05-13,Red clay,72,94485,122368,0,2,away,,,1,4,1,1,30,34,19,32,,,,,49,66,1,5,1,2,False,4,6,3,6,,,,,,
16141174,6414,2026-05-13,Red clay,72,199488,82133,2,0,home,,,2,0,1,3,42,41,33,28,,,,,75,69,2,2,4,6,False,6,4,6,4,,,,,,
16141178,6414,2026-05-13,Red clay,72,255418,333081,2,0,home,,,1,2,1,2,40,25,32,32,,,,,72,57,4,3,4,3,False,6,4,6,1,,,,,,
16141173,6414,2026-05-13,Red clay,72,315774,516077,2,0,home,,,1,1,0,3,28,23,34,11,,,,,62,34,5,1,1,5,False,6,0,6,2,,,,,,
16141177,6414,2026-05-13,Red clay,72,297139,266259,2,0,home,,,3,2,3,0,50,28,19,30,,,,,69,58,0,1,7,4,False,6,4,6,3,,,,,,
16141176,6414,2026-05-13,Red clay,72,379442,85877,2,0,home,,,5,1,0,2,41,25,24,24,,,,,65,49,3,2,1,2,False,6,3,6,4,,,,,,
16141179,6414,2026-05-13,Red clay,72,240797,264978,2,0,home,,,0,0,0,4,37,25,37,33,,,,,74,58,2,3,4,5,False,6,0,7,6,,,,,,
16141175,6414,2026-05-13,Red clay,72,451986,43761,2,1,home,,,6,1,1,3,59,66,40,32,,,,,99,98,3,3,2,7,False,4,6,7,6,6,3,,,,
16141180,6414,2026-05-13,Red clay,72,332537,66086,0,2,away,,,1,1,3,1,11,25,9,28,,,,,20,53,0,4,4,1,False,0,6,1,6,,,,,,
16135136,16929,2026-05-13,Red clay,72,97231,391865,2,0,home,,,0,2,1,4,37,38,33,17,,,,,70,55,4,1,1,4,False,6,4,6,4,,,,,,
16135130,16929,2026-05-13,Red clay,72,132834,232057,1,2,away,,,4,3,2,0,62,53,45,48,,,,,107,101,2,3,8,4,False,6,2,4,6,6,7,,,,
16135133,16929,2026-05-13,Red clay,72,108767,57289,0,1,away,,,1,2,3,2,42,45,16,24,,,,,58,69,0,2,5,3,False,5,7,3,5,,,,,,
16135135,16929,2026-05-13,Red clay,72,414847,341818,1,2,away,,,5,5,6,1,58,47,38,49,,,,,96,96,3,5,5,6,False,6,1,6,7,2,6,,,,
16135259,3573,2026-05-13,Red clay,72,54955,406654,2,0,home,,,1,0,5,2,38,27,42,39,,,,,80,66,5,4,6,10,False,6,4,6,3,,,,,,
16135262,3573,2026-05-13,Red clay,72,318573,197809,2,1,home,,,2,1,0,3,41,39,31,15,,,,,72,54,3,1,1,4,False,6,0,3,6,6,1,,,,
16135260,3573,2026-05-13,Red clay,72,421761,290568,0,2,away,,,1,2,5,6,40,42,22,39,,,,,62,81,0,3,6,4,False,2,6,2,6,,,,,,
16135263,3573,2026-05-13,Red clay,72,232036,66002,1,0,home,,,1,0,2,3,27,18,24,13,,,,,51,31,3,1,1,3,False,6,2,4,1,,,,,,
16155396,3515,2026-05-13,Red clay,72,349090,403148,2,1,home,,,4,2,1,7,50,44,31,24,,,,,81,68,3,3,2,2,False,6,4,3,6,6,2,,,,
16155393,3515,2026-05-13,Red clay,72,420876,207089,1,2,away,,,6,5,3,1,59,62,32,35,,,,,91,97,4,2,3,2,False,6,7,6,3,3,6,,,,
16135265,3515,2026-05-13,Red clay,72,212762,499834,0,2,away,,,0,0,2,3,34,40,26,38,,,,,60,78,3,5,7,3,False,5,7,2,6,,,,,,
16135274,3515,2026-05-13,Red clay,72,44549,168420,0,2,away,,,1,2,5,5,38,48,30,26,,,,,68,74,0,1,4,7,False,4,6,4,6,,,,,,
16135275,3515,2026-05-13,Red clay,72,519193,207089,2,1,home,,,2,8,7,5,63,58,39,39,,,,,102,97,4,2,3,5,False,6,7,6,3,6,3,,,,
16135279,3515,2026-05-13,Red clay,72,321789,296369,2,0,home,,,3,0,2,1,40,26,28,22,,,,,68,48,2,1,3,3,False,6,1,6,4,,,,,,
16135272,3515,2026-05-13,Red clay,72,349090,225273,0,2,away,,,3,0,0,0,20,34,7,19,,,,,27,53,0,3,2,1,False,1,6,2,6,,,,,,
16135268,3515,2026-05-13,Red clay,72,105607,92074,2,1,home,,,4,5,2,1,62,59,31,38,,,,,93,97,3,2,6,2,False,2,6,7,6,6,4,,,,
16135269,3515,2026-05-13,Red clay,72,484219,339450,0,2,away,,,2,2,1,2,31,35,20,30,,,,,51,65,2,3,3,1,False,4,6,4,6,,,,,,
16135271,3515,2026-05-13,Red clay,72,205795,380568,2,0,home,,,2,1,2,1,41,35,23,15,,,,,64,50,3,0,3,0,False,6,4,6,4,,,,,,
16135267,3515,2026-05-13,Red clay,72,168420,499834,0,2,away,,,0,1,3,2,27,38,27,34,,,,,54,72,3,5,2,3,False,5,7,2,6,,,,,,
16135277,3515,2026-05-13,Red clay,72,321789,519193,2,1,home,,,0,0,0,3,61,66,52,38,,,,,113,104,2,3,4,11,False,3,6,7,5,6,3,,,,
16141243,18568,2026-05-13,Red clay,871,45902,189995,2,0,home,,,0,0,3,5,37,40,49,36,,,,,86,76,7,5,3,8,False,7,5,6,4,,,,,,
16141233,18568,2026-05-13,Red clay,871,255445,69988,2,1,home,,,4,0,3,2,66,72,57,46,,,,,123,118,7,5,7,12,False,6,4,6,7,7,5,,,,
16141232,18568,2026-05-13,Red clay,871,207979,256104,0,2,away,,,0,1,2,0,26,35,18,29,,,,,44,64,1,5,3,7,False,3,6,2,6,,,,,,
16141230,18568,2026-05-13,Red clay,871,247791,46591,2,1,home,,,2,1,4,1,50,55,45,39,,,,,95,94,6,5,9,5,False,6,4,3,6,6,4,,,,
16141237,18568,2026-05-13,Red clay,871,35424,385274,2,0,home,,,3,0,2,3,28,36,42,12,,,,,70,48,5,1,0,16,False,6,4,6,1,,,,,,
16141218,21107,2026-05-13,Red clay,871,221410,96061,0,2,away,,,5,0,5,2,40,40,25,39,,,,,65,79,3,5,5,0,False,4,6,5,7,,,,,,
16141203,21107,2026-05-13,Red clay,871,418056,275105,0,2,away,,,4,1,0,0,26,30,20,32,,,,,46,62,2,6,5,0,False,3,6,2,6,,,,,,
16141217,21107,2026-05-13,Red clay,871,336308,213943,1,2,away,,,0,3,3,5,34,47,38,41,,,,,72,88,5,7,6,3,False,1,6,6,2,3,6,,,,
16141206,21107,2026-05-13,Red clay,871,60398,48455,2,1,home,,,0,4,4,7,54,63,58,38,,,,,112,101,8,4,3,14,False,6,7,6,3,6,2,,,,
16141215,21107,2026-05-13,Red clay,871,298913,189986,0,2,away,,,1,0,5,2,44,36,28,43,,,,,72,79,3,6,13,4,False,3,6,5,7,,,,,,
16098976,2488,2026-05-14,Red clay,3,417196,163504,1,2,away,,,3,2,8,3,59,46,33,48,,,,,92,94,3,5,9,3,False,6,1,4,6,5,7,,,,
16098978,2488,2026-05-14,Red clay,3,119248,308084,2,0,home,,,3,2,1,1,29,19,29,13,,,,,58,32,5,1,1,3,False,6,1,6,1,,,,,,
16176844,2569,2026-05-14,Red clay,6,228272,51293,1,2,away,,,2,2,1,6,41,50,47,36,,,,,88,86,5,6,3,11,False,4,6,6,2,2,6,,,,
16134976,19671,2026-05-14,Red clay,72,49172,126356,0,2,away,,,0,1,3,7,41,51,32,33,,,,,73,84,2,3,4,7,False,2,6,6,7,,,,,,
16134978,19671,2026-05-14,Red clay,72,196122,112783,2,0,home,,,0,1,3,1,47,38,26,25,,,,,73,63,3,2,2,0,False,7,6,6,4,,,,,,
16134977,19671,2026-05-14,Red clay,72,221806,40800,1,2,away,,,2,3,1,2,59,72,59,44,,,,,118,116,6,6,2,9,False,7,5,5,7,5,7,,,,
16134972,19671,2026-05-14,Red clay,72,102151,39234,2,1,home,,,3,4,1,1,57,53,42,36,,,,,99,89,5,3,5,6,False,4,6,7,5,6,4,,,,
16134975,19671,2026-05-14,Red clay,72,196122,198592,0,2,away,,,3,1,3,2,10,36,21,26,,,,,31,62,1,6,0,6,False,1,6,1,6,,,,,,
16141140,18463,2026-05-14,Hardcourt outdoor,72,232059,89320,2,0,home,,,14,4,0,4,44,49,33,15,,,,,77,64,1,0,1,7,False,6,4,6,4,,,,,,
16141139,18463,2026-05-14,Hardcourt outdoor,72,299481,464336,2,0,home,,,6,1,2,1,29,20,27,6,,,,,56,26,5,0,0,2,False,6,0,6,2,,,,,,
16134906,3418,2026-05-14,Red clay,72,124656,289146,0,2,away,,,1,4,0,1,26,32,9,26,,,,,35,58,0,4,5,0,False,0,6,3,6,,,,,,
16134904,3418,2026-05-14,Red clay,72,63606,51345,0,2,away,,,18,7,4,4,60,62,23,28,,,,,83,90,0,1,4,2,False,4,6,6,7,,,,,,
16134903,3418,2026-05-14,Red clay,72,248861,287181,0,0,,,,0,0,0,1,0,3,3,0,,,,,3,0,0,0,0,3,False,3,0,,,,,,,,
16134902,3418,2026-05-14,Red clay,72,102339,90798,0,1,away,,,0,2,1,0,9,25,14,15,,,,,23,40,0,2,1,3,False,1,6,0,2,,,,,,
16134907,3418,2026-05-14,Red clay,72,90798,289146,2,0,home,,,7,8,2,6,56,42,27,29,,,,,83,71,2,1,7,2,False,6,3,7,6,,,,,,
16141170,6414,2026-05-14,Red clay,72,379442,297139,2,1,home,,,3,3,0,6,52,53,56,31,,,,,108,84,5,2,6,12,False,4,6,6,1,6,0,,,,
16141171,6414,2026-05-14,Red clay,72,255418,199488,2,0,home,,,0,1,0,3,51,56,44,32,,,,,95,88,5,3,2,5,False,7,6,7,5,,,,,,
16141184,6414,2026-05-14,Red clay,72,315774,451986,2,1,home,,,2,7,3,3,70,53,48,51,,,,,118,104,5,3,9,7,False,6,7,6,4,6,1,,,,
16141185,6414,2026-05-14,Red clay,72,240797,66086,2,1,home,,,0,3,3,2,49,62,45,38,,,,,94,100,4,4,2,4,False,2,6,7,6,7,5,,,,
16135134,16929,2026-05-14,Red clay,72,57289,97231,0,0,away,,,0,1,0,0,10,8,2,6,,,,,12,14,0,0,1,0,False,2,2,,,,,,,,
16135143,16929,2026-05-14,Red clay,72,341818,232057,1,2,away,,,6,5,8,2,68,79,39,33,,,,,107,112,0,3,2,6,False,2,6,7,6,6,7,,,,
16135264,3573,2026-05-14,Red clay,72,54955,318573,1,2,away,,,0,3,10,4,59,54,39,56,,,,,98,110,4,1,13,2,False,1,6,7,5,6,7,,,,
16135261,3573,2026-05-14,Red clay,72,232036,290568,2,1,home,,,3,2,2,7,67,54,48,52,,,,,115,106,4,4,8,6,False,6,3,4,6,7,5,,,,
16135266,3515,2026-05-14,Red clay,72,105607,225273,2,1,home,,,6,8,4,3,74,60,34,45,,,,,108,105,1,2,4,5,False,6,7,6,3,7,5,,,,
16135278,3515,2026-05-14,Red clay,72,205795,339450,2,1,home,,,4,0,4,4,56,47,38,42,,,,,94,89,5,3,7,3,False,4,6,6,4,6,3,,,,
16135273,3515,2026-05-14,Red clay,72,499834,205795,1,2,away,,,3,2,5,4,43,53,39,34,,,,,82,87,4,4,3,4,False,2,6,6,3,4,6,,,,
16141235,18568,2026-05-14,Red clay,871,256104,206617,1,2,away,,,3,1,3,3,42,44,52,52,,,,,94,96,9,10,5,5,False,5,7,6,2,2,6,,,,
16141239,18568,2026-05-14,Red clay,871,45545,247791,,,away,,,,,,,,,,,,,,,,,,,,,False,,,,,,,,,,
16141238,18568,2026-05-14,Red clay,871,255445,45902,2,0,home,,,3,0,4,1,38,26,33,27,,,,,71,53,6,2,6,8,False,6,4,6,0,,,,,,
16141234,18568,2026-05-14,Red clay,871,35424,255391,2,0,home,,,1,2,0,2,32,30,27,17,,,,,59,47,5,1,3,1,False,6,4,6,1,,,,,,
16141213,21107,2026-05-14,Red clay,871,96061,275105,1,2,away,,,0,3,3,0,43,60,46,40,,,,,89,100,4,6,7,9,False,1,6,6,3,4,6,,,,
16141208,21107,2026-05-14,Red clay,871,213943,60398,1,2,away,,,3,2,6,1,55,54,36,42,,,,,91,96,3,4,8,9,False,2,6,6,1,5,7,,,,
16098985,2488,2026-05-15,Red clay,3,206570,163504,2,1,home,,,7,4,2,7,63,59,45,29,,,,,108,88,3,2,5,5,False,6,2,5,7,6,4,,,,
16187270,2405,2026-05-15,Red clay,3,208225,64570,2,1,home,,,4,2,5,2,50,45,27,39,,,,,77,84,4,3,2,0,False,1,6,6,4,6,3,,,,
16187268,2405,2026-05-15,Red clay,3,420304,335102,2,0,home,,,3,2,3,2,38,36,30,16,,,,,68,52,3,0,1,4,False,6,3,6,3,,,,,,
16187273,2405,2026-05-15,Red clay,3,237452,48632,2,1,home,,,2,2,1,2,59,62,51,27,,,,,110,89,5,0,3,5,False,6,3,6,7,6,2,,,,
16187269,2405,2026-05-15,Red clay,3,322082,484006,2,0,home,,,3,0,0,5,30,22,31,10,,,,,61,32,5,0,2,3,False,6,2,6,0,,,,,,
16187267,2405,2026-05-15,Red clay,3,42379,131566,2,0,home,,,3,1,2,4,38,25,23,12,,,,,61,37,4,1,0,2,False,6,3,6,2,,,,,,
16187266,2405,2026-05-15,Red clay,3,348701,205906,0,2,away,,,0,0,1,0,19,30,17,26,,,,,36,56,0,1,5,2,False,1,6,2,6,,,,,,
16187265,2405,2026-05-15,Red clay,3,187608,75813,2,1,home,,,7,10,3,3,73,64,42,38,,,,,115,102,3,1,5,3,False,6,7,7,5,6,2,,,,
16187271,2405,2026-05-15,Red clay,3,462177,383987,0,2,away,,,2,3,5,3,49,45,17,38,,,,,66,83,0,2,6,2,False,6,7,3,6,,,,,,
16187295,2531,2026-05-15,Red clay,3,349089,265147,,,,,,,,,,,,,,,,,,,,,,,,False,,,,,,,,,,
16187302,2531,2026-05-15,Red clay,3,201847,206602,,,,,,,,,,,,,,,,,,,,,,,,False,,,,,,,,,,
16187300,2531,2026-05-15,Red clay,3,385592,88992,2,0,home,,,5,0,1,1,36,39,35,17,,,,,71,56,3,0,0,11,False,6,4,6,1,,,,,,
16187301,2531,2026-05-15,Red clay,3,39711,192862,2,1,home,,,6,1,8,2,61,52,42,48,,,,,103,100,5,2,8,5,False,3,6,7,5,6,3,,,,
16187299,2531,2026-05-15,Red clay,3,83397,377489,0,2,away,,,2,1,2,2,28,30,15,32,,,,,43,62,1,5,1,0,False,4,6,0,6,,,,,,
16187296,2531,2026-05-15,Red clay,3,466210,255420,0,2,away,,,2,2,1,2,29,32,8,27,,,,,37,59,0,3,3,0,False,3,6,1,6,,,,,,
16187411,2531,2026-05-15,Red clay,3,201847,265147,2,1,home,,,0,5,4,1,60,67,36,30,,,,,96,97,2,0,3,8,False,6,4,3,6,6,3,,,,
16190089,2531,2026-05-15,Red clay,3,145112,206602,0,2,away,,,2,1,2,1,40,41,9,25,,,,,49,66,0,1,5,1,False,4,6,4,6,,,,,,
16187298,2531,2026-05-15,Red clay,3,92074,407164,0,2,away,,,1,2,2,3,32,47,32,29,,,,,64,76,2,2,3,6,False,6,7,2,6,,,,,,
16186940,2591,2026-05-15,Red clay,6,59702,19607,0,2,away,,,1,4,4,5,26,36,23,30,,,,,49,66,2,5,3,3,False,4,6,2,6,,,,,,
16186945,2591,2026-05-15,Red clay,6,233214,111189,2,0,home,,,2,0,2,3,44,26,40,38,,,,,84,64,7,4,9,5,False,7,5,6,2,,,,,,
16186944,2591,2026-05-15,Red clay,6,287804,91960,2,1,home,,,8,2,10,7,41,43,41,34,,,,,82,77,5,4,2,8,False,1,6,6,4,6,1,,,,
16186941,2591,2026-05-15,Red clay,6,308088,215773,2,1,home,,,8,3,2,10,43,43,44,23,,,,,87,66,6,2,7,6,False,6,2,3,6,6,0,,,,
16186942,2591,2026-05-15,Red clay,6,498360,250859,0,2,away,,,1,0,6,1,15,26,19,31,,,,,34,57,2,7,2,3,False,1,6,2,6,,,,,,
16186943,2591,2026-05-15,Red clay,6,316468,45545,0,2,away,,,1,1,5,5,39,38,24,41,,,,,63,79,2,5,10,6,False,4,6,3,6,,,,,,
16186939,2591,2026-05-15,Red clay,6,275530,255391,1,2,away,,,7,0,12,4,49,56,37,36,,,,,86,92,3,5,5,7,False,6,4,3,6,3,6,,,,
16186938,2591,2026-05-15,Red clay,6,420417,132370,0,2,away,,,0,2,6,1,15,28,12,28,,,,,27,56,2,6,3,2,False,3,6,1,6,,,,,,
16187323,2682,2026-05-15,Red clay,6,136302,41480,2,1,home,,,0,4,2,2,46,42,33,29,,,,,79,71,5,4,1,4,False,6,3,3,6,6,3,,,,
16187324,2682,2026-05-15,Red clay,6,276445,18298,0,2,away,,,1,3,2,2,14,34,19,30,,,,,33,64,1,6,3,6,False,1,6,0,6,,,,,,
16187322,2682,2026-05-15,Red clay,6,222148,221793,0,2,away,,,0,0,7,1,15,26,23,31,,,,,38,57,4,7,2,1,False,3,6,3,6,,,,,,
16187326,2682,2026-05-15,Red clay,6,65656,157368,2,0,home,,,1,0,2,1,30,17,32,17,,,,,62,34,6,1,5,4,False,6,1,6,0,,,,,,
16187325,2682,2026-05-15,Red clay,6,51839,152106,0,2,away,,,2,0,2,0,31,37,28,38,,,,,59,75,3,6,11,10,False,1,6,5,7,,,,,,
16187321,2682,2026-05-15,Red clay,6,198254,44417,2,0,home,,,1,1,0,4,34,29,22,14,,,,,56,43,4,0,3,4,False,6,1,6,3,,,,,,
16187328,2682,2026-05-15,Red clay,6,52388,262594,0,2,away,,,1,0,3,1,42,43,28,33,,,,,70,76,2,4,5,4,False,6,7,2,6,,,,,,
16134982,19671,2026-05-15,Red clay,72,326949,170946,2,0,home,,,0,7,2,3,40,27,19,27,,,,,59,54,3,2,1,1,False,6,4,6,3,,,,,,
16134979,19671,2026-05-15,Red clay,72,40800,126356,,,away,,,0,0,0,0,0,0,,,,,,,0,0,0,0,,,False,,,,,,,,,,
16141133,18463,2026-05-15,Hardcourt outdoor,72,232059,299481,2,0,home,,,2,1,3,3,39,35,30,23,,,,,69,58,3,2,2,3,False,6,2,7,5,,,,,,
16134900,3418,2026-05-15,Red clay,72,145130,122368,0,2,away,,,3,10,3,3,31,38,15,25,,,,,46,63,0,2,4,1,False,2,6,4,6,,,,,,
16134901,3418,2026-05-15,Red clay,72,51345,248861,0,2,away,,,3,5,2,1,22,33,8,22,,,,,30,55,0,3,2,0,False,2,6,2,6,,,,,,
16134895,3418,2026-05-15,Red clay,72,355525,243925,2,0,home,,,4,4,3,0,50,48,26,19,,,,,76,67,1,0,2,3,False,6,2,7,6,,,,,,
16134909,3418,2026-05-15,Red clay,72,248861,90798,2,0,home,,,3,3,1,1,37,28,18,13,,,,,55,41,2,0,0,1,False,6,2,6,4,,,,,,
16141182,6414,2026-05-15,Red clay,72,379442,315774,2,0,home,,,0,1,0,1,32,32,33,13,,,,,65,45,5,1,1,4,False,6,4,6,2,,,,,,
16141172,6414,2026-05-15,Red clay,72,255418,240797,0,2,away,,,1,0,1,1,21,31,19,25,,,,,40,56,2,3,3,1,False,1,6,4,6,,,,,,
16135139,16929,2026-05-15,Red clay,72,97231,232057,2,0,home,,,2,1,0,3,36,34,22,14,,,,,58,48,3,1,0,2,False,6,3,6,4,,,,,,
16135258,3573,2026-05-15,Red clay,72,232036,318573,2,0,home,,,0,0,1,2,30,9,20,11,,,,,50,20,2,0,2,3,False,6,1,6,0,,,,,,
16141242,18568,2026-05-15,Red clay,871,35424,206617,2,1,home,,,1,0,1,2,46,47,42,35,,,,,88,82,5,4,5,8,False,1,6,6,2,6,3,,,,
16141212,21107,2026-05-15,Red clay,871,189986,275105,2,1,home,,,1,0,4,1,69,81,69,56,,,,,138,137,8,8,6,14,False,7,6,6,7,7,6,,,,
16141214,21107,2026-05-15,Red clay,871,60398,189986,0,2,away,,,8,5,4,2,33,42,19,21,,,,,52,63,0,3,6,3,False,3,6,3,6,,,,,,
16191129,2405,2026-05-16,Red clay,3,42379,420304,1,2,away,,,4,3,2,5,74,79,45,45,,,,,119,124,2,3,7,7,False,7,6,4,6,6,7,,,,
16191130,2405,2026-05-16,Red clay,3,237452,208225,2,1,home,,,5,7,2,14,85,86,64,61,,,,,149,147,5,3,11,8,False,6,7,7,5,7,6,,,,
16191376,2405,2026-05-16,Red clay,3,322082,205906,2,0,home,,,0,2,1,0,28,25,31,9,,,,,59,34,2,0,0,6,False,6,1,6,2,,,,,,
16191799,2405,2026-05-16,Red clay,3,187608,383987,1,2,away,,,8,10,4,4,69,66,31,39,,,,,100,105,2,2,4,2,False,5,7,6,4,4,6,,,,
16190551,2405,2026-05-16,Red clay,3,484219,101101,0,2,away,,,1,2,1,2,43,50,28,28,,,,,71,78,0,0,5,6,False,4,6,4,6,,,,,,
16187308,2531,2026-05-16,Red clay,3,38517,271389,1,2,away,,,4,2,6,2,74,57,33,66,,,,,107,123,4,4,14,5,False,7,5,5,7,1,6,,,,
16187297,2531,2026-05-16,Red clay,3,298247,300293,0,2,away,,,4,3,2,0,30,34,10,28,,,,,40,62,0,4,6,1,False,2,6,2,6,,,,,,
16191289,2531,2026-05-16,Red clay,3,39711,385592,0,2,away,,,6,12,1,1,50,53,12,23,,,,,62,76,0,1,2,0,False,5,7,6,7,,,,,,
16191595,2531,2026-05-16,Red clay,3,377489,407164,0,2,away,,,2,0,0,2,29,32,22,36,,,,,51,68,2,5,5,2,False,3,6,2,6,,,,,,
16192631,2531,2026-05-16,Red clay,3,201847,206602,1,2,away,,,2,2,2,3,37,40,31,29,,,,,68,69,3,5,1,4,False,6,0,2,6,2,6,,,,
16191594,2531,2026-05-16,Red clay,3,300293,255420,0,2,away,,,2,4,1,2,25,33,8,25,,,,,33,58,0,4,2,1,False,3,6,2,6,,,,,,
16183501,2569,2026-05-16,Red clay,6,264983,51293,1,2,away,,,1,2,7,2,62,76,53,51,,,,,115,127,3,6,9,14,False,4,6,7,6,2,6,,,,
16191065,2591,2026-05-16,Red clay,6,65950,261095,0,2,away,,,4,3,5,4,24,35,14,29,,,,,38,64,1,5,3,4,False,3,6,1,6,,,,,,
16191060,2591,2026-05-16,Red clay,6,376006,222826,0,2,away,,,0,1,0,3,16,42,23,18,,,,,39,60,0,4,0,7,False,1,6,2,6,,,,,,
16191062,2591,2026-05-16,Red clay,6,360184,207979,0,2,away,,,0,1,1,2,20,36,25,29,,,,,45,65,3,6,5,6,False,1,6,4,6,,,,,,
16191067,2591,2026-05-16,Red clay,6,227431,293708,0,2,away,,,1,2,0,5,35,46,28,30,,,,,63,76,3,4,3,1,False,3,6,6,7,,,,,,
16190533,2591,2026-05-16,Red clay,6,233214,287804,2,0,home,,,1,1,3,6,43,31,35,30,,,,,78,61,5,3,6,6,False,6,4,6,4,,,,,,
16190795,2591,2026-05-16,Red clay,6,308088,19607,2,0,home,,,8,2,7,3,38,30,30,20,,,,,68,50,4,1,2,6,False,6,1,6,4,,,,,,
16191068,2591,2026-05-16,Red clay,6,45545,250859,0,2,away,,,0,1,1,3,31,34,28,33,,,,,59,67,4,6,3,2,False,4,6,4,6,,,,,,
16191596,2591,2026-05-16,Red clay,6,255391,132370,0,2,away,,,0,0,3,2,23,32,27,33,,,,,50,65,3,6,3,3,False,4,6,2,6,,,,,,
16187327,2682,2026-05-16,Red clay,6,284553,188555,2,0,home,,,1,1,3,3,44,40,47,41,,,,,91,81,6,4,6,14,False,7,5,6,3,,,,,,
16191149,2682,2026-05-16,Red clay,6,136302,221793,1,2,away,,,1,0,4,0,30,34,45,46,,,,,75,80,9,10,8,5,False,4,6,6,2,2,6,,,,
16192115,2682,2026-05-16,Red clay,6,65656,262594,2,1,home,,,1,0,2,2,47,56,64,40,,,,,111,96,10,5,6,12,False,6,7,6,0,6,3,,,,
16191368,2682,2026-05-16,Red clay,6,152106,198254,2,0,home,,,0,0,2,0,35,29,25,16,,,,,60,45,4,1,3,2,False,6,2,6,4,,,,,,
16192114,2682,2026-05-16,Red clay,6,284553,18298,0,2,away,,,0,2,2,0,32,40,21,28,,,,,53,68,2,4,0,3,False,4,6,4,6,,,,,,
16134974,19671,2026-05-16,Red clay,72,102151,198592,0,2,away,,,4,5,2,2,42,53,15,23,,,,,57,76,0,0,3,3,False,6,7,3,6,,,,,,
16134983,19671,2026-05-16,Red clay,72,326949,126356,2,1,home,,,0,2,1,2,62,59,46,49,,,,,108,108,4,3,8,8,False,4,6,7,6,6,4,,,,
16134908,3418,2026-05-16,Red clay,72,355525,122368,2,0,home,,,3,1,5,3,43,28,33,30,,,,,76,58,3,1,8,7,False,7,5,6,1,,,,,,
16141181,6414,2026-05-16,Red clay,72,240797,379442,1,2,away,,,0,1,2,1,43,49,38,37,,,,,81,86,5,5,2,4,False,5,7,6,2,3,6,,,,
16135276,3515,2026-05-16,Red clay,72,105607,321789,2,1,home,,,8,6,1,4,70,72,49,41,,,,,119,113,5,2,7,7,False,5,7,7,6,6,2,,,,
16135270,3515,2026-05-16,Red clay,72,105607,205795,2,0,home,,,5,5,3,3,58,54,32,27,,,,,90,81,1,2,2,4,False,7,6,7,6,,,,,,
16191664,4047,2026-05-16,Red clay,72,245110,186629,2,1,home,,,2,8,4,7,69,64,41,42,,,,,110,106,3,4,3,4,False,6,3,5,7,7,6,,,,
16191665,4047,2026-05-16,Red clay,72,465566,266859,1,0,home,,,0,0,2,5,30,31,35,22,,,,,65,53,4,3,1,5,False,6,2,5,5,,,,,,
16191676,4047,2026-05-16,Red clay,72,501570,421229,0,2,away,,,0,0,3,2,47,46,23,41,,,,,70,87,1,4,10,3,False,5,7,2,6,,,,,,
16191800,4047,2026-05-16,Red clay,72,272506,372747,2,0,home,,,1,0,7,17,29,29,36,27,,,,,65,56,5,3,2,4,False,6,4,6,3,,,,,,
16191801,4047,2026-05-16,Red clay,72,1166331,349488,2,0,home,,,0,2,0,1,51,48,21,16,,,,,72,64,1,0,1,1,False,6,4,7,6,,,,,,
16191797,4047,2026-05-16,Red clay,72,205313,213951,2,0,home,,,6,2,6,5,51,40,35,33,,,,,86,73,2,2,1,5,False,7,6,6,4,,,,,,
16191653,4047,2026-05-16,Red clay,72,53183,154570,1,2,away,,,0,3,3,5,40,55,34,31,,,,,74,86,2,4,1,3,False,1,6,7,5,3,6,,,,
16191803,4047,2026-05-16,Red clay,72,48225,118040,2,0,home,,,8,0,1,5,37,28,32,19,,,,,69,47,2,2,3,6,False,7,5,6,1,,,,,,
16191804,4047,2026-05-16,Red clay,72,451920,223481,2,0,home,,,2,0,3,2,38,31,39,25,,,,,77,56,6,1,2,6,False,7,5,6,0,,,,,,
16191393,34833,2026-05-16,Hardcourt outdoor,72,381419,455662,2,0,home,,,5,8,4,8,44,33,26,22,,,,,70,55,2,0,3,2,False,6,2,6,4,,,,,,
16191396,34833,2026-05-16,Hardcourt outdoor,72,307122,217462,2,0,home,,,2,1,2,3,36,23,24,15,,,,,60,38,4,0,1,4,False,6,1,6,2,,,,,,
16191347,34833,2026-05-16,Hardcourt outdoor,72,374580,460273,0,2,away,,,4,10,7,2,53,50,20,38,,,,,73,88,2,3,6,0,False,6,7,5,7,,,,,,
16191404,34833,2026-05-16,Hardcourt outdoor,72,233657,1224365,2,0,home,,,17,5,1,3,41,38,21,8,,,,,62,46,2,0,0,1,False,6,4,6,4,,,,,,
16191407,34833,2026-05-16,Hardcourt outdoor,72,154486,181384,1,2,away,,,4,3,5,4,74,64,35,45,,,,,109,109,3,2,5,1,False,4,6,6,2,6,7,,,,
16191408,34833,2026-05-16,Hardcourt outdoor,72,244418,1224366,0,2,away,,,8,8,9,3,34,43,17,20,,,,,51,63,1,3,1,0,False,3,6,5,7,,,,,,
16191406,34833,2026-05-16,Hardcourt outdoor,72,216820,459761,1,2,away,,,3,11,4,4,53,56,31,41,,,,,84,97,1,3,6,1,False,7,6,2,6,3,6,,,,
16191400,34833,2026-05-16,Hardcourt outdoor,72,192272,339448,1,2,away,,,8,9,2,2,65,66,26,47,,,,,91,113,2,4,5,4,False,7,6,6,7,0,6,,,,
16191403,34833,2026-05-16,Hardcourt outdoor,72,298618,214341,2,0,home,,,3,2,2,3,34,36,28,16,,,,,62,52,0,1,1,4,False,6,3,6,3,,,,,,
16191405,34833,2026-05-16,Hardcourt outdoor,72,214978,124934,1,2,away,,,8,13,2,1,59,62,18,37,,,,,77,99,0,4,3,1,False,7,6,3,6,1,6,,,,
16191402,34833,2026-05-16,Hardcourt outdoor,72,420312,1096044,0,2,away,,,11,2,3,5,34,43,18,22,,,,,52,65,1,3,0,1,False,6,7,2,6,,,,,,
16191401,34833,2026-05-16,Hardcourt outdoor,72,255373,468477,2,1,home,,,2,3,2,4,35,32,38,22,,,,,73,54,5,3,0,2,False,6,0,1,6,6,1,,,,
16191716,34829,2026-05-16,Red clay,72,224038,291760,2,0,home,,,7,0,0,3,43,40,38,34,,,,,81,74,4,4,2,5,False,7,5,7,6,,,,,,
16191709,34829,2026-05-16,Red clay,72,217835,56361,2,0,home,,,1,2,2,3,35,37,36,17,,,,,71,54,3,0,3,6,False,6,4,6,2,,,,,,
16191719,34829,2026-05-16,Red clay,72,369288,405101,2,1,home,,,5,0,3,2,58,43,38,41,,,,,96,84,3,0,6,5,False,4,6,6,3,6,2,,,,
16191720,34829,2026-05-16,Red clay,72,332304,524820,2,0,home,,,11,5,1,3,59,53,24,24,,,,,83,77,0,1,2,2,False,7,6,7,6,,,,,,
16191734,34829,2026-05-16,Red clay,72,308287,355096,2,1,home,,,2,2,2,2,63,56,33,26,,,,,96,82,3,1,4,4,False,6,3,5,7,6,2,,,,
16191729,34829,2026-05-16,Red clay,72,227447,413630,2,0,home,,,3,0,0,2,25,10,27,10,,,,,52,20,4,1,0,5,False,6,1,6,0,,,,,,
16191710,34829,2026-05-16,Red clay,72,217834,142884,2,0,home,,,5,4,0,2,43,36,18,12,,,,,61,48,2,0,2,0,False,6,4,6,4,,,,,,
16191785,34829,2026-05-16,Red clay,72,486500,226810,0,2,away,,,0,1,4,3,15,25,15,32,,,,,30,57,1,5,5,1,False,0,6,1,6,,,,,,
16191783,34829,2026-05-16,Red clay,72,204255,66002,2,1,home,,,2,5,2,2,53,53,37,25,,,,,90,78,1,0,3,5,False,3,6,6,2,6,3,,,,
16191782,34829,2026-05-16,Red clay,72,325141,462062,1,2,away,,,5,1,4,2,53,55,31,35,,,,,84,90,2,4,3,4,False,6,3,3,6,4,6,,,,
16191784,34829,2026-05-16,Red clay,72,330452,106153,0,2,away,,,0,6,0,0,15,29,6,25,,,,,21,54,0,5,1,1,False,1,6,1,6,,,,,,
16141236,18568,2026-05-16,Red clay,871,247791,255445,2,0,home,,,7,4,5,7,51,59,42,33,,,,,93,92,3,3,0,3,False,7,6,7,6,,,,,,
16141231,18568,2026-05-16,Red clay,871,35424,247791,1,0,away,,,5,4,0,0,30,29,25,19,,,,,55,48,3,1,5,0,False,6,3,3,3,,,,,,
16098986,2488,2026-05-17,Red clay,3,206570,119248,2,0,home,,,2,3,0,2,39,37,27,16,,,,,66,53,2,1,1,2,False,6,4,6,4,,,,,,
16190543,2405,2026-05-17,Red clay,3,138546,334293,2,0,home,,,0,0,1,0,34,21,28,17,,,,,62,38,3,1,1,3,False,6,1,6,3,,,,,,
16190546,2405,2026-05-17,Red clay,3,47975,403869,,,,,,,,,,,,,,,,,,,,,,,,False,,,,,,,,,,
16190545,2405,2026-05-17,Red clay,3,157456,175014,2,0,home,,,0,3,1,1,59,38,17,33,,,,,76,71,1,0,11,1,False,6,4,6,4,,,,,,
16190544,2405,2026-05-17,Red clay,3,221012,201239,1,2,away,,,2,1,3,5,47,53,36,39,,,,,83,92,4,6,5,6,False,6,3,4,6,3,6,,,,
16190552,2405,2026-05-17,Red clay,3,108709,196122,1,2,away,,,5,4,2,1,51,47,32,40,,,,,83,87,3,2,8,4,False,6,1,2,6,3,6,,,,
16190542,2405,2026-05-17,Red clay,3,273679,169496,0,2,away,,,2,3,2,1,43,48,14,22,,,,,57,70,0,2,1,1,False,2,6,6,7,,,,,,
16196444,2405,2026-05-17,Red clay,3,47975,420304,2,1,home,,,7,5,3,3,66,66,37,25,,,,,103,91,4,1,3,2,False,6,3,6,7,6,4,,,,
16187306,2531,2026-05-17,Red clay,3,221806,406728,0,2,away,,,1,8,1,0,39,39,21,29,,,,,60,68,1,3,4,2,False,5,7,3,6,,,,,,
16187307,2531,2026-05-17,Red clay,3,102151,14548,,,,,,,,,,,,,,,,,,,,,,,,False,,,,,,,,,,
16187304,2531,2026-05-17,Red clay,3,63606,221515,2,0,home,,,7,6,3,2,39,29,23,12,,,,,62,41,0,0,1,4,False,6,4,6,1,,,,,,
16196164,2531,2026-05-17,Red clay,3,255449,255420,1,2,away,,,2,6,0,2,54,48,28,32,,,,,82,80,2,3,4,1,False,6,2,3,6,4,6,,,,
16187305,2531,2026-05-17,Red clay,3,122366,289146,2,0,home,,,5,6,1,1,58,52,27,22,,,,,85,74,0,0,3,3,False,6,4,7,6,,,,,,
16196099,2480,2026-05-17,Red clay,3,93597,113905,2,0,home,,,4,0,0,1,40,34,26,15,,,,,66,49,10,7,-7,-3,True,6,2,7,5,,,,,,
16195949,2480,2026-05-17,Red clay,3,339606,385285,0,2,away,,,2,4,0,1,25,40,28,27,,,,,53,67,5,8,-1,0,True,4,6,2,6,,,,,,
16195950,2480,2026-05-17,Red clay,3,107357,157808,0,2,away,,,5,3,1,1,31,39,14,22,,,,,45,61,5,8,0,1,True,3,6,3,6,,,,,,
16196103,2480,2026-05-17,Red clay,3,342909,223513,1,2,away,,,4,4,3,0,45,57,33,41,,,,,78,98,11,13,-6,-2,True,4,6,7,6,2,6,,,,
16196104,2480,2026-05-17,Red clay,3,244420,163438,2,0,home,,,5,2,3,0,49,40,29,32,,,,,78,72,9,9,-5,-6,True,7,6,7,6,,,,,,
16196102,2480,2026-05-17,Red clay,3,113979,36300,1,2,away,,,3,5,0,5,61,63,45,49,,,,,106,112,11,13,-5,-2,True,3,6,7,6,5,7,,,,
16195965,2480,2026-05-17,Red clay,3,229218,207089,0,2,away,,,9,5,4,3,41,43,18,29,,,,,59,72,7,9,-3,-3,True,6,7,2,6,,,,,,
16196078,2480,2026-05-17,Red clay,3,169486,462179,0,2,away,,,0,1,0,0,42,40,25,41,,,,,67,81,7,9,2,-3,True,6,7,3,6,,,,,,
16196101,2480,2026-05-17,Red clay,3,216154,302567,1,2,away,,,3,5,4,4,50,65,52,38,,,,,102,103,10,10,-2,5,True,6,2,4,6,5,7,,,,
16195947,2480,2026-05-17,Red clay,3,16375,503985,0,2,away,,,1,1,2,0,38,45,21,21,,,,,59,66,7,9,-2,0,True,4,6,4,6,,,,,,
16195960,2480,2026-05-17,Red clay,3,264372,58221,2,1,home,,,5,4,2,2,57,61,54,37,,,,,111,98,14,13,-9,0,True,7,6,4,6,6,4,,,,
16195956,2480,2026-05-17,Red clay,3,145108,298795,2,1,home,,,7,0,3,2,44,38,36,26,,,,,80,64,10,7,-2,1,True,2,6,6,3,6,0,,,,
16196046,2480,2026-05-17,Red clay,3,197809,233126,2,0,home,,,0,0,1,0,35,30,30,14,,,,,65,44,8,4,-3,1,True,6,2,6,2,,,,,,
16196100,2480,2026-05-17,Red clay,3,277179,44549,0,2,away,,,3,4,3,1,37,46,29,38,,,,,66,84,7,10,-2,1,True,6,7,2,6,,,,,,
16195948,2480,2026-05-17,Red clay,3,25838,207034,2,0,home,,,1,2,0,4,35,23,23,18,,,,,58,41,5,1,4,3,True,6,3,6,1,,,,,,
16195951,2480,2026-05-17,Red clay,3,340742,210033,0,2,away,,,3,2,3,2,35,33,23,35,,,,,58,68,1,4,5,3,True,2,6,4,6,,,,,,
16196080,2480,2026-05-17,Red clay,3,260122,355526,2,1,home,,,0,2,5,2,65,55,38,35,,,,,103,90,14,10,-4,-3,True,6,7,6,3,6,2,,,,
16196083,2480,2026-05-17,Red clay,3,51345,321791,0,2,away,,,8,4,6,0,43,43,25,44,,,,,68,87,7,10,0,-5,True,6,7,2,6,,,,,,
16196079,2480,2026-05-17,Red clay,3,66484,146040,1,2,away,,,3,7,2,4,45,70,38,33,,,,,83,103,11,14,-10,0,True,3,6,7,6,3,6,,,,
16191066,2591,2026-05-17,Red clay,6,112957,250279,0,2,away,,,1,3,6,2,32,42,25,31,,,,,57,73,1,5,2,7,False,1,6,5,7,,,,,,
16196188,2591,2026-05-17,Red clay,6,132370,128584,2,0,home,,,4,1,3,4,53,30,34,40,,,,,87,70,5,3,9,2,False,7,5,6,3,,,,,,
16196189,2591,2026-05-17,Red clay,6,71250,308088,2,0,home,,,3,2,1,7,48,37,32,20,,,,,80,57,3,2,2,3,False,7,6,6,3,,,,,,
16196190,2591,2026-05-17,Red clay,6,233214,72758,0,2,away,,,0,0,5,1,22,27,14,34,,,,,36,61,1,6,6,0,False,1,6,1,6,,,,,,
16196191,2591,2026-05-17,Red clay,6,327924,250859,1,2,away,,,0,2,3,7,61,57,51,57,,,,,112,114,6,7,16,3,False,6,3,5,7,3,6,,,,
16191397,2682,2026-05-17,Red clay,6,383994,218347,0,2,away,,,4,0,3,1,34,36,14,25,,,,,48,61,0,3,5,0,False,4,6,2,6,,,,,,
16191389,2682,2026-05-17,Red clay,6,90814,113079,2,0,home,,,1,2,4,7,45,44,46,39,,,,,91,83,5,4,3,9,False,6,4,7,6,,,,,,
16191394,2682,2026-05-17,Red clay,6,215166,90664,0,2,away,,,1,0,4,4,37,36,23,33,,,,,60,69,2,4,9,3,False,3,6,4,6,,,,,,
16196530,2682,2026-05-17,Red clay,6,381052,18298,2,0,home,,,3,0,4,3,35,32,30,17,,,,,65,49,4,1,3,2,False,6,2,6,4,,,,,,
16191390,2682,2026-05-17,Red clay,6,221410,253356,2,0,home,,,3,1,4,1,43,29,25,27,,,,,68,56,4,1,4,1,False,6,2,6,4,,,,,,
16196531,2682,2026-05-17,Red clay,6,65656,52229,2,0,home,,,0,0,0,9,31,20,34,24,,,,,65,44,7,3,4,0,False,6,2,6,3,,,,,,
16191391,2682,2026-05-17,Red clay,6,19957,150574,0,0,away,,,0,1,1,0,5,6,1,3,,,,,6,9,0,0,,,False,1,1,,,,,,,,
16196003,2577,2026-05-17,Red clay,6,456388,334273,0,2,away,,,0,8,5,2,31,36,16,29,,,,,47,65,5,8,-1,-4,True,2,6,3,6,,,,,,
16196002,2577,2026-05-17,Red clay,6,82307,230384,2,1,home,,,4,2,6,5,66,51,35,32,,,,,101,83,13,8,-2,-2,True,6,2,6,7,6,1,,,,
16196027,2577,2026-05-17,Red clay,6,322099,45139,1,2,away,,,2,0,1,0,50,48,43,50,,,,,93,98,7,7,9,5,True,6,1,3,6,3,6,,,,
16196023,2577,2026-05-17,Red clay,6,197535,339455,2,0,home,,,0,0,2,2,33,27,35,26,,,,,68,53,6,4,2,6,True,7,5,6,3,,,,,,
16196000,2577,2026-05-17,Red clay,6,215329,230984,0,2,away,,,0,0,0,1,11,27,11,24,,,,,22,51,1,7,-1,-1,True,1,6,0,6,,,,,,
16196026,2577,2026-05-17,Red clay,6,155556,153652,0,2,away,,,2,2,4,3,38,46,22,35,,,,,60,81,5,9,8,1,True,5,7,0,6,,,,,,
16196024,2577,2026-05-17,Red clay,6,339457,41287,2,0,home,,,2,1,1,5,25,18,32,12,,,,,57,30,6,1,0,6,True,6,0,6,2,,,,,,
16196004,2577,2026-05-17,Red clay,6,339456,383652,1,2,away,,,1,3,3,8,50,59,42,50,,,,,92,109,10,12,-5,-5,True,7,6,2,6,4,6,,,,
16195994,2577,2026-05-17,Red clay,6,367818,221362,1,2,away,,,1,1,8,7,58,68,64,61,,,,,122,129,9,9,7,16,True,4,6,6,4,6,7,,,,
16196018,2577,2026-05-17,Red clay,6,48486,110299,1,2,away,,,0,3,1,5,44,42,39,35,,,,,83,77,8,7,1,4,True,6,0,4,6,4,6,,,,
16195992,2577,2026-05-17,Red clay,6,67743,199509,0,2,away,,,1,4,16,6,33,34,19,35,,,,,52,69,5,7,0,-1,True,4,6,3,6,,,,,,
16195955,2577,2026-05-17,Red clay,6,211014,135192,2,0,home,,,1,0,2,4,34,21,27,14,,,,,61,35,7,2,0,3,True,6,0,6,3,,,,,,
16195993,2577,2026-05-17,Red clay,6,449211,35838,1,2,away,,,2,1,5,7,36,36,44,49,,,,,80,85,6,6,9,6,True,6,2,3,6,4,6,,,,
16196022,2577,2026-05-17,Red clay,6,246159,374578,2,1,home,,,2,3,3,2,53,61,51,44,,,,,104,105,9,8,6,11,True,7,5,3,6,6,2,,,,
16195989,2577,2026-05-17,Red clay,6,106341,153860,1,2,away,,,4,0,7,7,31,50,38,31,,,,,69,81,5,8,3,7,True,6,2,0,6,2,6,,,,
16195991,2577,2026-05-17,Red clay,6,88310,63682,2,1,home,,,0,0,0,3,50,52,45,42,,,,,95,94,6,6,3,7,True,6,4,3,6,6,4,,,,
16195985,2577,2026-05-17,Red clay,6,59662,236833,0,2,away,,,0,0,3,1,30,35,31,41,,,,,61,76,2,5,10,8,True,4,6,1,6,,,,,,
16195986,2577,2026-05-17,Red clay,6,190996,53789,1,2,away,,,2,3,3,6,52,59,48,55,,,,,100,114,8,10,2,3,True,7,5,4,6,2,6,,,,
16195983,2577,2026-05-17,Red clay,6,303360,276767,0,2,away,,,0,1,3,2,16,30,13,27,,,,,29,57,2,6,4,1,True,1,6,3,6,,,,,,
16196020,2577,2026-05-17,Red clay,6,42839,50655,1,2,away,,,7,3,9,3,60,45,31,56,,,,,91,101,10,11,4,-6,True,5,7,6,2,2,6,,,,
16195954,2577,2026-05-17,Red clay,6,23158,260726,2,0,home,,,3,2,1,3,35,41,43,19,,,,,78,60,6,2,4,12,True,6,3,6,2,,,,,,
16196021,2577,2026-05-17,Red clay,6,288576,378686,2,0,home,,,0,0,4,1,51,55,41,28,,,,,92,83,9,8,-1,5,True,7,5,7,6,,,,,,
16134986,19671,2026-05-17,Red clay,72,198592,326949,2,1,home,,,3,1,0,4,45,42,39,29,,,,,84,71,5,2,1,4,False,6,2,3,6,6,2,,,,
16191808,4047,2026-05-17,Red clay,72,321862,57155,1,2,away,,,0,2,5,6,56,51,35,44,,,,,91,95,2,4,5,3,False,6,2,5,7,3,6,,,,
16191697,4047,2026-05-17,Red clay,72,377355,65606,0,2,away,,,1,1,3,2,26,35,14,25,,,,,40,60,1,3,2,2,False,3,6,2,6,,,,,,
16191698,4047,2026-05-17,Red clay,72,257091,326246,2,0,home,,,0,1,0,2,36,33,38,28,,,,,74,61,2,0,6,8,False,6,3,6,4,,,,,,
16134899,3418,2026-05-17,Red clay,72,248861,355525,2,1,home,,,4,2,1,3,71,58,37,38,,,,,108,96,2,2,2,4,False,5,7,6,1,7,6,,,,
16191974,34829,2026-05-17,Red clay,72,228670,185434,2,0,home,,,5,4,2,1,51,36,29,33,,,,,80,69,3,2,5,3,False,6,4,7,5,,,,,,
16191956,34829,2026-05-17,Red clay,72,199379,281447,0,2,away,,,0,0,0,4,37,45,30,38,,,,,67,83,0,2,10,5,False,1,6,6,7,,,,,,
16191798,4047,2026-05-17,Red clay,72,135778,376934,2,0,home,,,2,1,0,4,46,37,32,31,,,,,78,68,2,2,4,8,False,6,4,6,3,,,,,,
16191802,4047,2026-05-17,Red clay,72,60584,221339,0,2,away,,,1,4,3,1,11,27,12,28,,,,,23,55,0,5,3,1,False,0,6,2,6,,,,,,
16191805,4047,2026-05-17,Red clay,72,208160,420998,1,2,away,,,5,2,3,2,65,74,33,33,,,,,98,107,1,3,6,6,False,3,6,7,6,3,6,,,,
16195754,4047,2026-05-17,Red clay,72,205313,421229,2,0,home,,,6,1,4,2,41,32,25,18,,,,,66,50,2,1,1,2,False,6,3,6,4,,,,,,
16195715,4047,2026-05-17,Red clay,72,245110,1166331,2,0,home,,,2,1,3,2,44,20,27,33,,,,,71,53,4,1,10,2,False,6,2,6,1,,,,,,
16195458,4047,2026-05-17,Red clay,72,272506,465566,2,0,home,,,2,2,4,4,38,25,33,32,,,,,71,57,5,2,2,3,False,6,4,6,3,,,,,,
16196887,4047,2026-05-17,Red clay,72,451920,420998,2,0,home,,,0,0,0,4,27,33,44,24,,,,,71,57,5,1,6,3,False,6,3,6,2,,,,,,
16196187,4047,2026-05-17,Red clay,72,48225,221339,1,2,away,,,6,3,2,2,43,51,39,41,,,,,82,92,4,7,4,7,False,6,4,1,6,5,7,,,,
16196331,4047,2026-05-17,Red clay,72,135778,154570,2,1,home,,,0,2,1,5,48,50,41,39,,,,,89,89,6,6,1,2,False,7,5,2,6,6,4,,,,
16194592,34833,2026-05-17,Hardcourt outdoor,72,381419,460273,0,2,away,,,1,6,3,3,27,36,19,29,,,,,46,65,1,4,5,2,False,3,6,2,6,,,,,,
16195003,34833,2026-05-17,Hardcourt outdoor,72,1224366,181384,2,0,home,,,7,3,2,3,62,52,27,32,,,,,89,84,1,0,5,6,False,7,6,6,4,,,,,,
16194742,34833,2026-05-17,Hardcourt outdoor,72,233657,307122,0,2,away,,,10,6,2,0,39,43,12,25,,,,,51,68,0,1,3,0,False,6,7,3,6,,,,,,
16195757,34833,2026-05-17,Hardcourt outdoor,72,459761,124934,1,2,away,,,10,14,5,1,61,69,26,32,,,,,87,101,0,1,1,4,False,7,5,1,6,6,7,,,,
16195758,34833,2026-05-17,Hardcourt outdoor,72,298618,1096044,2,0,home,,,10,6,3,3,44,33,29,27,,,,,73,60,2,0,7,4,False,6,4,6,2,,,,,,
16195759,34833,2026-05-17,Hardcourt outdoor,72,255373,339448,2,0,home,,,3,14,2,4,49,53,28,19,,,,,77,72,1,0,1,5,False,6,4,7,6,,,,,,
16191718,34829,2026-05-17,Red clay,72,325223,138712,0,2,away,,,3,10,6,2,40,49,34,34,,,,,74,83,2,2,6,3,False,4,6,5,7,,,,,,
16195391,34829,2026-05-17,Red clay,72,224038,369288,2,0,home,,,2,3,0,1,39,29,31,30,,,,,70,59,4,3,3,5,False,6,3,6,4,,,,,,
16195882,34829,2026-05-17,Red clay,72,332304,217835,0,2,away,,,0,1,2,1,23,32,16,28,,,,,39,60,1,3,4,0,False,1,6,3,6,,,,,,
16195881,34829,2026-05-17,Red clay,72,227447,308287,2,0,home,,,1,0,1,2,29,26,29,14,,,,,58,40,5,1,0,1,False,6,4,6,0,,,,,,
16196584,34829,2026-05-17,Red clay,72,138712,204255,2,1,home,,,13,2,2,0,64,68,49,38,,,,,113,106,5,1,7,4,False,6,7,6,4,6,4,,,,
16196138,34829,2026-05-17,Red clay,72,106153,226810,2,0,home,,,8,0,1,1,44,51,36,20,,,,,80,71,1,2,0,4,False,7,6,6,4,,,,,,
16196311,34829,2026-05-17,Red clay,72,217834,462062,2,1,home,,,5,0,1,2,68,62,32,29,,,,,100,91,2,2,0,3,False,5,7,7,6,6,1,,,,
